"text","intent","source","source_ref"
"How do I get admitted to the hospital?","admission_query","original","original_intent_dataset.csv:262"
"What is the admission process?","admission_query","original","original_intent_dataset.csv:263"
"What documents do I need for admission?","admission_query","original","original_intent_dataset.csv:264"
"My doctor said I need to be admitted","admission_query","original","original_intent_dataset.csv:265"
"Is a bed available for admission?","admission_query","original","original_intent_dataset.csv:266"
"Can I get admitted today?","admission_query","original","original_intent_dataset.csv:268"
"What should I bring when I get admitted?","admission_query","original","original_intent_dataset.csv:269"
"How do I admit my father?","admission_query","original","original_intent_dataset.csv:270"
"Where is the admission desk?","admission_query","original","original_intent_dataset.csv:271"
"Can I choose my room type during admission?","admission_query","original","original_intent_dataset.csv:272"
"Do I need a referral to be admitted?","admission_query","original","original_intent_dataset.csv:273"
"How long does the admission process take?","admission_query","original","original_intent_dataset.csv:274"
"Can I pre-register for admission?","admission_query","original","original_intent_dataset.csv:275"
"What time should I arrive for admission?","admission_query","original","original_intent_dataset.csv:276"
"Is planned admission possible for surgery next week?","admission_query","original","original_intent_dataset.csv:277"
"Can a relative complete the admission formalities?","admission_query","original","original_intent_dataset.csv:278"
"What are the admission rules?","admission_query","original","original_intent_dataset.csv:279"
"Is insurance verification done at admission?","admission_query","original","original_intent_dataset.csv:280"
"I need to admit my mother for surgery","admission_query","original","original_intent_dataset.csv:281"
"How do I get my mother admitted for her surgery next week?","admission_query","expansion","expansion/admission_query.txt:3"
"What is the procedure to admit a patient?","admission_query","expansion","expansion/admission_query.txt:4"
"What documents should we carry for hospital admission?","admission_query","expansion","expansion/admission_query.txt:5"
"Do I need my ID card for admission?","admission_query","expansion","expansion/admission_query.txt:6"
"Is an Aadhaar card required for admission?","admission_query","expansion","expansion/admission_query.txt:7"
"My doctor has advised admission, what's the next step?","admission_query","expansion","expansion/admission_query.txt:8"
"The doctor wants me admitted tonight, where do I go?","admission_query","expansion","expansion/admission_query.txt:9"
"Is there a bed available in the general ward?","admission_query","expansion","expansion/admission_query.txt:10"
"Are any private rooms available for admission today?","admission_query","expansion","expansion/admission_query.txt:11"
"Is an ICU bed available right now?","admission_query","expansion","expansion/admission_query.txt:12"
"How do I book a bed in advance?","admission_query","expansion","expansion/admission_query.txt:13"
"Can I reserve a room for a planned admission?","admission_query","expansion","expansion/admission_query.txt:14"
"Can I get admitted directly without going through emergency?","admission_query","expansion","expansion/admission_query.txt:15"
"How do I admit someone from the emergency department to a ward?","admission_query","expansion","expansion/admission_query.txt:16"
"Who decides which ward I'll be admitted to?","admission_query","expansion","expansion/admission_query.txt:17"
"Can I request a specific room type when I'm admitted?","admission_query","expansion","expansion/admission_query.txt:18"
"Can I upgrade my room after admission?","admission_query","expansion","expansion/admission_query.txt:19"
"Can I change from a shared room to a private room after getting admitted?","admission_query","expansion","expansion/admission_query.txt:20"
"What should I pack for my hospital stay?","admission_query","expansion","expansion/admission_query.txt:21"
"What personal items can I bring when I'm admitted?","admission_query","expansion","expansion/admission_query.txt:22"
"Can I bring my own medicines when I get admitted?","admission_query","expansion","expansion/admission_query.txt:23"
"Should I come fasting on the day of admission?","admission_query","expansion","expansion/admission_query.txt:24"
"What time is check-in for a planned admission?","admission_query","expansion","expansion/admission_query.txt:25"
"How early should I arrive on admission day?","admission_query","expansion","expansion/admission_query.txt:26"
"Is there an admission counter near the main entrance?","admission_query","expansion","expansion/admission_query.txt:27"
"Who do I meet at the admission desk?","admission_query","expansion","expansion/admission_query.txt:28"
"Can I complete the admission forms online?","admission_query","expansion","expansion/admission_query.txt:29"
"Can I fill the admission paperwork before arriving?","admission_query","expansion","expansion/admission_query.txt:30"
"Do you need a doctor's admission note?","admission_query","expansion","expansion/admission_query.txt:31"
"Can I be admitted without a referral letter?","admission_query","expansion","expansion/admission_query.txt:32"
"Can a foreigner be admitted here?","admission_query","expansion","expansion/admission_query.txt:33"
"What do international patients need for admission?","admission_query","expansion","expansion/admission_query.txt:34"
"Can I get admitted under a specific doctor?","admission_query","expansion","expansion/admission_query.txt:35"
"How do I admit my child to the paediatric ward?","admission_query","expansion","expansion/admission_query.txt:36"
"How do I admit my wife for delivery?","admission_query","expansion","expansion/admission_query.txt:37"
"When should a pregnant woman come for admission?","admission_query","expansion","expansion/admission_query.txt:38"
"Is pre-admission testing required?","admission_query","expansion","expansion/admission_query.txt:39"
"Do I need tests done before admission?","admission_query","expansion","expansion/admission_query.txt:40"
"What happens on the day of admission?","admission_query","expansion","expansion/admission_query.txt:41"
"How long does it take to get a bed after admission is advised?","admission_query","expansion","expansion/admission_query.txt:42"
"What if there's no bed available?","admission_query","expansion","expansion/admission_query.txt:43"
"Can I be put on a waiting list for admission?","admission_query","expansion","expansion/admission_query.txt:44"
"Is day-care admission available for minor procedures?","admission_query","expansion","expansion/admission_query.txt:45"
"Can I be admitted for just one night?","admission_query","expansion","expansion/admission_query.txt:46"
"Is admission needed for chemotherapy?","admission_query","expansion","expansion/admission_query.txt:47"
"Do I need to be admitted for an endoscopy?","admission_query","expansion","expansion/admission_query.txt:48"
"Can a relative sign the consent forms at admission?","admission_query","expansion","expansion/admission_query.txt:49"
"Who has to sign the admission consent?","admission_query","expansion","expansion/admission_query.txt:50"
"Do you need a guardian present for admitting an elderly patient?","admission_query","expansion","expansion/admission_query.txt:51"
"Can I get admitted on a weekend?","admission_query","expansion","expansion/admission_query.txt:52"
"Is admission possible at night?","admission_query","expansion","expansion/admission_query.txt:53"
"admision process?","admission_query","expansion","expansion/admission_query.txt:54"
"how to admit patient","admission_query","expansion","expansion/admission_query.txt:55"
"need admission for my dad","admission_query","expansion","expansion/admission_query.txt:56"
"documents for admisson","admission_query","expansion","expansion/admission_query.txt:57"
"What forms are needed at the time of admission?","admission_query","expansion","expansion/admission_query.txt:58"
"Can I be admitted for observation?","admission_query","expansion","expansion/admission_query.txt:59"
"How do I transfer a patient from another hospital and admit them here?","admission_query","expansion","expansion/admission_query.txt:60"
"Can you arrange admission for a patient coming from another city?","admission_query","expansion","expansion/admission_query.txt:61"
"Can my father be admitted to the ICU directly?","admission_query","expansion","expansion/admission_query.txt:62"
"Do I need a COVID test before admission?","admission_query","expansion","expansion/admission_query.txt:63"
"What are the rules for attendants after admission?","admission_query","expansion","expansion/admission_query.txt:64"
"How many attendants are allowed after admitting a patient?","admission_query","expansion","expansion/admission_query.txt:65"
"Will I get an attendant pass on admission?","admission_query","expansion","expansion/admission_query.txt:66"
"Do you need my insurance card at admission?","admission_query","expansion","expansion/admission_query.txt:67"
"Will the admission be delayed if insurance approval is pending?","admission_query","expansion","expansion/admission_query.txt:68"
"Can I get admitted first and complete the insurance later?","admission_query","expansion","expansion/admission_query.txt:69"
"Can I be admitted for physiotherapy rehabilitation?","admission_query","expansion","expansion/admission_query.txt:70"
"Do you admit psychiatric patients?","admission_query","expansion","expansion/admission_query.txt:71"
"Can patients with infections be admitted?","admission_query","expansion","expansion/admission_query.txt:72"
"Is there an admission process for the de-addiction centre?","admission_query","expansion","expansion/admission_query.txt:73"
"Can my grandfather be admitted for palliative care?","admission_query","expansion","expansion/admission_query.txt:74"
"I was told to get admitted for IV antibiotics, how do I proceed?","admission_query","expansion","expansion/admission_query.txt:75"
"My surgery is scheduled, when do I need to get admitted?","admission_query","expansion","expansion/admission_query.txt:76"
"Do I get admitted the day before surgery or the same day?","admission_query","expansion","expansion/admission_query.txt:77"
"Can I get admitted in the morning and have surgery in the afternoon?","admission_query","expansion","expansion/admission_query.txt:78"
"What is the admission policy for children?","admission_query","expansion","expansion/admission_query.txt:79"
"Can I choose the hospital branch for my admission?","admission_query","expansion","expansion/admission_query.txt:80"
"What details will be asked during admission?","admission_query","expansion","expansion/admission_query.txt:81"
"Can I complete admission at the emergency desk?","admission_query","expansion","expansion/admission_query.txt:82"
"I want to know about inpatient admission","admission_query","expansion","expansion/admission_query.txt:83"
"I'd like to get admitted for a full medical evaluation","admission_query","expansion","expansion/admission_query.txt:84"
"Can a patient be admitted without an attendant?","admission_query","expansion","expansion/admission_query.txt:85"
"Is it possible to be admitted for elective surgery next Monday?","admission_query","expansion","expansion/admission_query.txt:86"
"How do I confirm my admission date?","admission_query","expansion","expansion/admission_query.txt:87"
"Can I postpone my planned admission?","admission_query","expansion","expansion/admission_query.txt:88"
"Who should I contact to arrange admission?","admission_query","expansion","expansion/admission_query.txt:89"
"Do I need an appointment with the doctor before admission?","admission_query","expansion","expansion/admission_query.txt:90"
"Can I be admitted under my company's tie-up?","admission_query","expansion","expansion/admission_query.txt:91"
"How long will I likely stay once admitted?","admission_query","expansion","expansion/admission_query.txt:92"
"Can I bring my laptop when I get admitted?","admission_query","expansion","expansion/admission_query.txt:93"
"Is there a separate admission counter for maternity?","admission_query","expansion","expansion/admission_query.txt:94"
"What is required to admit an unconscious patient?","admission_query","expansion","expansion/admission_query.txt:95"
"Hi, how do I get admitted?","admission_query","expansion","expansion/admission_query.txt:97"
"Not discharge, I want to know how admission works","admission_query","expansion","expansion/admission_query.txt:98"
"My mother needs to be admitted, what's the process?","admission_query","expansion","expansion/admission_query.txt:99"
"We're coming in for admission tomorrow, what should we bring?","admission_query","expansion","expansion/admission_query.txt:100"
"The doctor advised surgery and admission, how do I proceed?","admission_query","expansion","expansion/admission_query.txt:101"
"Can you tell me the admission requirements?","admission_query","expansion","expansion/admission_query.txt:102"
"Is there a bed available for my father to be admitted today?","admission_query","expansion","expansion/admission_query.txt:103"
"What happens when a patient is admitted from the emergency room?","admission_query","expansion","expansion/admission_query.txt:104"
"Do I need insurance details for admission?","admission_query","expansion","expansion/admission_query.txt:105"
"What is the process for a planned admission?","admission_query","expansion","expansion/admission_query.txt:106"
"I want to book an appointment","appointment_booking","original","original_intent_dataset.csv:2"
"Can I see a doctor tomorrow?","appointment_booking","original","original_intent_dataset.csv:3"
"I need to schedule a consultation","appointment_booking","original","original_intent_dataset.csv:4"
"Book me an appointment with the cardiology department","appointment_booking","original","original_intent_dataset.csv:5"
"How do I make an appointment?","appointment_booking","original","original_intent_dataset.csv:6"
"I would like to schedule a check-up","appointment_booking","original","original_intent_dataset.csv:7"
"Is there a slot available on Monday?","appointment_booking","original","original_intent_dataset.csv:8"
"Please book a visit for my mother","appointment_booking","original","original_intent_dataset.csv:9"
"Can you set up an appointment for next week?","appointment_booking","original","original_intent_dataset.csv:10"
"I want to fix an appointment with the dentist","appointment_booking","original","original_intent_dataset.csv:11"
"Can I get an appointment this afternoon?","appointment_booking","original","original_intent_dataset.csv:12"
"I need an appointment for my child","appointment_booking","original","original_intent_dataset.csv:13"
"Book a slot with the orthopedic doctor","appointment_booking","original","original_intent_dataset.csv:14"
"I'd like to arrange a hospital visit","appointment_booking","original","original_intent_dataset.csv:15"
"Are there any openings for a new patient?","appointment_booking","original","original_intent_dataset.csv:16"
"Schedule an appointment for me please","appointment_booking","original","original_intent_dataset.csv:17"
"I want to register for an OPD consultation","appointment_booking","original","original_intent_dataset.csv:18"
"Can I book online?","appointment_booking","original","original_intent_dataset.csv:19"
"I need a follow-up appointment booked","appointment_booking","original","original_intent_dataset.csv:20"
"Reserve a time with the ENT specialist","appointment_booking","original","original_intent_dataset.csv:21"
"I don't have an appointment yet. Can I book one?","appointment_booking","expansion","expansion/appointment_booking.txt:2"
"I've never been to your hospital before, how do I get an appointment?","appointment_booking","expansion","expansion/appointment_booking.txt:3"
"I'd like to schedule a consultation with a cardiologist next week","appointment_booking","expansion","expansion/appointment_booking.txt:4"
"Could you help me arrange a visit with the gastroenterology team?","appointment_booking","expansion","expansion/appointment_booking.txt:5"
"Is there a slot available with a cardiologist on Thursday?","appointment_booking","expansion","expansion/appointment_booking.txt:6"
"Can I book a same-day appointment?","appointment_booking","expansion","expansion/appointment_booking.txt:7"
"Please make me an appointment for a general check-up","appointment_booking","expansion","expansion/appointment_booking.txt:8"
"I need to see a GP, can you book that for me?","appointment_booking","expansion","expansion/appointment_booking.txt:9"
"I want to book a new appointment, not change an old one","appointment_booking","expansion","expansion/appointment_booking.txt:10"
"Do you have any free slots this Saturday morning?","appointment_booking","expansion","expansion/appointment_booking.txt:11"
"book appointment","appointment_booking","expansion","expansion/appointment_booking.txt:12"
"appt for tomorrow pls","appointment_booking","expansion","expansion/appointment_booking.txt:13"
"Can I get an appointment with Dr. Kapoor on Friday afternoon?","appointment_booking","expansion","expansion/appointment_booking.txt:14"
"Need to book a consultation for my wife with the gynaecology department","appointment_booking","expansion","expansion/appointment_booking.txt:15"
"I'd like to set up my first visit with the endocrinology clinic","appointment_booking","expansion","expansion/appointment_booking.txt:16"
"How soon can I get an appointment with a neurologist?","appointment_booking","expansion","expansion/appointment_booking.txt:17"
"What's the earliest available appointment with the skin doctor?","appointment_booking","expansion","expansion/appointment_booking.txt:18"
"I want to book a slot for a full body health check","appointment_booking","expansion","expansion/appointment_booking.txt:19"
"Can I schedule a pre-surgery consultation?","appointment_booking","expansion","expansion/appointment_booking.txt:20"
"I would like to request an appointment for my elderly father","appointment_booking","expansion","expansion/appointment_booking.txt:21"
"Kindly arrange an OPD appointment for me at the earliest","appointment_booking","expansion","expansion/appointment_booking.txt:22"
"Could I get a teleconsultation booked for this evening?","appointment_booking","expansion","expansion/appointment_booking.txt:23"
"I need a video consultation appointment","appointment_booking","expansion","expansion/appointment_booking.txt:24"
"Is it possible to book an appointment for next month already?","appointment_booking","expansion","expansion/appointment_booking.txt:25"
"I want to make a booking for a dental cleaning","appointment_booking","expansion","expansion/appointment_booking.txt:26"
"Please register me for a consultation with the orthopaedic surgeon","appointment_booking","expansion","expansion/appointment_booking.txt:27"
"I'd like an appointment for a second opinion","appointment_booking","expansion","expansion/appointment_booking.txt:28"
"Can you fit me in with any available doctor today?","appointment_booking","expansion","expansion/appointment_booking.txt:29"
"Book my daughter in for her vaccination appointment","appointment_booking","expansion","expansion/appointment_booking.txt:30"
"I want to book a slot for a blood test","appointment_booking","expansion","expansion/appointment_booking.txt:31"
"How do I schedule a mammogram?","appointment_booking","expansion","expansion/appointment_booking.txt:32"
"I need to arrange a physiotherapy session for my knee","appointment_booking","expansion","expansion/appointment_booking.txt:33"
"Can I book an eye test appointment?","appointment_booking","expansion","expansion/appointment_booking.txt:34"
"I'm a new patient and want to schedule my first consultation","appointment_booking","expansion","expansion/appointment_booking.txt:35"
"I need an appointment, my old one already happened last month","appointment_booking","expansion","expansion/appointment_booking.txt:36"
"Please put me down for an appointment on the 15th","appointment_booking","expansion","expansion/appointment_booking.txt:37"
"Can I reserve a consultation slot online through the app?","appointment_booking","expansion","expansion/appointment_booking.txt:38"
"Is walk-in allowed or do I need to book an appointment first?","appointment_booking","expansion","expansion/appointment_booking.txt:39"
"I want to schedule a follow up with the doctor who operated on me","appointment_booking","expansion","expansion/appointment_booking.txt:40"
"Can you get me in to see a pediatrician this week?","appointment_booking","expansion","expansion/appointment_booking.txt:41"
"I'd like to book a prenatal check-up","appointment_booking","expansion","expansion/appointment_booking.txt:42"
"Need an appt with ENT asap","appointment_booking","expansion","expansion/appointment_booking.txt:43"
"Plz book a doc appointment for me","appointment_booking","expansion","expansion/appointment_booking.txt:44"
"can i get an apointment with a cardiologist","appointment_booking","expansion","expansion/appointment_booking.txt:45"
"I want to book an appoinment for monday","appointment_booking","expansion","expansion/appointment_booking.txt:46"
"Could you book a slot with Dr. Fernandes for next Tuesday?","appointment_booking","expansion","expansion/appointment_booking.txt:47"
"I'd like to book an annual health screening package","appointment_booking","expansion","expansion/appointment_booking.txt:48"
"Can I book appointments for both my kids at the same time?","appointment_booking","expansion","expansion/appointment_booking.txt:49"
"I need to book a consultation before my surgery date","appointment_booking","expansion","expansion/appointment_booking.txt:50"
"I want to fix up a time with the dietitian","appointment_booking","expansion","expansion/appointment_booking.txt:51"
"I'd like to schedule an appointment with the psychologist","appointment_booking","expansion","expansion/appointment_booking.txt:52"
"Book a counselling session for me please","appointment_booking","expansion","expansion/appointment_booking.txt:53"
"Can I book a hearing test?","appointment_booking","expansion","expansion/appointment_booking.txt:54"
"I need an ultrasound appointment","appointment_booking","expansion","expansion/appointment_booking.txt:55"
"How do I book an appointment for a CT scan?","appointment_booking","expansion","expansion/appointment_booking.txt:56"
"I want to schedule a check-up for my grandmother","appointment_booking","expansion","expansion/appointment_booking.txt:57"
"Are any appointments open for late evening?","appointment_booking","expansion","expansion/appointment_booking.txt:58"
"I'd like to book the first available slot with any cardiologist","appointment_booking","expansion","expansion/appointment_booking.txt:59"
"My doctor told me to come back in two weeks, can I book that visit now?","appointment_booking","expansion","expansion/appointment_booking.txt:60"
"We would like to book a family consultation","appointment_booking","expansion","expansion/appointment_booking.txt:61"
"Can I make a reservation for a consultation?","appointment_booking","expansion","expansion/appointment_booking.txt:62"
"Can you schedule me with the same doctor I saw last year?","appointment_booking","expansion","expansion/appointment_booking.txt:63"
"I want a booking for an allergy test","appointment_booking","expansion","expansion/appointment_booking.txt:64"
"Please secure an appointment for me on Wednesday","appointment_booking","expansion","expansion/appointment_booking.txt:65"
"Is there availability for a consultation tomorrow morning?","appointment_booking","expansion","expansion/appointment_booking.txt:66"
"Can I book a home visit by a doctor?","appointment_booking","expansion","expansion/appointment_booking.txt:67"
"I need to book a slot for my child's growth check-up","appointment_booking","expansion","expansion/appointment_booking.txt:68"
"I want to register a new appointment for my husband","appointment_booking","expansion","expansion/appointment_booking.txt:69"
"How far in advance can I book an appointment?","appointment_booking","expansion","expansion/appointment_booking.txt:70"
"I want to book an appointment with a urologist","appointment_booking","expansion","expansion/appointment_booking.txt:71"
"Can I book a slot without creating an account?","appointment_booking","expansion","expansion/appointment_booking.txt:72"
"I would like to schedule a diabetic foot check","appointment_booking","expansion","expansion/appointment_booking.txt:73"
"I don't have any booking yet, I just want to see a doctor","appointment_booking","expansion","expansion/appointment_booking.txt:74"
"Is there a waitlist I can join for an appointment with Dr. Nair?","appointment_booking","expansion","expansion/appointment_booking.txt:75"
"I need an appointment for a medical fitness certificate","appointment_booking","expansion","expansion/appointment_booking.txt:76"
"I'd like to book a pre-employment medical check","appointment_booking","expansion","expansion/appointment_booking.txt:77"
"Can I get a consultation slot during my lunch break?","appointment_booking","expansion","expansion/appointment_booking.txt:78"
"Can you arrange a joint appointment with both the surgeon and anaesthetist?","appointment_booking","expansion","expansion/appointment_booking.txt:79"
"Could you put me on the schedule for a hernia consultation?","appointment_booking","expansion","expansion/appointment_booking.txt:80"
"I need a gynae appointment for next week","appointment_booking","expansion","expansion/appointment_booking.txt:81"
"I want to schedule an appointment for a sports injury","appointment_booking","expansion","expansion/appointment_booking.txt:82"
"I would like to see the doctor about my migraines, can you set up a time?","appointment_booking","expansion","expansion/appointment_booking.txt:83"
"Can I book an appointment over the phone?","appointment_booking","expansion","expansion/appointment_booking.txt:84"
"I'm traveling from another city, can I book my appointment in advance?","appointment_booking","expansion","expansion/appointment_booking.txt:85"
"Please book me in for a vaccination","appointment_booking","expansion","expansion/appointment_booking.txt:86"
"I want to start physio, how do I book my first session?","appointment_booking","expansion","expansion/appointment_booking.txt:87"
"My GP referred me, I need to book an appointment with oncology","appointment_booking","expansion","expansion/appointment_booking.txt:88"
"Book me with a female doctor if possible","appointment_booking","expansion","expansion/appointment_booking.txt:89"
"Can I book an appointment for an online consultation with a psychiatrist?","appointment_booking","expansion","expansion/appointment_booking.txt:90"
"I want an appointment slot after 6 pm","appointment_booking","expansion","expansion/appointment_booking.txt:91"
"Can I get a token number for today's OPD?","appointment_booking","expansion","expansion/appointment_booking.txt:92"
"I'd like to arrange a consultation with the cardiac surgeon","appointment_booking","expansion","expansion/appointment_booking.txt:93"
"Need to schedule a check-up before I travel abroad","appointment_booking","expansion","expansion/appointment_booking.txt:94"
"Can my wife and I book back-to-back appointments?","appointment_booking","expansion","expansion/appointment_booking.txt:95"
"I want to book an appointment, how much notice do you need?","appointment_booking","expansion","expansion/appointment_booking.txt:96"
"I'd like a slot for a pap smear","appointment_booking","expansion","expansion/appointment_booking.txt:97"
"Can you make an appointment for my mother with the rheumatologist?","appointment_booking","expansion","expansion/appointment_booking.txt:98"
"I'm hoping to get an appointment this weekend","appointment_booking","expansion","expansion/appointment_booking.txt:99"
"Could you check if Dr. Banerjee has an opening and book it?","appointment_booking","expansion","expansion/appointment_booking.txt:100"
"I wish to schedule a consultation regarding my sleep problems","appointment_booking","expansion","expansion/appointment_booking.txt:101"
"I'd like to book a new patient visit with the lung specialist","appointment_booking","expansion","expansion/appointment_booking.txt:102"
"Help me book an appointment","appointment_booking","expansion","expansion/appointment_booking.txt:103"
"Where can I book a consultation?","appointment_booking","expansion","expansion/appointment_booking.txt:104"
"Can you schedule a dental appointment for my son after school?","appointment_booking","expansion","expansion/appointment_booking.txt:105"
"Hi, I'd like to book an appointment with a cardiologist","appointment_booking","expansion","expansion/appointment_booking.txt:107"
"Hello, can I make a new booking for Friday?","appointment_booking","expansion","expansion/appointment_booking.txt:108"
"My last appointment is over, now I need a fresh one for next month","appointment_booking","expansion","expansion/appointment_booking.txt:109"
"I cancelled my earlier appointment, but now I'd like to book a new one","appointment_booking","expansion","expansion/appointment_booking.txt:110"
"I want an additional appointment, keep my existing one as it is","appointment_booking","expansion","expansion/appointment_booking.txt:111"
"Thanks for the info, now can you book me a slot for tomorrow?","appointment_booking","expansion","expansion/appointment_booking.txt:112"
"Could you book me an appointment with the heart specialist on Monday?","appointment_booking","expansion","expansion/appointment_booking.txt:113"
"I know which doctor I want, I just need you to book the slot","appointment_booking","expansion","expansion/appointment_booking.txt:114"
"Please schedule an appointment at the neurology OPD for my father","appointment_booking","expansion","expansion/appointment_booking.txt:115"
"I'd like to fix a time to meet the orthopaedic doctor this week","appointment_booking","expansion","expansion/appointment_booking.txt:116"
"Can I book an appointment for tomorrow morning?","appointment_booking","expansion","expansion/appointment_booking.txt:117"
"I want to cancel my appointment","appointment_cancellation","original","original_intent_dataset.csv:22"
"Please cancel my booking for tomorrow","appointment_cancellation","original","original_intent_dataset.csv:23"
"I can't make it to my appointment, cancel it","appointment_cancellation","original","original_intent_dataset.csv:24"
"Cancel my consultation with Dr. Sharma","appointment_cancellation","original","original_intent_dataset.csv:25"
"How do I cancel an appointment?","appointment_cancellation","original","original_intent_dataset.csv:26"
"I no longer need my appointment","appointment_cancellation","original","original_intent_dataset.csv:27"
"Remove my appointment from the schedule","appointment_cancellation","original","original_intent_dataset.csv:28"
"I'd like to call off my visit on Friday","appointment_cancellation","original","original_intent_dataset.csv:29"
"Can you cancel my lab test appointment?","appointment_cancellation","original","original_intent_dataset.csv:30"
"Please drop my appointment","appointment_cancellation","original","original_intent_dataset.csv:31"
"I need to cancel the check-up I booked","appointment_cancellation","original","original_intent_dataset.csv:32"
"Cancel all my upcoming appointments","appointment_cancellation","original","original_intent_dataset.csv:33"
"Is there a fee for cancelling an appointment?","appointment_cancellation","original","original_intent_dataset.csv:34"
"I want to withdraw my appointment request","appointment_cancellation","original","original_intent_dataset.csv:35"
"My son is better now so please cancel his appointment","appointment_cancellation","original","original_intent_dataset.csv:36"
"Delete my booking","appointment_cancellation","original","original_intent_dataset.csv:37"
"I won't be coming, please cancel","appointment_cancellation","original","original_intent_dataset.csv:38"
"Cancel the scan I scheduled for next week","appointment_cancellation","original","original_intent_dataset.csv:39"
"Can I cancel online?","appointment_cancellation","original","original_intent_dataset.csv:40"
"Cancel my physiotherapy session","appointment_cancellation","original","original_intent_dataset.csv:41"
"I already have an appointment and want to cancel it","appointment_cancellation","expansion","expansion/appointment_cancellation.txt:2"
"I booked an appointment but I don't need it anymore","appointment_cancellation","expansion","expansion/appointment_cancellation.txt:3"
"Please cancel the appointment I made for Monday","appointment_cancellation","expansion","expansion/appointment_cancellation.txt:4"
"I won't need the consultation after all, can you cancel?","appointment_cancellation","expansion","expansion/appointment_cancellation.txt:5"
"I need to cancel, not reschedule, my appointment","appointment_cancellation","expansion","expansion/appointment_cancellation.txt:6"
"Please call off tomorrow's visit, I'm feeling better","appointment_cancellation","expansion","expansion/appointment_cancellation.txt:7"
"I'd like to cancel my upcoming consultation","appointment_cancellation","expansion","expansion/appointment_cancellation.txt:8"
"cancel appt","appointment_cancellation","expansion","expansion/appointment_cancellation.txt:9"
"pls cancel my appointment for tmrw","appointment_cancellation","expansion","expansion/appointment_cancellation.txt:10"
"I want to cancle my appointment","appointment_cancellation","expansion","expansion/appointment_cancellation.txt:11"
"Cancel my booking with the dermatologist","appointment_cancellation","expansion","expansion/appointment_cancellation.txt:12"
"Could you cancel my son's vaccination appointment?","appointment_cancellation","expansion","expansion/appointment_cancellation.txt:13"
"I've decided not to go ahead with the consultation, please cancel it","appointment_cancellation","expansion","expansion/appointment_cancellation.txt:14"
"Can I cancel my appointment without being charged?","appointment_cancellation","expansion","expansion/appointment_cancellation.txt:15"
"What is your cancellation policy?","appointment_cancellation","expansion","expansion/appointment_cancellation.txt:16"
"Will I get a refund if I cancel my appointment?","appointment_cancellation","expansion","expansion/appointment_cancellation.txt:17"
"How late can I cancel an appointment?","appointment_cancellation","expansion","expansion/appointment_cancellation.txt:18"
"I found another hospital, so please cancel my appointment here","appointment_cancellation","expansion","expansion/appointment_cancellation.txt:19"
"Please cancel my mother's appointment, she has been admitted elsewhere","appointment_cancellation","expansion","expansion/appointment_cancellation.txt:20"
"I'm going out of town and won't be able to come, so cancel the visit entirely","appointment_cancellation","expansion","expansion/appointment_cancellation.txt:21"
"I want to cancel my MRI booking","appointment_cancellation","expansion","expansion/appointment_cancellation.txt:22"
"Please cancel my dental appointment and don't rebook it","appointment_cancellation","expansion","expansion/appointment_cancellation.txt:23"
"Cancel the teleconsultation I booked for tonight","appointment_cancellation","expansion","expansion/appointment_cancellation.txt:24"
"I need to cancel all appointments under my name","appointment_cancellation","expansion","expansion/appointment_cancellation.txt:25"
"Kindly cancel the appointment booked under my husband's name","appointment_cancellation","expansion","expansion/appointment_cancellation.txt:26"
"I booked by mistake, please cancel it","appointment_cancellation","expansion","expansion/appointment_cancellation.txt:27"
"I accidentally booked two slots, cancel one of them","appointment_cancellation","expansion","expansion/appointment_cancellation.txt:28"
"Remove the duplicate appointment I made","appointment_cancellation","expansion","expansion/appointment_cancellation.txt:29"
"I don't want to see the doctor anymore, cancel it","appointment_cancellation","expansion","expansion/appointment_cancellation.txt:30"
"I'd like to withdraw from tomorrow's appointment","appointment_cancellation","expansion","expansion/appointment_cancellation.txt:31"
"Can you cancel my follow-up? My doctor said it's not needed","appointment_cancellation","expansion","expansion/appointment_cancellation.txt:32"
"I want to cancel my surgery consultation","appointment_cancellation","expansion","expansion/appointment_cancellation.txt:33"
"Cancel my blood test booking for Friday","appointment_cancellation","expansion","expansion/appointment_cancellation.txt:34"
"Please cancel my physio sessions for the rest of the month","appointment_cancellation","expansion","expansion/appointment_cancellation.txt:35"
"Is it possible to cancel my appointment through the app?","appointment_cancellation","expansion","expansion/appointment_cancellation.txt:36"
"How do I cancel a booking I made online?","appointment_cancellation","expansion","expansion/appointment_cancellation.txt:37"
"I need to cancel my appointment because I have tested positive for flu","appointment_cancellation","expansion","expansion/appointment_cancellation.txt:38"
"My father passed away, please cancel his appointments","appointment_cancellation","expansion","expansion/appointment_cancellation.txt:39"
"Please cancel my appointment with Dr. Sharma on the 12th","appointment_cancellation","expansion","expansion/appointment_cancellation.txt:40"
"I'm not coming in today, cancel my slot","appointment_cancellation","expansion","expansion/appointment_cancellation.txt:41"
"Can I get my booking fee back if I cancel?","appointment_cancellation","expansion","expansion/appointment_cancellation.txt:42"
"I paid for the appointment in advance, how do I cancel and get a refund?","appointment_cancellation","expansion","expansion/appointment_cancellation.txt:43"
"Please cancel my health check package booking","appointment_cancellation","expansion","expansion/appointment_cancellation.txt:44"
"Cancel my eye test appointment","appointment_cancellation","expansion","expansion/appointment_cancellation.txt:45"
"I'd like to cancel the appointment, I'll book again later if needed","appointment_cancellation","expansion","expansion/appointment_cancellation.txt:46"
"I no longer want the consultation that's scheduled for next week","appointment_cancellation","expansion","expansion/appointment_cancellation.txt:47"
"Please don't keep my appointment, I'm cancelling it","appointment_cancellation","expansion","expansion/appointment_cancellation.txt:48"
"Can you confirm my appointment has been cancelled?","appointment_cancellation","expansion","expansion/appointment_cancellation.txt:49"
"Did my cancellation go through?","appointment_cancellation","expansion","expansion/appointment_cancellation.txt:50"
"I tried to cancel online but it didn't work","appointment_cancellation","expansion","expansion/appointment_cancellation.txt:51"
"I want to cancel my telemedicine appointment","appointment_cancellation","expansion","expansion/appointment_cancellation.txt:52"
"Cancel my booking, the issue has resolved on its own","appointment_cancellation","expansion","expansion/appointment_cancellation.txt:53"
"I'd like to cancel the counselling session I booked","appointment_cancellation","expansion","expansion/appointment_cancellation.txt:54"
"Please cancel my ultrasound","appointment_cancellation","expansion","expansion/appointment_cancellation.txt:55"
"Could you cancel my child's appointment with the pediatrician?","appointment_cancellation","expansion","expansion/appointment_cancellation.txt:56"
"I have to cancel because of a work emergency","appointment_cancellation","expansion","expansion/appointment_cancellation.txt:57"
"I'm unable to attend so I'm cancelling my appointment","appointment_cancellation","expansion","expansion/appointment_cancellation.txt:58"
"Cancel my appointment, I don't want a new date","appointment_cancellation","expansion","expansion/appointment_cancellation.txt:59"
"What happens if I don't show up instead of cancelling?","appointment_cancellation","expansion","expansion/appointment_cancellation.txt:60"
"Is there a penalty for late cancellation?","appointment_cancellation","expansion","expansion/appointment_cancellation.txt:61"
"Can someone else cancel my appointment on my behalf?","appointment_cancellation","expansion","expansion/appointment_cancellation.txt:62"
"Please cancel my booking and close the request","appointment_cancellation","expansion","expansion/appointment_cancellation.txt:63"
"I need to drop my appointment with orthopaedics","appointment_cancellation","expansion","expansion/appointment_cancellation.txt:64"
"Kindly cancel the slot booked for my grandmother","appointment_cancellation","expansion","expansion/appointment_cancellation.txt:65"
"I want to cancel my appointment and get my money back","appointment_cancellation","expansion","expansion/appointment_cancellation.txt:66"
"Please void my appointment for Thursday","appointment_cancellation","expansion","expansion/appointment_cancellation.txt:67"
"I want to scrap my visit to the ENT clinic","appointment_cancellation","expansion","expansion/appointment_cancellation.txt:68"
"Cancel my consultation, I'm going to my family doctor instead","appointment_cancellation","expansion","expansion/appointment_cancellation.txt:69"
"I'd like to cancel today's OPD token","appointment_cancellation","expansion","expansion/appointment_cancellation.txt:70"
"Can I cancel an appointment less than 24 hours before?","appointment_cancellation","expansion","expansion/appointment_cancellation.txt:71"
"Please cancel my scan, my doctor said it's not required anymore","appointment_cancellation","expansion","expansion/appointment_cancellation.txt:72"
"Cancel my home visit appointment","appointment_cancellation","expansion","expansion/appointment_cancellation.txt:73"
"I booked a video call with the doctor but want to cancel it","appointment_cancellation","expansion","expansion/appointment_cancellation.txt:74"
"I need to cancel my appointment due to transport problems","appointment_cancellation","expansion","expansion/appointment_cancellation.txt:75"
"Please cancel my CT scan appointment, I had it done at another centre","appointment_cancellation","expansion","expansion/appointment_cancellation.txt:76"
"I won't be able to make it at all, please cancel","appointment_cancellation","expansion","expansion/appointment_cancellation.txt:77"
"Delete my upcoming appointment from the system","appointment_cancellation","expansion","expansion/appointment_cancellation.txt:78"
"Cancel the prenatal visit scheduled for Monday","appointment_cancellation","expansion","expansion/appointment_cancellation.txt:79"
"I'm calling to cancel an appointment","appointment_cancellation","expansion","expansion/appointment_cancellation.txt:80"
"Can you take me off the schedule for tomorrow?","appointment_cancellation","expansion","expansion/appointment_cancellation.txt:81"
"I'd like to cancel the follow-up I had booked for my wife","appointment_cancellation","expansion","expansion/appointment_cancellation.txt:82"
"I want to cancel the allergy test booking","appointment_cancellation","expansion","expansion/appointment_cancellation.txt:83"
"Please cancel my booking, I don't need any other date","appointment_cancellation","expansion","expansion/appointment_cancellation.txt:84"
"Can I cancel my vaccination slot?","appointment_cancellation","expansion","expansion/appointment_cancellation.txt:85"
"Cancel my 10 am appointment","appointment_cancellation","expansion","expansion/appointment_cancellation.txt:86"
"My insurance didn't approve it, so please cancel the procedure appointment","appointment_cancellation","expansion","expansion/appointment_cancellation.txt:87"
"Cancel the dietitian appointment I have on Friday","appointment_cancellation","expansion","expansion/appointment_cancellation.txt:88"
"I have an appointment booked but I need to cancel it completely","appointment_cancellation","expansion","expansion/appointment_cancellation.txt:89"
"I'd like to cancel my appointment with the cardiologist","appointment_cancellation","expansion","expansion/appointment_cancellation.txt:90"
"Unbook my appointment please","appointment_cancellation","expansion","expansion/appointment_cancellation.txt:91"
"How do I cancel my son's booking?","appointment_cancellation","expansion","expansion/appointment_cancellation.txt:92"
"Can I cancel just one of my two appointments?","appointment_cancellation","expansion","expansion/appointment_cancellation.txt:93"
"Please cancel my health screening, I'm not interested anymore","appointment_cancellation","expansion","expansion/appointment_cancellation.txt:94"
"I'm cancelling my appointment, sorry for the short notice","appointment_cancellation","expansion","expansion/appointment_cancellation.txt:95"
"Do I need to call to cancel or can I do it online?","appointment_cancellation","expansion","expansion/appointment_cancellation.txt:96"
"I need a cancellation for my lab appointment","appointment_cancellation","expansion","expansion/appointment_cancellation.txt:97"
"I'd like to cancel my booking reference 4821","appointment_cancellation","expansion","expansion/appointment_cancellation.txt:98"
"Please cancel the reservation for my consultation","appointment_cancellation","expansion","expansion/appointment_cancellation.txt:99"
"I want to cancel my upcoming visit and I will not reschedule","appointment_cancellation","expansion","expansion/appointment_cancellation.txt:100"
"Will my cancellation be confirmed by SMS?","appointment_cancellation","expansion","expansion/appointment_cancellation.txt:101"
"I want to cancel my appointment for personal reasons","appointment_cancellation","expansion","expansion/appointment_cancellation.txt:102"
"Get rid of my appointment for next week please","appointment_cancellation","expansion","expansion/appointment_cancellation.txt:103"
"Hi, I need to cancel my appointment for tomorrow","appointment_cancellation","expansion","expansion/appointment_cancellation.txt:105"
"I don't want to reschedule, just cancel it please","appointment_cancellation","expansion","expansion/appointment_cancellation.txt:106"
"Don't move my appointment, cancel it","appointment_cancellation","expansion","expansion/appointment_cancellation.txt:107"
"No new date needed, please cancel the booking","appointment_cancellation","expansion","expansion/appointment_cancellation.txt:108"
"I have a booking next week which I want cancelled","appointment_cancellation","expansion","expansion/appointment_cancellation.txt:109"
"Thanks, and please cancel my Friday appointment as well","appointment_cancellation","expansion","expansion/appointment_cancellation.txt:110"
"I no longer require the appointment I booked with the cardiologist","appointment_cancellation","expansion","expansion/appointment_cancellation.txt:111"
"Please cancel my slot, I'll call when I need a new one","appointment_cancellation","expansion","expansion/appointment_cancellation.txt:112"
"Cancel the consultation booked for my daughter and don't reschedule","appointment_cancellation","expansion","expansion/appointment_cancellation.txt:113"
"The appointment is not needed anymore, kindly cancel it","appointment_cancellation","expansion","expansion/appointment_cancellation.txt:114"
"Please take my name off tomorrow's appointment list","appointment_cancellation","expansion","expansion/appointment_cancellation.txt:115"
"I need to reschedule my appointment","appointment_rescheduling","original","original_intent_dataset.csv:42"
"Can I change my appointment time?","appointment_rescheduling","original","original_intent_dataset.csv:43"
"Move my appointment to next Monday","appointment_rescheduling","original","original_intent_dataset.csv:44"
"I want to shift my consultation to another day","appointment_rescheduling","original","original_intent_dataset.csv:45"
"Can we postpone my appointment?","appointment_rescheduling","original","original_intent_dataset.csv:46"
"Please change the date of my booking","appointment_rescheduling","original","original_intent_dataset.csv:47"
"I need a different time slot for my appointment","appointment_rescheduling","original","original_intent_dataset.csv:48"
"Can I move my visit to the evening?","appointment_rescheduling","original","original_intent_dataset.csv:49"
"Reschedule my check-up please","appointment_rescheduling","original","original_intent_dataset.csv:50"
"I can't come on Tuesday, can I come Thursday instead?","appointment_rescheduling","original","original_intent_dataset.csv:51"
"Push my appointment back by a week","appointment_rescheduling","original","original_intent_dataset.csv:52"
"Can I bring my appointment forward?","appointment_rescheduling","original","original_intent_dataset.csv:53"
"How do I reschedule a booking?","appointment_rescheduling","original","original_intent_dataset.csv:54"
"Change my appointment with Dr. Rao to Friday","appointment_rescheduling","original","original_intent_dataset.csv:55"
"I want to rebook my appointment for a later date","appointment_rescheduling","original","original_intent_dataset.csv:56"
"Is it possible to change my appointment?","appointment_rescheduling","original","original_intent_dataset.csv:57"
"Shift my MRI appointment to the morning","appointment_rescheduling","original","original_intent_dataset.csv:58"
"I need to move my follow-up visit","appointment_rescheduling","original","original_intent_dataset.csv:59"
"Can I switch my appointment to another doctor on the same day?","appointment_rescheduling","original","original_intent_dataset.csv:60"
"Delay my appointment by two days","appointment_rescheduling","original","original_intent_dataset.csv:61"
"I already have an appointment but need to move it to another day","appointment_rescheduling","expansion","expansion/appointment_rescheduling.txt:2"
"I have a booking on Monday, can I change it to Wednesday?","appointment_rescheduling","expansion","expansion/appointment_rescheduling.txt:3"
"I can't make my appointment time, can I get a later slot the same day?","appointment_rescheduling","expansion","expansion/appointment_rescheduling.txt:4"
"Please move my consultation from 10 am to 4 pm","appointment_rescheduling","expansion","expansion/appointment_rescheduling.txt:5"
"Can I reschedule instead of cancelling?","appointment_rescheduling","expansion","expansion/appointment_rescheduling.txt:6"
"I want to keep my appointment but at a different time","appointment_rescheduling","expansion","expansion/appointment_rescheduling.txt:7"
"resched my appt pls","appointment_rescheduling","expansion","expansion/appointment_rescheduling.txt:8"
"I need to reshedule my appointment","appointment_rescheduling","expansion","expansion/appointment_rescheduling.txt:9"
"Can my Friday appointment be moved to next week?","appointment_rescheduling","expansion","expansion/appointment_rescheduling.txt:10"
"Could you postpone my check-up by a few days?","appointment_rescheduling","expansion","expansion/appointment_rescheduling.txt:11"
"Something came up, can we push my appointment to the afternoon?","appointment_rescheduling","expansion","expansion/appointment_rescheduling.txt:12"
"I'd like to bring my appointment forward if there's an earlier slot","appointment_rescheduling","expansion","expansion/appointment_rescheduling.txt:13"
"Is there an earlier date than the one I have booked?","appointment_rescheduling","expansion","expansion/appointment_rescheduling.txt:14"
"I want to change the date of my MRI scan","appointment_rescheduling","expansion","expansion/appointment_rescheduling.txt:15"
"Please change my appointment to the same doctor but a different day","appointment_rescheduling","expansion","expansion/appointment_rescheduling.txt:16"
"I'd like to swap my appointment with a later one","appointment_rescheduling","expansion","expansion/appointment_rescheduling.txt:17"
"Can I change my teleconsultation to an in-person visit on another day?","appointment_rescheduling","expansion","expansion/appointment_rescheduling.txt:18"
"My flight got delayed, so I need to move my appointment","appointment_rescheduling","expansion","expansion/appointment_rescheduling.txt:19"
"Can you reschedule my mother's appointment to the morning?","appointment_rescheduling","expansion","expansion/appointment_rescheduling.txt:20"
"Please shift my son's appointment to after school hours","appointment_rescheduling","expansion","expansion/appointment_rescheduling.txt:21"
"I need to change my appointment time because of work","appointment_rescheduling","expansion","expansion/appointment_rescheduling.txt:22"
"Can I move my follow-up to the end of the month?","appointment_rescheduling","expansion","expansion/appointment_rescheduling.txt:23"
"I want to reschedule my surgery consultation","appointment_rescheduling","expansion","expansion/appointment_rescheduling.txt:24"
"Can my blood test appointment be moved to an earlier time?","appointment_rescheduling","expansion","expansion/appointment_rescheduling.txt:25"
"How many times can I reschedule an appointment?","appointment_rescheduling","expansion","expansion/appointment_rescheduling.txt:26"
"Is there a charge for rescheduling?","appointment_rescheduling","expansion","expansion/appointment_rescheduling.txt:27"
"I want to reschedule online, how do I do that?","appointment_rescheduling","expansion","expansion/appointment_rescheduling.txt:28"
"Change my appointment from Tuesday the 3rd to Thursday the 5th","appointment_rescheduling","expansion","expansion/appointment_rescheduling.txt:29"
"Can I move my physiotherapy session to Saturday?","appointment_rescheduling","expansion","expansion/appointment_rescheduling.txt:30"
"I'll be late, can my appointment be pushed back an hour?","appointment_rescheduling","expansion","expansion/appointment_rescheduling.txt:31"
"Postpone my dental appointment to next month please","appointment_rescheduling","expansion","expansion/appointment_rescheduling.txt:32"
"My doctor is on leave on my appointment day, can you move it?","appointment_rescheduling","expansion","expansion/appointment_rescheduling.txt:33"
"I got a message that my doctor is unavailable, I need a new time for my appointment","appointment_rescheduling","expansion","expansion/appointment_rescheduling.txt:34"
"Can I reschedule my vaccination slot?","appointment_rescheduling","expansion","expansion/appointment_rescheduling.txt:35"
"Please move my booking to the next available slot","appointment_rescheduling","expansion","expansion/appointment_rescheduling.txt:36"
"I'd like to rebook the same appointment for a later date","appointment_rescheduling","expansion","expansion/appointment_rescheduling.txt:37"
"I need to change the timing of my ultrasound","appointment_rescheduling","expansion","expansion/appointment_rescheduling.txt:38"
"I have an appointment tomorrow but I'd prefer next week instead","appointment_rescheduling","expansion","expansion/appointment_rescheduling.txt:39"
"Could you shift my check-up to an evening slot?","appointment_rescheduling","expansion","expansion/appointment_rescheduling.txt:40"
"I want to adjust the time of my appointment","appointment_rescheduling","expansion","expansion/appointment_rescheduling.txt:41"
"Can I change my appointment day without losing my booking fee?","appointment_rescheduling","expansion","expansion/appointment_rescheduling.txt:42"
"Please reschedule my wife's prenatal visit to Monday","appointment_rescheduling","expansion","expansion/appointment_rescheduling.txt:43"
"My appointment clashes with an exam, can you move it?","appointment_rescheduling","expansion","expansion/appointment_rescheduling.txt:44"
"Can I postpone the procedure appointment until after the holidays?","appointment_rescheduling","expansion","expansion/appointment_rescheduling.txt:45"
"Move my 9 am appointment to 11 am","appointment_rescheduling","expansion","expansion/appointment_rescheduling.txt:46"
"Need to change my appt date","appointment_rescheduling","expansion","expansion/appointment_rescheduling.txt:47"
"I have a slot with Dr. Rao on Monday, is Wednesday possible instead?","appointment_rescheduling","expansion","expansion/appointment_rescheduling.txt:48"
"I want to defer my appointment by two weeks","appointment_rescheduling","expansion","expansion/appointment_rescheduling.txt:49"
"Can I reschedule my home visit?","appointment_rescheduling","expansion","expansion/appointment_rescheduling.txt:50"
"I need to move my appointment because my child is sick","appointment_rescheduling","expansion","expansion/appointment_rescheduling.txt:51"
"Please change my consultation to a video call at the same time","appointment_rescheduling","expansion","expansion/appointment_rescheduling.txt:52"
"I'd like to reschedule the scan, not cancel it","appointment_rescheduling","expansion","expansion/appointment_rescheduling.txt:53"
"Can I change the appointment I booked yesterday to a different date?","appointment_rescheduling","expansion","expansion/appointment_rescheduling.txt:54"
"Is it possible to get my appointment moved up to this week?","appointment_rescheduling","expansion","expansion/appointment_rescheduling.txt:55"
"I need a new date for my follow-up appointment","appointment_rescheduling","expansion","expansion/appointment_rescheduling.txt:56"
"Can I keep the same doctor but change the time?","appointment_rescheduling","expansion","expansion/appointment_rescheduling.txt:57"
"My appointment is on a holiday, can it be rescheduled?","appointment_rescheduling","expansion","expansion/appointment_rescheduling.txt:58"
"Shift my booking to the weekend please","appointment_rescheduling","expansion","expansion/appointment_rescheduling.txt:59"
"I can come in later in the day, can my appointment be adjusted?","appointment_rescheduling","expansion","expansion/appointment_rescheduling.txt:60"
"Please reschedule all my appointments for next week to the week after","appointment_rescheduling","expansion","expansion/appointment_rescheduling.txt:61"
"Push back my lab appointment to the afternoon","appointment_rescheduling","expansion","expansion/appointment_rescheduling.txt:62"
"Can you reschedule my counselling session?","appointment_rescheduling","expansion","expansion/appointment_rescheduling.txt:63"
"I'd like to change my ENT appointment to the morning","appointment_rescheduling","expansion","expansion/appointment_rescheduling.txt:64"
"I want to postpone my health check package","appointment_rescheduling","expansion","expansion/appointment_rescheduling.txt:65"
"My appointment was missed, can I reschedule it?","appointment_rescheduling","expansion","expansion/appointment_rescheduling.txt:66"
"I missed my appointment yesterday, can I get a new time?","appointment_rescheduling","expansion","expansion/appointment_rescheduling.txt:67"
"I couldn't attend my appointment, can we set a new date?","appointment_rescheduling","expansion","expansion/appointment_rescheduling.txt:68"
"Reschedule my CT scan to Friday","appointment_rescheduling","expansion","expansion/appointment_rescheduling.txt:69"
"Could my eye test be moved to next Monday?","appointment_rescheduling","expansion","expansion/appointment_rescheduling.txt:70"
"I want to move my appointment closer to my surgery date","appointment_rescheduling","expansion","expansion/appointment_rescheduling.txt:71"
"Can I reschedule if I'm running late due to traffic?","appointment_rescheduling","expansion","expansion/appointment_rescheduling.txt:72"
"Please move my orthopaedic appointment to a later time","appointment_rescheduling","expansion","expansion/appointment_rescheduling.txt:73"
"Can I change my booking to an earlier hour?","appointment_rescheduling","expansion","expansion/appointment_rescheduling.txt:74"
"I booked for Thursday but I'm free on Tuesday, can you change it?","appointment_rescheduling","expansion","expansion/appointment_rescheduling.txt:75"
"Is there a slot later than my current one?","appointment_rescheduling","expansion","expansion/appointment_rescheduling.txt:76"
"My appointment needs to be rescheduled due to bad weather","appointment_rescheduling","expansion","expansion/appointment_rescheduling.txt:77"
"Can I change my appointment with the dietitian to next week?","appointment_rescheduling","expansion","expansion/appointment_rescheduling.txt:78"
"Move my vaccination appointment to the following Saturday","appointment_rescheduling","expansion","expansion/appointment_rescheduling.txt:79"
"I'd like to reschedule my appointment with the cardiologist to a later date","appointment_rescheduling","expansion","expansion/appointment_rescheduling.txt:80"
"How do I change the time of an existing appointment?","appointment_rescheduling","expansion","expansion/appointment_rescheduling.txt:81"
"Please update my appointment to the 20th","appointment_rescheduling","expansion","expansion/appointment_rescheduling.txt:82"
"I want to change my appointment slot, I already have one booked","appointment_rescheduling","expansion","expansion/appointment_rescheduling.txt:83"
"Can I trade my current slot for one in the evening?","appointment_rescheduling","expansion","expansion/appointment_rescheduling.txt:84"
"Kindly reschedule my consultation, I'm unwell and can't travel this week","appointment_rescheduling","expansion","expansion/appointment_rescheduling.txt:85"
"Can you delay my appointment until I get back from my trip?","appointment_rescheduling","expansion","expansion/appointment_rescheduling.txt:86"
"I need my follow-up visit moved to after my reports come","appointment_rescheduling","expansion","expansion/appointment_rescheduling.txt:87"
"Rearrange my appointment for a later time please","appointment_rescheduling","expansion","expansion/appointment_rescheduling.txt:88"
"I want to reschedule my child's dental checkup","appointment_rescheduling","expansion","expansion/appointment_rescheduling.txt:89"
"Can I change the doctor and time of my current appointment?","appointment_rescheduling","expansion","expansion/appointment_rescheduling.txt:90"
"Can I move my appointment from the main branch timing to an earlier slot?","appointment_rescheduling","expansion","expansion/appointment_rescheduling.txt:91"
"I need to reschedule because my test results are not ready yet","appointment_rescheduling","expansion","expansion/appointment_rescheduling.txt:92"
"Can my appointment be moved to the same time next week?","appointment_rescheduling","expansion","expansion/appointment_rescheduling.txt:93"
"Please find me another time for my existing appointment","appointment_rescheduling","expansion","expansion/appointment_rescheduling.txt:94"
"Could you move my session to the afternoon?","appointment_rescheduling","expansion","expansion/appointment_rescheduling.txt:95"
"I'd like to change my booked slot to tomorrow","appointment_rescheduling","expansion","expansion/appointment_rescheduling.txt:96"
"I'm stuck at work, can my appointment be postponed to the evening?","appointment_rescheduling","expansion","expansion/appointment_rescheduling.txt:97"
"Can I reschedule my appointment through WhatsApp?","appointment_rescheduling","expansion","expansion/appointment_rescheduling.txt:98"
"Is rescheduling free of charge?","appointment_rescheduling","expansion","expansion/appointment_rescheduling.txt:99"
"My existing appointment is too far away, can I get an earlier one?","appointment_rescheduling","expansion","expansion/appointment_rescheduling.txt:100"
"I want to move my appointment instead of cancelling it","appointment_rescheduling","expansion","expansion/appointment_rescheduling.txt:101"
"Hi, can I move my appointment to Thursday?","appointment_rescheduling","expansion","expansion/appointment_rescheduling.txt:103"
"Don't cancel my appointment, just change the date","appointment_rescheduling","expansion","expansion/appointment_rescheduling.txt:104"
"I want to keep the booking but at a later time","appointment_rescheduling","expansion","expansion/appointment_rescheduling.txt:105"
"I have an appointment already, can you change it to the afternoon?","appointment_rescheduling","expansion","expansion/appointment_rescheduling.txt:106"
"Thanks, also could you shift my appointment to Monday?","appointment_rescheduling","expansion","expansion/appointment_rescheduling.txt:107"
"I need to change my appointment, not book a new one","appointment_rescheduling","expansion","expansion/appointment_rescheduling.txt:108"
"My appointment with the cardiologist needs a new date","appointment_rescheduling","expansion","expansion/appointment_rescheduling.txt:109"
"Can my consultation be pushed to the evening instead of being cancelled?","appointment_rescheduling","expansion","expansion/appointment_rescheduling.txt:110"
"Can you change my existing booking to next Friday?","appointment_rescheduling","expansion","expansion/appointment_rescheduling.txt:111"
"I'd like a different day for the appointment I already have","appointment_rescheduling","expansion","expansion/appointment_rescheduling.txt:112"
"Instead of tomorrow, can I come in on Saturday for my appointment?","appointment_rescheduling","expansion","expansion/appointment_rescheduling.txt:113"
"I have a question about my bill","billing_query","original","original_intent_dataset.csv:122"
"How much do I owe?","billing_query","original","original_intent_dataset.csv:123"
"Can I pay my bill online?","billing_query","original","original_intent_dataset.csv:124"
"Why is my bill so high?","billing_query","original","original_intent_dataset.csv:125"
"I want a copy of my invoice","billing_query","original","original_intent_dataset.csv:126"
"What payment methods do you accept?","billing_query","original","original_intent_dataset.csv:127"
"I was charged twice","billing_query","original","original_intent_dataset.csv:128"
"Can I get a breakdown of the charges?","billing_query","original","original_intent_dataset.csv:129"
"How much does a consultation cost?","billing_query","original","original_intent_dataset.csv:130"
"I need a refund","billing_query","original","original_intent_dataset.csv:131"
"Can I pay in installments?","billing_query","original","original_intent_dataset.csv:132"
"Where is the billing counter?","billing_query","original","original_intent_dataset.csv:133"
"Do you accept credit cards?","billing_query","original","original_intent_dataset.csv:134"
"I need an estimate for surgery costs","billing_query","original","original_intent_dataset.csv:135"
"My receipt is missing","billing_query","original","original_intent_dataset.csv:136"
"What is the cost of an MRI scan?","billing_query","original","original_intent_dataset.csv:137"
"I haven't received my final bill","billing_query","original","original_intent_dataset.csv:138"
"Is there a deposit for admission?","billing_query","original","original_intent_dataset.csv:139"
"Can I pay by UPI?","billing_query","original","original_intent_dataset.csv:140"
"There is a wrong charge on my bill","billing_query","original","original_intent_dataset.csv:141"
"How much is the admission deposit?","billing_query","original","original_intent_dataset.csv:267"
"I want to understand the charges on my hospital bill","billing_query","expansion","expansion/billing_query.txt:3"
"Can I get an itemized bill for my stay?","billing_query","expansion","expansion/billing_query.txt:4"
"Why was I charged for a room I didn't use?","billing_query","expansion","expansion/billing_query.txt:5"
"How do I pay the outstanding amount on my account?","billing_query","expansion","expansion/billing_query.txt:6"
"Can I pay my bill over the phone?","billing_query","expansion","expansion/billing_query.txt:7"
"Do you accept debit cards?","billing_query","expansion","expansion/billing_query.txt:8"
"Can I pay in cash?","billing_query","expansion","expansion/billing_query.txt:9"
"Can I pay through net banking?","billing_query","expansion","expansion/billing_query.txt:10"
"Where do I pay the consultation fee?","billing_query","expansion","expansion/billing_query.txt:11"
"How much is the consultation fee for a specialist?","billing_query","expansion","expansion/billing_query.txt:12"
"What does a general check-up cost?","billing_query","expansion","expansion/billing_query.txt:13"
"How much will a knee replacement cost me?","billing_query","expansion","expansion/billing_query.txt:14"
"Can you give me a cost estimate for a C-section?","billing_query","expansion","expansion/billing_query.txt:15"
"What's the price of the full body check-up package?","billing_query","expansion","expansion/billing_query.txt:16"
"How much does a CT scan cost?","billing_query","expansion","expansion/billing_query.txt:17"
"What is the cost of a blood test?","billing_query","expansion","expansion/billing_query.txt:18"
"What are the room charges per day?","billing_query","expansion","expansion/billing_query.txt:19"
"How much does a private room cost per night?","billing_query","expansion","expansion/billing_query.txt:20"
"What is the ICU charge per day?","billing_query","expansion","expansion/billing_query.txt:21"
"How much is the deposit I have to pay?","billing_query","expansion","expansion/billing_query.txt:22"
"How much is the advance payment for admission?","billing_query","expansion","expansion/billing_query.txt:23"
"I paid but the bill still shows pending","billing_query","expansion","expansion/billing_query.txt:24"
"My payment failed but money was deducted","billing_query","expansion","expansion/billing_query.txt:25"
"I was billed for a test I never had","billing_query","expansion","expansion/billing_query.txt:26"
"I think there's an error in my bill","billing_query","expansion","expansion/billing_query.txt:27"
"There's a mistake in the bill amount","billing_query","expansion","expansion/billing_query.txt:28"
"Can I get a GST invoice?","billing_query","expansion","expansion/billing_query.txt:29"
"I need a duplicate receipt","billing_query","expansion","expansion/billing_query.txt:30"
"Please send me a copy of my receipt by email","billing_query","expansion","expansion/billing_query.txt:31"
"I need the final bill for my records","billing_query","expansion","expansion/billing_query.txt:32"
"Can I get my bill in my company's name?","billing_query","expansion","expansion/billing_query.txt:33"
"When will I get my refund?","billing_query","expansion","expansion/billing_query.txt:34"
"How long does a refund take?","billing_query","expansion","expansion/billing_query.txt:35"
"I cancelled my appointment, where is my refund?","billing_query","expansion","expansion/billing_query.txt:36"
"My refund hasn't been credited yet","billing_query","expansion","expansion/billing_query.txt:37"
"Can I pay my father's bill on his behalf?","billing_query","expansion","expansion/billing_query.txt:38"
"Can the bill be split between two cards?","billing_query","expansion","expansion/billing_query.txt:39"
"Do you offer any discounts for senior citizens?","billing_query","expansion","expansion/billing_query.txt:40"
"Is there a payment plan for expensive surgery?","billing_query","expansion","expansion/billing_query.txt:41"
"Can I pay the balance after discharge?","billing_query","expansion","expansion/billing_query.txt:42"
"Why are the pharmacy charges so high on my bill?","billing_query","expansion","expansion/billing_query.txt:43"
"What are the charges for an ambulance?","billing_query","expansion","expansion/billing_query.txt:44"
"How much do you charge for a home visit?","billing_query","expansion","expansion/billing_query.txt:45"
"How much is the registration fee?","billing_query","expansion","expansion/billing_query.txt:46"
"Is there a separate fee for the doctor's visit during admission?","billing_query","expansion","expansion/billing_query.txt:47"
"Why is there a service charge on my bill?","billing_query","expansion","expansion/billing_query.txt:48"
"Can someone explain the miscellaneous charges?","billing_query","expansion","expansion/billing_query.txt:49"
"I want to dispute a charge","billing_query","expansion","expansion/billing_query.txt:50"
"Who do I talk to about billing problems?","billing_query","expansion","expansion/billing_query.txt:51"
"Where is the cashier?","billing_query","expansion","expansion/billing_query.txt:52"
"Is the billing counter on the ground floor?","billing_query","expansion","expansion/billing_query.txt:53"
"Can I pay online through your website?","billing_query","expansion","expansion/billing_query.txt:54"
"Is there a payment link you can send?","billing_query","expansion","expansion/billing_query.txt:55"
"I didn't get an SMS confirming my payment","billing_query","expansion","expansion/billing_query.txt:56"
"Can I get a bill for my tax filing?","billing_query","expansion","expansion/billing_query.txt:57"
"What is the total amount I need to pay before discharge?","billing_query","expansion","expansion/billing_query.txt:58"
"How much will I be charged if I stay one more day?","billing_query","expansion","expansion/billing_query.txt:59"
"Do you charge for medical certificates?","billing_query","expansion","expansion/billing_query.txt:60"
"How much does a teleconsultation cost?","billing_query","expansion","expansion/billing_query.txt:61"
"What's the fee for a follow-up visit?","billing_query","expansion","expansion/billing_query.txt:62"
"Is the follow-up consultation free?","billing_query","expansion","expansion/billing_query.txt:63"
"how much is the bill","billing_query","expansion","expansion/billing_query.txt:64"
"bill amount pls","billing_query","expansion","expansion/billing_query.txt:65"
"whats the fees for consultation","billing_query","expansion","expansion/billing_query.txt:66"
"I was overcharged","billing_query","expansion","expansion/billing_query.txt:67"
"Why did my bill increase overnight?","billing_query","expansion","expansion/billing_query.txt:68"
"Can I see my bill online before paying?","billing_query","expansion","expansion/billing_query.txt:69"
"I need a proforma invoice for my employer","billing_query","expansion","expansion/billing_query.txt:70"
"Can I get an interim bill while still admitted?","billing_query","expansion","expansion/billing_query.txt:71"
"How much have I paid so far?","billing_query","expansion","expansion/billing_query.txt:72"
"How much is pending on my account?","billing_query","expansion","expansion/billing_query.txt:73"
"My card was charged twice for the same consultation","billing_query","expansion","expansion/billing_query.txt:74"
"Can I get the payment receipt for the lab tests?","billing_query","expansion","expansion/billing_query.txt:75"
"I need a refund for the unused advance deposit","billing_query","expansion","expansion/billing_query.txt:76"
"I have a question about package pricing for maternity","billing_query","expansion","expansion/billing_query.txt:77"
"Are taxes included in the quoted price?","billing_query","expansion","expansion/billing_query.txt:78"
"How much does physiotherapy cost per session?","billing_query","expansion","expansion/billing_query.txt:79"
"Do you charge extra on weekends?","billing_query","expansion","expansion/billing_query.txt:80"
"What is the price of an MRI with contrast?","billing_query","expansion","expansion/billing_query.txt:81"
"Can I pay with a cheque?","billing_query","expansion","expansion/billing_query.txt:82"
"Do you accept international cards?","billing_query","expansion","expansion/billing_query.txt:83"
"Can I pay in dollars?","billing_query","expansion","expansion/billing_query.txt:84"
"I'm paying out of pocket, what's the self-pay rate?","billing_query","expansion","expansion/billing_query.txt:85"
"What will I have to pay myself since I don't have insurance?","billing_query","expansion","expansion/billing_query.txt:86"
"Can I get the bill amount reduced?","billing_query","expansion","expansion/billing_query.txt:87"
"Is financial assistance available for poor patients?","billing_query","expansion","expansion/billing_query.txt:88"
"Is there a charity scheme for patients who can't afford the bill?","billing_query","expansion","expansion/billing_query.txt:89"
"Can I get an estimate before I agree to the procedure?","billing_query","expansion","expansion/billing_query.txt:90"
"Who approves billing adjustments?","billing_query","expansion","expansion/billing_query.txt:91"
"I need clarification on the doctor fees in my bill","billing_query","expansion","expansion/billing_query.txt:92"
"The bill shows medicines I never received","billing_query","expansion","expansion/billing_query.txt:93"
"Why am I being charged for consumables?","billing_query","expansion","expansion/billing_query.txt:94"
"What does the package cost include?","billing_query","expansion","expansion/billing_query.txt:95"
"Is there a cancellation fee deducted from my refund?","billing_query","expansion","expansion/billing_query.txt:96"
"I paid the deposit, will it be adjusted in the final bill?","billing_query","expansion","expansion/billing_query.txt:97"
"Can I settle my bill at the billing counter during discharge?","billing_query","expansion","expansion/billing_query.txt:98"
"Hi, I have a doubt about my bill","billing_query","expansion","expansion/billing_query.txt:100"
"Not insurance, I'm paying myself, what's the total?","billing_query","expansion","expansion/billing_query.txt:101"
"Insurance paid part, how much balance do I need to pay?","billing_query","expansion","expansion/billing_query.txt:102"
"I need a receipt for the amount I paid, not an insurance claim","billing_query","expansion","expansion/billing_query.txt:103"
"Why does my bill show a charge that insurance didn't cover?","billing_query","expansion","expansion/billing_query.txt:104"
"How much do I have to pay upfront for the surgery?","billing_query","expansion","expansion/billing_query.txt:105"
"Can I pay the remaining hospital bill by card?","billing_query","expansion","expansion/billing_query.txt:106"
"I need a refund of the extra amount I paid","billing_query","expansion","expansion/billing_query.txt:107"
"What is the consultation charge for a cardiologist?","billing_query","expansion","expansion/billing_query.txt:108"
"How much does the admission deposit cost?","billing_query","expansion","expansion/billing_query.txt:109"
"Can I get a final invoice before discharge?","billing_query","expansion","expansion/billing_query.txt:110"
"What is the hospital's phone number?","contact_information","original","original_intent_dataset.csv:222"
"How can I contact the hospital?","contact_information","original","original_intent_dataset.csv:223"
"Give me the email address of the hospital","contact_information","original","original_intent_dataset.csv:224"
"What is the address of the hospital?","contact_information","original","original_intent_dataset.csv:225"
"How do I reach the reception?","contact_information","original","original_intent_dataset.csv:226"
"Can I talk to a customer care executive?","contact_information","original","original_intent_dataset.csv:227"
"What is the helpline number?","contact_information","original","original_intent_dataset.csv:228"
"How do I contact the cardiology department?","contact_information","original","original_intent_dataset.csv:229"
"Is there a WhatsApp number?","contact_information","original","original_intent_dataset.csv:230"
"Who do I call for complaints?","contact_information","original","original_intent_dataset.csv:231"
"Give me the contact details of the billing department","contact_information","original","original_intent_dataset.csv:232"
"How can I reach the administration office?","contact_information","original","original_intent_dataset.csv:233"
"I want to speak to a human","contact_information","original","original_intent_dataset.csv:234"
"What's the fax number?","contact_information","original","original_intent_dataset.csv:235"
"How do I get in touch with the patient relations team?","contact_information","original","original_intent_dataset.csv:236"
"Do you have a toll-free number?","contact_information","original","original_intent_dataset.csv:237"
"What's the best way to contact you?","contact_information","original","original_intent_dataset.csv:238"
"I need the number of the front desk","contact_information","original","original_intent_dataset.csv:239"
"Can I get the hospital's location on the map?","contact_information","original","original_intent_dataset.csv:240"
"How do I send feedback to the hospital?","contact_information","original","original_intent_dataset.csv:241"
"What number should I call to reach the hospital?","contact_information","expansion","expansion/contact_information.txt:2"
"Can I have the main switchboard number?","contact_information","expansion","expansion/contact_information.txt:3"
"What's the reception phone number?","contact_information","expansion","expansion/contact_information.txt:4"
"Is there a number for appointment enquiries?","contact_information","expansion","expansion/contact_information.txt:5"
"How do I contact the appointment desk?","contact_information","expansion","expansion/contact_information.txt:6"
"What is the email for general enquiries?","contact_information","expansion","expansion/contact_information.txt:7"
"Can I email my questions to someone?","contact_information","expansion","expansion/contact_information.txt:8"
"What's the official website of the hospital?","contact_information","expansion","expansion/contact_information.txt:9"
"Where exactly is the hospital located?","contact_information","expansion","expansion/contact_information.txt:10"
"What is your full postal address?","contact_information","expansion","expansion/contact_information.txt:11"
"Can you share the hospital's location pin?","contact_information","expansion","expansion/contact_information.txt:12"
"How do I get directions to the hospital?","contact_information","expansion","expansion/contact_information.txt:13"
"Which landmark is the hospital near?","contact_information","expansion","expansion/contact_information.txt:14"
"How do I reach the hospital by metro?","contact_information","expansion","expansion/contact_information.txt:15"
"What is the contact number for the insurance desk?","contact_information","expansion","expansion/contact_information.txt:16"
"Who do I contact in the billing department?","contact_information","expansion","expansion/contact_information.txt:17"
"How can I reach the lab directly?","contact_information","expansion","expansion/contact_information.txt:18"
"What's the phone number of the pharmacy?","contact_information","expansion","expansion/contact_information.txt:19"
"How do I contact the medical records department?","contact_information","expansion","expansion/contact_information.txt:20"
"Can I get the extension for the ICU nurses' station?","contact_information","expansion","expansion/contact_information.txt:21"
"How do I call the ward where my father is admitted?","contact_information","expansion","expansion/contact_information.txt:22"
"What number do I call to check on an admitted patient?","contact_information","expansion","expansion/contact_information.txt:23"
"Can I get the contact for the patient relations officer?","contact_information","expansion","expansion/contact_information.txt:24"
"Who do I contact for a complaint about staff?","contact_information","expansion","expansion/contact_information.txt:25"
"How do I file a complaint?","contact_information","expansion","expansion/contact_information.txt:26"
"I'd like to give feedback about my experience","contact_information","expansion","expansion/contact_information.txt:27"
"Where can I leave a review or suggestion?","contact_information","expansion","expansion/contact_information.txt:28"
"Can I speak to a manager?","contact_information","expansion","expansion/contact_information.txt:29"
"I want to talk to someone at the front desk","contact_information","expansion","expansion/contact_information.txt:30"
"Can you connect me to a real person?","contact_information","expansion","expansion/contact_information.txt:31"
"Is there a live agent I can chat with?","contact_information","expansion","expansion/contact_information.txt:32"
"I need to talk to customer support","contact_information","expansion","expansion/contact_information.txt:33"
"Can somebody call me back?","contact_information","expansion","expansion/contact_information.txt:34"
"Can I request a callback from the hospital?","contact_information","expansion","expansion/contact_information.txt:35"
"How do I reach the hospital on WhatsApp?","contact_information","expansion","expansion/contact_information.txt:36"
"Do you have a chat support number?","contact_information","expansion","expansion/contact_information.txt:37"
"What are your social media pages?","contact_information","expansion","expansion/contact_information.txt:38"
"Is there a contact for international patients?","contact_information","expansion","expansion/contact_information.txt:39"
"Who should international patients email?","contact_information","expansion","expansion/contact_information.txt:40"
"How can I contact the doctor's secretary?","contact_information","expansion","expansion/contact_information.txt:41"
"How do I reach Dr. Rao's office?","contact_information","expansion","expansion/contact_information.txt:42"
"Can I get the contact number of the cardiology OPD?","contact_information","expansion","expansion/contact_information.txt:43"
"How do I contact the HR department for jobs?","contact_information","expansion","expansion/contact_information.txt:44"
"Who do I contact for media enquiries?","contact_information","expansion","expansion/contact_information.txt:45"
"What's the contact for medical tourism?","contact_information","expansion","expansion/contact_information.txt:46"
"How can I contact the hospital administration?","contact_information","expansion","expansion/contact_information.txt:47"
"Is there a number for the medical superintendent's office?","contact_information","expansion","expansion/contact_information.txt:48"
"contact number pls","contact_information","expansion","expansion/contact_information.txt:49"
"hospital phone no","contact_information","expansion","expansion/contact_information.txt:50"
"whats ur email","contact_information","expansion","expansion/contact_information.txt:51"
"how to contact u","contact_information","expansion","expansion/contact_information.txt:52"
"addres of hospital?","contact_information","expansion","expansion/contact_information.txt:53"
"Can you text me the hospital address?","contact_information","expansion","expansion/contact_information.txt:54"
"Can you send me the phone number by SMS?","contact_information","expansion","expansion/contact_information.txt:55"
"What's the number for the ambulance desk?","contact_information","expansion","expansion/contact_information.txt:56"
"Is there a separate number for the emergency department?","contact_information","expansion","expansion/contact_information.txt:57"
"Who do I call if I have questions after discharge?","contact_information","expansion","expansion/contact_information.txt:58"
"How do I contact the nurse on duty?","contact_information","expansion","expansion/contact_information.txt:59"
"What's the number for the blood bank?","contact_information","expansion","expansion/contact_information.txt:60"
"How can I reach the dietitian's office?","contact_information","expansion","expansion/contact_information.txt:61"
"How do I contact the physiotherapy department?","contact_information","expansion","expansion/contact_information.txt:62"
"Is there a contact person for corporate tie-ups?","contact_information","expansion","expansion/contact_information.txt:63"
"Who do I contact for a hospital tour?","contact_information","expansion","expansion/contact_information.txt:64"
"Can I reach someone after office hours?","contact_information","expansion","expansion/contact_information.txt:65"
"Is the helpline available at night?","contact_information","expansion","expansion/contact_information.txt:66"
"Is there a hotline for appointment changes?","contact_information","expansion","expansion/contact_information.txt:67"
"How do I contact the branch in the north of the city?","contact_information","expansion","expansion/contact_information.txt:68"
"What is the contact information for your other branches?","contact_information","expansion","expansion/contact_information.txt:69"
"Can I get the address of your nearest clinic?","contact_information","expansion","expansion/contact_information.txt:70"
"I lost the hospital number, can you give it again?","contact_information","expansion","expansion/contact_information.txt:71"
"How do I reach the billing team by email?","contact_information","expansion","expansion/contact_information.txt:72"
"Who can I write to about a privacy concern?","contact_information","expansion","expansion/contact_information.txt:73"
"How do I contact the data protection officer?","contact_information","expansion","expansion/contact_information.txt:74"
"Can I fax documents to the hospital?","contact_information","expansion","expansion/contact_information.txt:75"
"Where should I post documents?","contact_information","expansion","expansion/contact_information.txt:76"
"What is the PIN code of the hospital?","contact_information","expansion","expansion/contact_information.txt:77"
"How do I contact the volunteer services team?","contact_information","expansion","expansion/contact_information.txt:78"
"Who do I speak to about donating to the hospital?","contact_information","expansion","expansion/contact_information.txt:79"
"How can I contact the hospital chaplain or spiritual care team?","contact_information","expansion","expansion/contact_information.txt:80"
"I need to reach the social worker","contact_information","expansion","expansion/contact_information.txt:81"
"Can I get the contact for the insurance coordinator?","contact_information","expansion","expansion/contact_information.txt:82"
"How do I reach the operator?","contact_information","expansion","expansion/contact_information.txt:83"
"Can you give me a phone number to talk to someone?","contact_information","expansion","expansion/contact_information.txt:84"
"I want to call the hospital, what's the number?","contact_information","expansion","expansion/contact_information.txt:85"
"Is there an email for sending reports to doctors?","contact_information","expansion","expansion/contact_information.txt:86"
"How do I message my doctor?","contact_information","expansion","expansion/contact_information.txt:87"
"Can I get in touch with the doctor who treated me?","contact_information","expansion","expansion/contact_information.txt:88"
"Where do I send my grievance?","contact_information","expansion","expansion/contact_information.txt:89"
"Who do I complain to if I'm unhappy with the treatment?","contact_information","expansion","expansion/contact_information.txt:90"
"How do I contact the nursing supervisor?","contact_information","expansion","expansion/contact_information.txt:91"
"Who do I talk to about lost and found items?","contact_information","expansion","expansion/contact_information.txt:92"
"I left my bag in the hospital, who do I contact?","contact_information","expansion","expansion/contact_information.txt:93"
"Do you have a customer care number?","contact_information","expansion","expansion/contact_information.txt:94"
"How do I contact you on email for an appointment query?","contact_information","expansion","expansion/contact_information.txt:95"
"Is there a phone number for the security office?","contact_information","expansion","expansion/contact_information.txt:96"
"How do I get in touch with your team?","contact_information","expansion","expansion/contact_information.txt:97"
"Not the timings, I need the contact number","contact_information","expansion","expansion/contact_information.txt:100"
"I want to call the cardiology department, what's their number?","contact_information","expansion","expansion/contact_information.txt:101"
"I need the email of the billing department","contact_information","expansion","expansion/contact_information.txt:102"
"How do I contact the insurance desk?","contact_information","expansion","expansion/contact_information.txt:103"
"Can I get the phone number for the lab?","contact_information","expansion","expansion/contact_information.txt:104"
"Who can I call about my admitted father?","contact_information","expansion","expansion/contact_information.txt:105"
"What's the number of the pharmacy?","contact_information","expansion","expansion/contact_information.txt:106"
"I'd like to speak with someone from customer service","contact_information","expansion","expansion/contact_information.txt:108"
"Tell me about the cardiology department","department_information","original","original_intent_dataset.csv:202"
"What departments do you have?","department_information","original","original_intent_dataset.csv:203"
"Do you have a neurology department?","department_information","original","original_intent_dataset.csv:204"
"Where is the radiology department?","department_information","original","original_intent_dataset.csv:205"
"What services does the oncology department offer?","department_information","original","original_intent_dataset.csv:206"
"Is there a pediatrics wing?","department_information","original","original_intent_dataset.csv:207"
"Which floor is the orthopedic department on?","department_information","original","original_intent_dataset.csv:208"
"Do you have a dialysis unit?","department_information","original","original_intent_dataset.csv:209"
"What does the physiotherapy department do?","department_information","original","original_intent_dataset.csv:210"
"Is there a maternity ward?","department_information","original","original_intent_dataset.csv:211"
"Do you have a burns unit?","department_information","original","original_intent_dataset.csv:212"
"What treatments are available in dermatology?","department_information","original","original_intent_dataset.csv:213"
"Does the hospital have a cancer center?","department_information","original","original_intent_dataset.csv:214"
"Is there a psychiatry department?","department_information","original","original_intent_dataset.csv:215"
"Tell me about your ENT services","department_information","original","original_intent_dataset.csv:216"
"Do you have a NICU?","department_information","original","original_intent_dataset.csv:217"
"What does the gastroenterology department treat?","department_information","original","original_intent_dataset.csv:218"
"Is there a dental department?","department_information","original","original_intent_dataset.csv:219"
"Where is the ICU located?","department_information","original","original_intent_dataset.csv:220"
"Do you have a fertility clinic?","department_information","original","original_intent_dataset.csv:221"
"What services does the cardiology department provide?","department_information","expansion","expansion/department_information.txt:3"
"Do you have a cardiac cath lab?","department_information","expansion","expansion/department_information.txt:4"
"Is there a heart centre in this hospital?","department_information","expansion","expansion/department_information.txt:5"
"What procedures does the cardiology unit do?","department_information","expansion","expansion/department_information.txt:6"
"Does your hospital have a stroke unit?","department_information","expansion","expansion/department_information.txt:7"
"Is there a dedicated neurosciences department?","department_information","expansion","expansion/department_information.txt:8"
"What does the nephrology department handle?","department_information","expansion","expansion/department_information.txt:9"
"Do you have a kidney transplant programme?","department_information","expansion","expansion/department_information.txt:10"
"Is there a liver transplant unit?","department_information","expansion","expansion/department_information.txt:11"
"Do you have a bone marrow transplant centre?","department_information","expansion","expansion/department_information.txt:12"
"What kind of cancer treatments does oncology offer?","department_information","expansion","expansion/department_information.txt:13"
"Do you provide radiation therapy?","department_information","expansion","expansion/department_information.txt:14"
"Is chemotherapy given at this hospital?","department_information","expansion","expansion/department_information.txt:15"
"Do you have a day-care chemotherapy unit?","department_information","expansion","expansion/department_information.txt:16"
"Is there a pain clinic?","department_information","expansion","expansion/department_information.txt:17"
"Is there a sleep lab?","department_information","expansion","expansion/department_information.txt:18"
"Do you have a dedicated diabetes centre?","department_information","expansion","expansion/department_information.txt:19"
"What does the endocrinology department treat?","department_information","expansion","expansion/department_information.txt:20"
"Is there a pulmonology department?","department_information","expansion","expansion/department_information.txt:21"
"Do you have a respiratory care unit?","department_information","expansion","expansion/department_information.txt:22"
"What surgeries does the general surgery department perform?","department_information","expansion","expansion/department_information.txt:23"
"Do you have a robotic surgery department?","department_information","expansion","expansion/department_information.txt:24"
"Is there a minimally invasive surgery unit?","department_information","expansion","expansion/department_information.txt:25"
"Is there a plastic surgery department?","department_information","expansion","expansion/department_information.txt:26"
"Do you have a cosmetic surgery wing?","department_information","expansion","expansion/department_information.txt:27"
"What does the urology department offer?","department_information","expansion","expansion/department_information.txt:28"
"Is there an andrology clinic?","department_information","expansion","expansion/department_information.txt:29"
"Do you have an IVF centre?","department_information","expansion","expansion/department_information.txt:30"
"Does the gynaecology department do laparoscopic surgery?","department_information","expansion","expansion/department_information.txt:31"
"Is there a high-risk pregnancy unit?","department_information","expansion","expansion/department_information.txt:32"
"Do you have a labour room?","department_information","expansion","expansion/department_information.txt:33"
"Is there a neonatal intensive care unit?","department_information","expansion","expansion/department_information.txt:34"
"Do you have a paediatric ICU?","department_information","expansion","expansion/department_information.txt:35"
"Is there a paediatric surgery department?","department_information","expansion","expansion/department_information.txt:36"
"Do you have a child development centre?","department_information","expansion","expansion/department_information.txt:37"
"Is there a geriatric care unit?","department_information","expansion","expansion/department_information.txt:38"
"Is there a palliative care department?","department_information","expansion","expansion/department_information.txt:39"
"Do you offer hospice services?","department_information","expansion","expansion/department_information.txt:40"
"What does the rheumatology department treat?","department_information","expansion","expansion/department_information.txt:41"
"Is there an orthopaedics and joint replacement centre?","department_information","expansion","expansion/department_information.txt:42"
"Do you have a spine surgery unit?","department_information","expansion","expansion/department_information.txt:43"
"Is there a sports medicine department?","department_information","expansion","expansion/department_information.txt:44"
"What does the physical medicine and rehabilitation department do?","department_information","expansion","expansion/department_information.txt:45"
"Is there an occupational therapy unit?","department_information","expansion","expansion/department_information.txt:46"
"Do you have speech therapy services?","department_information","expansion","expansion/department_information.txt:47"
"Is there an audiology department?","department_information","expansion","expansion/department_information.txt:48"
"Does the ENT department do cochlear implants?","department_information","expansion","expansion/department_information.txt:49"
"Is there an ophthalmology department?","department_information","expansion","expansion/department_information.txt:50"
"Does the eye department do LASIK?","department_information","expansion","expansion/department_information.txt:51"
"Is there a dental and maxillofacial department?","department_information","expansion","expansion/department_information.txt:52"
"Do you have a dermatology department?","department_information","expansion","expansion/department_information.txt:53"
"Does dermatology offer laser treatments?","department_information","expansion","expansion/department_information.txt:54"
"Do you have an endoscopy unit?","department_information","expansion","expansion/department_information.txt:56"
"Is there a hepatology department?","department_information","expansion","expansion/department_information.txt:57"
"Is there a haematology department?","department_information","expansion","expansion/department_information.txt:58"
"Is there a blood bank in the hospital?","department_information","expansion","expansion/department_information.txt:59"
"Do you have a pathology lab on site?","department_information","expansion","expansion/department_information.txt:60"
"Is there a radiology department with MRI?","department_information","expansion","expansion/department_information.txt:61"
"Do you have a PET-CT scan facility?","department_information","expansion","expansion/department_information.txt:62"
"Does the radiology department do interventional procedures?","department_information","expansion","expansion/department_information.txt:63"
"Is there a nuclear medicine department?","department_information","expansion","expansion/department_information.txt:64"
"Do you have a psychiatry ward?","department_information","expansion","expansion/department_information.txt:65"
"Is there a de-addiction centre?","department_information","expansion","expansion/department_information.txt:66"
"Do you have a mental health department?","department_information","expansion","expansion/department_information.txt:67"
"Is there a clinical psychology unit?","department_information","expansion","expansion/department_information.txt:68"
"Is there a nutrition and dietetics department?","department_information","expansion","expansion/department_information.txt:69"
"Do you have an infectious diseases department?","department_information","expansion","expansion/department_information.txt:70"
"Is there an isolation ward?","department_information","expansion","expansion/department_information.txt:71"
"Do you have a burns ICU?","department_information","expansion","expansion/department_information.txt:72"
"Is there a trauma care department?","department_information","expansion","expansion/department_information.txt:73"
"Is there a cardiac ICU?","department_information","expansion","expansion/department_information.txt:74"
"Do you have a surgical ICU?","department_information","expansion","expansion/department_information.txt:75"
"What is the difference between the ICU and HDU here?","department_information","expansion","expansion/department_information.txt:76"
"Do you have a dialysis centre and how many machines?","department_information","expansion","expansion/department_information.txt:77"
"Is there a vascular surgery department?","department_information","expansion","expansion/department_information.txt:78"
"Is there a thoracic surgery unit?","department_information","expansion","expansion/department_information.txt:79"
"Is there a neurosurgery department?","department_information","expansion","expansion/department_information.txt:80"
"Do you have a bariatric surgery unit?","department_information","expansion","expansion/department_information.txt:81"
"Where is the cardiology department located?","department_information","expansion","expansion/department_information.txt:82"
"On which floor is the oncology department?","department_information","expansion","expansion/department_information.txt:83"
"Which block is the paediatrics department in?","department_information","expansion","expansion/department_information.txt:84"
"How do I get to the radiology department from the main entrance?","department_information","expansion","expansion/department_information.txt:85"
"Where is the neurology OPD?","department_information","expansion","expansion/department_information.txt:86"
"Is the maternity ward in the main building?","department_information","expansion","expansion/department_information.txt:87"
"Where is the dialysis unit?","department_information","expansion","expansion/department_information.txt:88"
"which dept treats skin problems","department_information","expansion","expansion/department_information.txt:89"
"do u have a cancer dept","department_information","expansion","expansion/department_information.txt:90"
"is there a heart dept","department_information","expansion","expansion/department_information.txt:91"
"Wat does the ortho dept do","department_information","expansion","expansion/department_information.txt:92"
"What specialities does your hospital cover?","department_information","expansion","expansion/department_information.txt:93"
"Give me a list of all departments","department_information","expansion","expansion/department_information.txt:94"
"Which departments are available at the city branch?","department_information","expansion","expansion/department_information.txt:95"
"Do you have an allergy clinic?","department_information","expansion","expansion/department_information.txt:96"
"Is there a vaccination department?","department_information","expansion","expansion/department_information.txt:97"
"Is there a preventive health check-up department?","department_information","expansion","expansion/department_information.txt:98"
"Is there a department for organ donation?","department_information","expansion","expansion/department_information.txt:99"
"Does the hospital have a research department?","department_information","expansion","expansion/department_information.txt:100"
"Is there a department for clinical trials?","department_information","expansion","expansion/department_information.txt:101"
"Not a specific doctor, I just want to know what the cardiology department does","department_information","expansion","expansion/department_information.txt:104"
"What kind of services does the ENT department offer?","department_information","expansion","expansion/department_information.txt:105"
"Does your orthopaedic department do keyhole surgery?","department_information","expansion","expansion/department_information.txt:106"
"Is there a separate department for children's heart problems?","department_information","expansion","expansion/department_information.txt:107"
"Which department handles kidney problems?","department_information","expansion","expansion/department_information.txt:108"
"Which department should I go to for skin problems?","department_information","expansion","expansion/department_information.txt:109"
"Where is the paediatrics department?","department_information","expansion","expansion/department_information.txt:110"
"Does the hospital have an oncology wing?","department_information","expansion","expansion/department_information.txt:111"
"What facilities does the radiology department have?","department_information","expansion","expansion/department_information.txt:112"
"When will I be discharged?","discharge_query","original","original_intent_dataset.csv:282"
"What is the discharge process?","discharge_query","original","original_intent_dataset.csv:283"
"How long does discharge take?","discharge_query","original","original_intent_dataset.csv:284"
"My father is being discharged today, what do we do?","discharge_query","original","original_intent_dataset.csv:285"
"Can I get discharged early?","discharge_query","original","original_intent_dataset.csv:286"
"What documents will I get at discharge?","discharge_query","original","original_intent_dataset.csv:287"
"Who signs the discharge papers?","discharge_query","original","original_intent_dataset.csv:288"
"Can I go home today?","discharge_query","original","original_intent_dataset.csv:289"
"Is the discharge summary ready?","discharge_query","original","original_intent_dataset.csv:290"
"What time is discharge?","discharge_query","original","original_intent_dataset.csv:291"
"Do I need to clear the bill before discharge?","discharge_query","original","original_intent_dataset.csv:292"
"Can I leave against medical advice?","discharge_query","original","original_intent_dataset.csv:293"
"What happens after discharge?","discharge_query","original","original_intent_dataset.csv:294"
"When can my mother come home?","discharge_query","original","original_intent_dataset.csv:295"
"Who will explain the discharge instructions?","discharge_query","original","original_intent_dataset.csv:296"
"Can the discharge be delayed until evening?","discharge_query","original","original_intent_dataset.csv:297"
"Is there a discharge checklist?","discharge_query","original","original_intent_dataset.csv:298"
"We are waiting for discharge for hours","discharge_query","original","original_intent_dataset.csv:299"
"Will a nurse help with discharge?","discharge_query","original","original_intent_dataset.csv:300"
"Can we arrange transport at discharge?","discharge_query","original","original_intent_dataset.csv:301"
"When will my father be sent home?","discharge_query","expansion","expansion/discharge_query.txt:3"
"The doctor said I can go home, what's the process now?","discharge_query","expansion","expansion/discharge_query.txt:4"
"How long does the discharge process usually take?","discharge_query","expansion","expansion/discharge_query.txt:5"
"Why is my discharge taking so long?","discharge_query","expansion","expansion/discharge_query.txt:6"
"We've been waiting since morning for discharge","discharge_query","expansion","expansion/discharge_query.txt:7"
"Can you speed up my discharge?","discharge_query","expansion","expansion/discharge_query.txt:8"
"What time will the discharge papers be ready?","discharge_query","expansion","expansion/discharge_query.txt:9"
"Who prepares the discharge summary?","discharge_query","expansion","expansion/discharge_query.txt:10"
"Will I get a discharge summary before I leave?","discharge_query","expansion","expansion/discharge_query.txt:11"
"Can I get the discharge summary today itself?","discharge_query","expansion","expansion/discharge_query.txt:12"
"What instructions will I get when I'm discharged?","discharge_query","expansion","expansion/discharge_query.txt:13"
"Who will explain my medicines after discharge?","discharge_query","expansion","expansion/discharge_query.txt:14"
"Will the nurse go over the discharge instructions?","discharge_query","expansion","expansion/discharge_query.txt:15"
"Do I need a follow-up appointment after discharge?","discharge_query","expansion","expansion/discharge_query.txt:16"
"When should I come back after being discharged?","discharge_query","expansion","expansion/discharge_query.txt:17"
"Can I be discharged in the morning?","discharge_query","expansion","expansion/discharge_query.txt:18"
"Is discharge possible on a Sunday?","discharge_query","expansion","expansion/discharge_query.txt:19"
"Can I be discharged tonight?","discharge_query","expansion","expansion/discharge_query.txt:20"
"Can I go home a day early?","discharge_query","expansion","expansion/discharge_query.txt:21"
"The doctor hasn't signed my discharge yet","discharge_query","expansion","expansion/discharge_query.txt:22"
"Who needs to approve the discharge?","discharge_query","expansion","expansion/discharge_query.txt:23"
"Is the final bill required before discharge?","discharge_query","expansion","expansion/discharge_query.txt:24"
"What clearances are needed before discharge?","discharge_query","expansion","expansion/discharge_query.txt:25"
"Do I need insurance clearance before I can be discharged?","discharge_query","expansion","expansion/discharge_query.txt:26"
"Can I be discharged while the insurance approval is pending?","discharge_query","expansion","expansion/discharge_query.txt:27"
"Can I leave the hospital before the bill is finalized?","discharge_query","expansion","expansion/discharge_query.txt:28"
"Can I take my reports with me at discharge?","discharge_query","expansion","expansion/discharge_query.txt:29"
"Will I get my X-ray films at discharge?","discharge_query","expansion","expansion/discharge_query.txt:30"
"What happens if I want to leave against medical advice?","discharge_query","expansion","expansion/discharge_query.txt:31"
"What is the LAMA process?","discharge_query","expansion","expansion/discharge_query.txt:32"
"Can a patient be discharged on request?","discharge_query","expansion","expansion/discharge_query.txt:33"
"Can my mother be discharged to a rehab centre?","discharge_query","expansion","expansion/discharge_query.txt:34"
"Can you arrange an ambulance for going home after discharge?","discharge_query","expansion","expansion/discharge_query.txt:35"
"Do you help with transport after discharge?","discharge_query","expansion","expansion/discharge_query.txt:36"
"Can a nurse visit at home after discharge?","discharge_query","expansion","expansion/discharge_query.txt:37"
"Is home care available after discharge?","discharge_query","expansion","expansion/discharge_query.txt:38"
"What should I do if I feel unwell after discharge?","discharge_query","expansion","expansion/discharge_query.txt:39"
"Can I get a fitness certificate at discharge?","discharge_query","expansion","expansion/discharge_query.txt:41"
"Will I get a medical certificate for work when I'm discharged?","discharge_query","expansion","expansion/discharge_query.txt:42"
"Can my baby be discharged with me after delivery?","discharge_query","expansion","expansion/discharge_query.txt:43"
"When will my newborn be discharged from the NICU?","discharge_query","expansion","expansion/discharge_query.txt:44"
"When can my father leave the ICU and go home?","discharge_query","expansion","expansion/discharge_query.txt:45"
"Is my wife ready for discharge?","discharge_query","expansion","expansion/discharge_query.txt:46"
"Has the doctor cleared my son for discharge?","discharge_query","expansion","expansion/discharge_query.txt:47"
"Is my discharge confirmed for today?","discharge_query","expansion","expansion/discharge_query.txt:48"
"What's the discharge time on the day of leaving?","discharge_query","expansion","expansion/discharge_query.txt:49"
"Do I need to vacate the room by a certain time after discharge?","discharge_query","expansion","expansion/discharge_query.txt:50"
"Can I stay a few extra hours after discharge?","discharge_query","expansion","expansion/discharge_query.txt:51"
"Will I get my discharge medicines before I leave?","discharge_query","expansion","expansion/discharge_query.txt:52"
"Do I collect the discharge medicines from the pharmacy myself?","discharge_query","expansion","expansion/discharge_query.txt:53"
"Can the discharge be postponed till tomorrow?","discharge_query","expansion","expansion/discharge_query.txt:54"
"I'm not ready to go home yet, can discharge wait?","discharge_query","expansion","expansion/discharge_query.txt:55"
"Can I be discharged even though I'm still in pain?","discharge_query","expansion","expansion/discharge_query.txt:56"
"discharge kab hoga","discharge_query","expansion","expansion/discharge_query.txt:57"
"discharge time pls","discharge_query","expansion","expansion/discharge_query.txt:58"
"when is my discharg","discharge_query","expansion","expansion/discharge_query.txt:59"
"wat is discharge process","discharge_query","expansion","expansion/discharge_query.txt:60"
"I want to take my mother home today","discharge_query","expansion","expansion/discharge_query.txt:61"
"Can I go home after the surgery today?","discharge_query","expansion","expansion/discharge_query.txt:62"
"Is same-day discharge possible after a day-care procedure?","discharge_query","expansion","expansion/discharge_query.txt:63"
"How many days after surgery is discharge usually?","discharge_query","expansion","expansion/discharge_query.txt:64"
"What documents should I keep after discharge?","discharge_query","expansion","expansion/discharge_query.txt:65"
"Can someone else collect the discharge papers for me?","discharge_query","expansion","expansion/discharge_query.txt:66"
"My relative is being discharged and I'm not there, what do I do?","discharge_query","expansion","expansion/discharge_query.txt:67"
"Will the doctor see me before discharge?","discharge_query","expansion","expansion/discharge_query.txt:68"
"I need to know the discharge diet instructions","discharge_query","expansion","expansion/discharge_query.txt:69"
"Who explains wound care before I leave?","discharge_query","expansion","expansion/discharge_query.txt:70"
"Can I get the discharge summary emailed to me?","discharge_query","expansion","expansion/discharge_query.txt:71"
"The discharge summary has an error in it","discharge_query","expansion","expansion/discharge_query.txt:72"
"Can the discharge summary be corrected before I leave?","discharge_query","expansion","expansion/discharge_query.txt:73"
"Is a follow-up booked automatically when I'm discharged?","discharge_query","expansion","expansion/discharge_query.txt:74"
"What medicines do I need to continue after discharge?","discharge_query","expansion","expansion/discharge_query.txt:75"
"Can you give us a discharge checklist?","discharge_query","expansion","expansion/discharge_query.txt:76"
"What should we prepare for going home?","discharge_query","expansion","expansion/discharge_query.txt:77"
"Do we need to return anything before discharge?","discharge_query","expansion","expansion/discharge_query.txt:78"
"Can I keep the hospital wristband after discharge?","discharge_query","expansion","expansion/discharge_query.txt:79"
"Can a discharge happen late at night?","discharge_query","expansion","expansion/discharge_query.txt:80"
"How is discharge handled for insurance patients?","discharge_query","expansion","expansion/discharge_query.txt:81"
"Is there a separate discharge lounge?","discharge_query","expansion","expansion/discharge_query.txt:82"
"Where do we wait after discharge is approved?","discharge_query","expansion","expansion/discharge_query.txt:83"
"My father is ready to go home but the paperwork isn't done","discharge_query","expansion","expansion/discharge_query.txt:84"
"Can you check on the status of my discharge?","discharge_query","expansion","expansion/discharge_query.txt:85"
"Can we arrange home oxygen before discharge?","discharge_query","expansion","expansion/discharge_query.txt:86"
"Will physiotherapy continue after discharge?","discharge_query","expansion","expansion/discharge_query.txt:87"
"Can I get a wheelchair to the car at discharge?","discharge_query","expansion","expansion/discharge_query.txt:88"
"Who arranges equipment for home after discharge?","discharge_query","expansion","expansion/discharge_query.txt:89"
"What happens on the day of discharge?","discharge_query","expansion","expansion/discharge_query.txt:90"
"I want to discharge my father and shift him to another hospital","discharge_query","expansion","expansion/discharge_query.txt:91"
"Can I be transferred to another hospital instead of being discharged home?","discharge_query","expansion","expansion/discharge_query.txt:92"
"How do I get a referral letter at discharge?","discharge_query","expansion","expansion/discharge_query.txt:93"
"When will my grandmother be released from the hospital?","discharge_query","expansion","expansion/discharge_query.txt:94"
"Hi, when will my father be discharged?","discharge_query","expansion","expansion/discharge_query.txt:96"
"Not admission, I want to know about the discharge process","discharge_query","expansion","expansion/discharge_query.txt:97"
"I need my discharge summary for this stay before leaving","discharge_query","expansion","expansion/discharge_query.txt:98"
"My mother is going home today, what do we need to do?","discharge_query","expansion","expansion/discharge_query.txt:99"
"What paperwork is needed at discharge?","discharge_query","expansion","expansion/discharge_query.txt:100"
"How long until the discharge is complete?","discharge_query","expansion","expansion/discharge_query.txt:101"
"Can I be discharged before noon?","discharge_query","expansion","expansion/discharge_query.txt:102"
"Is the doctor coming to sign the discharge?","discharge_query","expansion","expansion/discharge_query.txt:103"
"What happens after the bill is cleared at discharge?","discharge_query","expansion","expansion/discharge_query.txt:104"
"When can my baby go home from the hospital?","discharge_query","expansion","expansion/discharge_query.txt:105"
"I need a cardiologist","doctor_search","original","original_intent_dataset.csv:62"
"Which doctor should I see for a heart problem?","doctor_search","original","original_intent_dataset.csv:63"
"Find me a good dermatologist","doctor_search","original","original_intent_dataset.csv:64"
"Do you have a pediatrician?","doctor_search","original","original_intent_dataset.csv:65"
"Who is the best neurologist here?","doctor_search","original","original_intent_dataset.csv:66"
"I'm looking for a female gynecologist","doctor_search","original","original_intent_dataset.csv:67"
"Is Dr. Mehta available today?","doctor_search","original","original_intent_dataset.csv:68"
"Which doctors work in orthopedics?","doctor_search","original","original_intent_dataset.csv:69"
"I want to consult a cardiac specialist","doctor_search","original","original_intent_dataset.csv:70"
"Can you recommend a doctor for back pain?","doctor_search","original","original_intent_dataset.csv:71"
"List the ENT doctors","doctor_search","original","original_intent_dataset.csv:72"
"Does Dr. Gupta still work at this hospital?","doctor_search","original","original_intent_dataset.csv:73"
"I need a specialist for diabetes","doctor_search","original","original_intent_dataset.csv:74"
"What are the qualifications of Dr. Iyer?","doctor_search","original","original_intent_dataset.csv:75"
"Is there an eye doctor available?","doctor_search","original","original_intent_dataset.csv:76"
"Who should I consult for kidney stones?","doctor_search","original","original_intent_dataset.csv:77"
"Find a psychiatrist for me","doctor_search","original","original_intent_dataset.csv:78"
"Which doctor treats thyroid issues?","doctor_search","original","original_intent_dataset.csv:79"
"Are there any doctors who speak Tamil?","doctor_search","original","original_intent_dataset.csv:80"
"Can I speak to someone about my heart?","doctor_search","original","original_intent_dataset.csv:81"
"I need to see a dermatologist next week","doctor_search","expansion","expansion/doctor_search.txt:3"
"I need to see a neurologist soon","doctor_search","expansion","expansion/doctor_search.txt:4"
"I'd like to consult a cardiac specialist","doctor_search","expansion","expansion/doctor_search.txt:5"
"Who is the head of cardiology?","doctor_search","expansion","expansion/doctor_search.txt:6"
"Which cardiologist is available on weekends?","doctor_search","expansion","expansion/doctor_search.txt:7"
"Can you suggest a doctor for my skin rash?","doctor_search","expansion","expansion/doctor_search.txt:8"
"I'm looking for a child specialist","doctor_search","expansion","expansion/doctor_search.txt:9"
"Who treats asthma at your hospital?","doctor_search","expansion","expansion/doctor_search.txt:10"
"I want a doctor who specializes in sports injuries","doctor_search","expansion","expansion/doctor_search.txt:11"
"Is there a kidney specialist I can consult?","doctor_search","expansion","expansion/doctor_search.txt:12"
"Do you have a nephrologist?","doctor_search","expansion","expansion/doctor_search.txt:13"
"I need an oncologist for a second opinion","doctor_search","expansion","expansion/doctor_search.txt:14"
"Which surgeon does knee replacements here?","doctor_search","expansion","expansion/doctor_search.txt:15"
"Who is the most experienced spine surgeon at this hospital?","doctor_search","expansion","expansion/doctor_search.txt:16"
"Can you tell me about Dr. Reddy's experience?","doctor_search","expansion","expansion/doctor_search.txt:17"
"Is Dr. Thomas a cardiologist or a cardiac surgeon?","doctor_search","expansion","expansion/doctor_search.txt:18"
"I want to know which days Dr. Pillai sees patients","doctor_search","expansion","expansion/doctor_search.txt:19"
"Which doctor should I go to for chronic headaches?","doctor_search","expansion","expansion/doctor_search.txt:20"
"Who can help me with hair loss?","doctor_search","expansion","expansion/doctor_search.txt:21"
"I need a specialist for my stomach issues","doctor_search","expansion","expansion/doctor_search.txt:22"
"Find me a gastroenterologist","doctor_search","expansion","expansion/doctor_search.txt:23"
"Do you have any lady doctors in gynaecology?","doctor_search","expansion","expansion/doctor_search.txt:24"
"I'd prefer a male urologist, do you have one?","doctor_search","expansion","expansion/doctor_search.txt:25"
"Which doctor handles pregnancy care?","doctor_search","expansion","expansion/doctor_search.txt:26"
"Is there an endocrinologist who sees thyroid patients?","doctor_search","expansion","expansion/doctor_search.txt:27"
"Who should my father see for his memory problems?","doctor_search","expansion","expansion/doctor_search.txt:28"
"I'm looking for a geriatric specialist for my grandmother","doctor_search","expansion","expansion/doctor_search.txt:29"
"Is there a doctor who treats sleep apnea?","doctor_search","expansion","expansion/doctor_search.txt:30"
"Which ENT doctor is good for sinus problems?","doctor_search","expansion","expansion/doctor_search.txt:31"
"I want an eye specialist for cataract surgery","doctor_search","expansion","expansion/doctor_search.txt:32"
"Can you name a good pulmonologist here?","doctor_search","expansion","expansion/doctor_search.txt:33"
"Who is the rheumatologist at this hospital?","doctor_search","expansion","expansion/doctor_search.txt:34"
"I need a heart doctor","doctor_search","expansion","expansion/doctor_search.txt:35"
"Looking for a bone doctor","doctor_search","expansion","expansion/doctor_search.txt:36"
"Need a good skin specialist","doctor_search","expansion","expansion/doctor_search.txt:37"
"is there a dentist on staff","doctor_search","expansion","expansion/doctor_search.txt:38"
"pls suggest a doc for joint pain","doctor_search","expansion","expansion/doctor_search.txt:39"
"I need a peadiatrician for my baby","doctor_search","expansion","expansion/doctor_search.txt:40"
"Which doctr is best for diabetes?","doctor_search","expansion","expansion/doctor_search.txt:41"
"Do you have a hematologist?","doctor_search","expansion","expansion/doctor_search.txt:42"
"I want to find a doctor who speaks Hindi","doctor_search","expansion","expansion/doctor_search.txt:43"
"Is there a doctor available for consultation right now?","doctor_search","expansion","expansion/doctor_search.txt:44"
"Which doctors are on duty today in general medicine?","doctor_search","expansion","expansion/doctor_search.txt:45"
"Who is the consultant on call for orthopaedics tonight?","doctor_search","expansion","expansion/doctor_search.txt:46"
"Is Dr. Ahmed in the hospital today?","doctor_search","expansion","expansion/doctor_search.txt:47"
"When is Dr. Kulkarni available?","doctor_search","expansion","expansion/doctor_search.txt:48"
"Does Dr. Singh see children as well?","doctor_search","expansion","expansion/doctor_search.txt:49"
"Has Dr. Das moved to another hospital?","doctor_search","expansion","expansion/doctor_search.txt:50"
"Which specialist should I see for chest discomfort that comes and goes?","doctor_search","expansion","expansion/doctor_search.txt:51"
"What kind of doctor treats vertigo?","doctor_search","expansion","expansion/doctor_search.txt:52"
"Who do I consult for allergies?","doctor_search","expansion","expansion/doctor_search.txt:53"
"I'd like to know the names of your cardiologists","doctor_search","expansion","expansion/doctor_search.txt:54"
"Can I get a list of doctors in the neurology team?","doctor_search","expansion","expansion/doctor_search.txt:55"
"I'm looking for a plastic surgeon","doctor_search","expansion","expansion/doctor_search.txt:56"
"Who does cosmetic procedures here?","doctor_search","expansion","expansion/doctor_search.txt:57"
"Which doctor does laser eye surgery?","doctor_search","expansion","expansion/doctor_search.txt:58"
"I want to consult a psychiatrist about anxiety","doctor_search","expansion","expansion/doctor_search.txt:59"
"Is there a psychologist or counsellor I can talk to?","doctor_search","expansion","expansion/doctor_search.txt:60"
"I need a doctor for my child's speech delay","doctor_search","expansion","expansion/doctor_search.txt:61"
"Who is the best obstetrician at this hospital?","doctor_search","expansion","expansion/doctor_search.txt:62"
"Is there a fertility specialist I can consult?","doctor_search","expansion","expansion/doctor_search.txt:63"
"Which surgeon performs bariatric surgery?","doctor_search","expansion","expansion/doctor_search.txt:64"
"Do you have a vascular surgeon?","doctor_search","expansion","expansion/doctor_search.txt:65"
"I need a doctor experienced in treating PCOS","doctor_search","expansion","expansion/doctor_search.txt:66"
"Recommend a doctor for my father's prostate problem","doctor_search","expansion","expansion/doctor_search.txt:67"
"Who treats varicose veins?","doctor_search","expansion","expansion/doctor_search.txt:68"
"Is there a doctor for physiotherapy referrals?","doctor_search","expansion","expansion/doctor_search.txt:69"
"I need a specialist for my liver condition","doctor_search","expansion","expansion/doctor_search.txt:70"
"Do you have a hepatologist?","doctor_search","expansion","expansion/doctor_search.txt:71"
"Which oncologist treats breast cancer?","doctor_search","expansion","expansion/doctor_search.txt:72"
"Who is the senior neurosurgeon?","doctor_search","expansion","expansion/doctor_search.txt:73"
"I need a general physician","doctor_search","expansion","expansion/doctor_search.txt:74"
"I'm looking for a family doctor","doctor_search","expansion","expansion/doctor_search.txt:75"
"Can I see the profile of Dr. Menon?","doctor_search","expansion","expansion/doctor_search.txt:76"
"What languages does Dr. Chen speak?","doctor_search","expansion","expansion/doctor_search.txt:77"
"Where did Dr. Joseph train?","doctor_search","expansion","expansion/doctor_search.txt:78"
"How many years of experience does the cardiologist have?","doctor_search","expansion","expansion/doctor_search.txt:79"
"Do any of your doctors specialize in tropical diseases?","doctor_search","expansion","expansion/doctor_search.txt:80"
"Who treats infectious diseases here?","doctor_search","expansion","expansion/doctor_search.txt:81"
"I need a doctor who can treat my chronic cough","doctor_search","expansion","expansion/doctor_search.txt:82"
"Which doctor should I see about my blood pressure?","doctor_search","expansion","expansion/doctor_search.txt:83"
"I'm searching for a pain management specialist","doctor_search","expansion","expansion/doctor_search.txt:84"
"Is there an anaesthetist I can speak to before surgery?","doctor_search","expansion","expansion/doctor_search.txt:85"
"Do you have a dietitian or nutrition expert?","doctor_search","expansion","expansion/doctor_search.txt:86"
"I want a second opinion from another cardiologist","doctor_search","expansion","expansion/doctor_search.txt:87"
"Can I see a different doctor from the one I saw last time?","doctor_search","expansion","expansion/doctor_search.txt:88"
"Which doctor treats children with asthma?","doctor_search","expansion","expansion/doctor_search.txt:89"
"Who looks after newborn babies?","doctor_search","expansion","expansion/doctor_search.txt:90"
"I need an ophthalmologist","doctor_search","expansion","expansion/doctor_search.txt:91"
"Can you help me find the right specialist for my symptoms?","doctor_search","expansion","expansion/doctor_search.txt:92"
"I don't know which doctor to see for my back","doctor_search","expansion","expansion/doctor_search.txt:93"
"Which specialist deals with hormone problems?","doctor_search","expansion","expansion/doctor_search.txt:94"
"I want to know if there's a heart specialist free this afternoon","doctor_search","expansion","expansion/doctor_search.txt:95"
"Who is the doctor in charge of the dialysis patients?","doctor_search","expansion","expansion/doctor_search.txt:96"
"Is there a doctor for hearing problems?","doctor_search","expansion","expansion/doctor_search.txt:97"
"I'd like to find an audiologist","doctor_search","expansion","expansion/doctor_search.txt:98"
"Who should I talk to about my knee pain?","doctor_search","expansion","expansion/doctor_search.txt:99"
"I want a doctor who has experience with elderly patients","doctor_search","expansion","expansion/doctor_search.txt:100"
"Is there a specialist who treats migraines?","doctor_search","expansion","expansion/doctor_search.txt:101"
"Is there any doctor available who works late evenings?","doctor_search","expansion","expansion/doctor_search.txt:102"
"Hi, which doctor should I see for knee pain?","doctor_search","expansion","expansion/doctor_search.txt:104"
"I don't need the cardiology department info, I need the name of a good cardiologist","doctor_search","expansion","expansion/doctor_search.txt:105"
"Not the department, I want to know which specialist to see","doctor_search","expansion","expansion/doctor_search.txt:106"
"Which neurologist in the neurology department is available today?","doctor_search","expansion","expansion/doctor_search.txt:107"
"Who are the doctors in the oncology department?","doctor_search","expansion","expansion/doctor_search.txt:108"
"I'm looking for a cardiologist who can see me soon","doctor_search","expansion","expansion/doctor_search.txt:109"
"I need to see an orthopaedic specialist next week","doctor_search","expansion","expansion/doctor_search.txt:110"
"Is there an ENT specialist who can see my son?","doctor_search","expansion","expansion/doctor_search.txt:111"
"I'm searching for a kidney doctor for my mother","doctor_search","expansion","expansion/doctor_search.txt:112"
"Which doctor is best for my child's recurring fever?","doctor_search","expansion","expansion/doctor_search.txt:113"
"Can you tell me which gynaecologists are working here?","doctor_search","expansion","expansion/doctor_search.txt:114"
"This is an emergency","emergency_assistance","original","original_intent_dataset.csv:102"
"I need an ambulance right now","emergency_assistance","original","original_intent_dataset.csv:103"
"My father is having chest pain","emergency_assistance","original","original_intent_dataset.csv:104"
"Someone has collapsed and is not breathing","emergency_assistance","original","original_intent_dataset.csv:105"
"Help, there's been an accident","emergency_assistance","original","original_intent_dataset.csv:106"
"Where is the emergency room?","emergency_assistance","original","original_intent_dataset.csv:107"
"My child swallowed something and is choking","emergency_assistance","original","original_intent_dataset.csv:108"
"I think I'm having a heart attack","emergency_assistance","original","original_intent_dataset.csv:109"
"She is bleeding heavily","emergency_assistance","original","original_intent_dataset.csv:110"
"Send an ambulance to my house","emergency_assistance","original","original_intent_dataset.csv:111"
"My mother fainted and won't wake up","emergency_assistance","original","original_intent_dataset.csv:112"
"I need urgent help","emergency_assistance","original","original_intent_dataset.csv:113"
"Someone is having a seizure","emergency_assistance","original","original_intent_dataset.csv:114"
"He can't breathe properly","emergency_assistance","original","original_intent_dataset.csv:115"
"Is the emergency department open now?","emergency_assistance","original","original_intent_dataset.csv:116"
"I was bitten by a snake","emergency_assistance","original","original_intent_dataset.csv:117"
"My wife is in labour and the pain is severe","emergency_assistance","original","original_intent_dataset.csv:118"
"There's a burn injury, what should I do?","emergency_assistance","original","original_intent_dataset.csv:119"
"I think someone is having a stroke","emergency_assistance","original","original_intent_dataset.csv:120"
"Emergency! Please help","emergency_assistance","original","original_intent_dataset.csv:121"
"My father is having severe chest pain right now","emergency_assistance","expansion","expansion/emergency_assistance.txt:2"
"My grandmother suddenly can't speak and her face is drooping","emergency_assistance","expansion","expansion/emergency_assistance.txt:3"
"Someone in my family has fallen down the stairs and is unconscious","emergency_assistance","expansion","expansion/emergency_assistance.txt:4"
"My baby is not breathing properly","emergency_assistance","expansion","expansion/emergency_assistance.txt:5"
"My child has a very high fever and is having a fit","emergency_assistance","expansion","expansion/emergency_assistance.txt:6"
"There's been a car accident and someone is badly hurt","emergency_assistance","expansion","expansion/emergency_assistance.txt:7"
"I need an ambulance urgently at my address","emergency_assistance","expansion","expansion/emergency_assistance.txt:8"
"Please send help, my husband collapsed","emergency_assistance","expansion","expansion/emergency_assistance.txt:9"
"I think my friend has overdosed","emergency_assistance","expansion","expansion/emergency_assistance.txt:10"
"My son drank something poisonous","emergency_assistance","expansion","expansion/emergency_assistance.txt:11"
"He is bleeding a lot from his head","emergency_assistance","expansion","expansion/emergency_assistance.txt:12"
"I cut my hand badly and the bleeding won't stop","emergency_assistance","expansion","expansion/emergency_assistance.txt:13"
"My mother is having trouble breathing and her lips are turning blue","emergency_assistance","expansion","expansion/emergency_assistance.txt:14"
"I'm having severe chest pain and sweating","emergency_assistance","expansion","expansion/emergency_assistance.txt:15"
"I feel like I'm going to pass out and my chest hurts","emergency_assistance","expansion","expansion/emergency_assistance.txt:16"
"My dad is having a heart attack, what do I do?","emergency_assistance","expansion","expansion/emergency_assistance.txt:17"
"Someone is choking and can't breathe","emergency_assistance","expansion","expansion/emergency_assistance.txt:18"
"My wife's water broke and the baby is coming","emergency_assistance","expansion","expansion/emergency_assistance.txt:19"
"She's pregnant and bleeding heavily","emergency_assistance","expansion","expansion/emergency_assistance.txt:20"
"My child fell and hit his head and is vomiting","emergency_assistance","expansion","expansion/emergency_assistance.txt:21"
"I've been stung by a bee and my throat is swelling","emergency_assistance","expansion","expansion/emergency_assistance.txt:22"
"I'm having a severe allergic reaction","emergency_assistance","expansion","expansion/emergency_assistance.txt:23"
"I can't breathe","emergency_assistance","expansion","expansion/emergency_assistance.txt:24"
"Help me please, I'm in a lot of pain","emergency_assistance","expansion","expansion/emergency_assistance.txt:25"
"He's having a seizure and won't stop shaking","emergency_assistance","expansion","expansion/emergency_assistance.txt:26"
"Somebody got electrocuted","emergency_assistance","expansion","expansion/emergency_assistance.txt:27"
"There's a fire and people are injured","emergency_assistance","expansion","expansion/emergency_assistance.txt:28"
"My neighbour is unconscious on the floor","emergency_assistance","expansion","expansion/emergency_assistance.txt:29"
"My father isn't responding to us","emergency_assistance","expansion","expansion/emergency_assistance.txt:30"
"I think my mother is having a stroke","emergency_assistance","expansion","expansion/emergency_assistance.txt:31"
"My friend is talking about ending his life","emergency_assistance","expansion","expansion/emergency_assistance.txt:32"
"I want to hurt myself","emergency_assistance","expansion","expansion/emergency_assistance.txt:33"
"I'm thinking of killing myself","emergency_assistance","expansion","expansion/emergency_assistance.txt:34"
"URGENT need ambulance","emergency_assistance","expansion","expansion/emergency_assistance.txt:36"
"help help my dad cant breathe","emergency_assistance","expansion","expansion/emergency_assistance.txt:37"
"plz send ambulance fast","emergency_assistance","expansion","expansion/emergency_assistance.txt:38"
"emergancy my son is hurt","emergency_assistance","expansion","expansion/emergency_assistance.txt:39"
"My husband is having a severe asthma attack and the inhaler isn't working","emergency_assistance","expansion","expansion/emergency_assistance.txt:40"
"My child swallowed a battery","emergency_assistance","expansion","expansion/emergency_assistance.txt:41"
"My dog bit my daughter and it's bleeding badly","emergency_assistance","expansion","expansion/emergency_assistance.txt:42"
"I've been in an accident and I think my leg is broken","emergency_assistance","expansion","expansion/emergency_assistance.txt:43"
"I fell and can't move my legs","emergency_assistance","expansion","expansion/emergency_assistance.txt:44"
"My elderly father fell and is not getting up","emergency_assistance","expansion","expansion/emergency_assistance.txt:45"
"I'm diabetic and feeling extremely dizzy and confused","emergency_assistance","expansion","expansion/emergency_assistance.txt:46"
"My sugar level dropped and I'm shaking badly","emergency_assistance","expansion","expansion/emergency_assistance.txt:47"
"My kid swallowed my pills","emergency_assistance","expansion","expansion/emergency_assistance.txt:48"
"I was hit by a vehicle","emergency_assistance","expansion","expansion/emergency_assistance.txt:49"
"There's someone lying unconscious on the road outside your hospital","emergency_assistance","expansion","expansion/emergency_assistance.txt:50"
"Is the emergency ward open, I'm bringing a patient now?","emergency_assistance","expansion","expansion/emergency_assistance.txt:51"
"Where should I go for emergency treatment?","emergency_assistance","expansion","expansion/emergency_assistance.txt:52"
"How do I get to the casualty department quickly?","emergency_assistance","expansion","expansion/emergency_assistance.txt:53"
"Where is the ER entrance?","emergency_assistance","expansion","expansion/emergency_assistance.txt:54"
"Does the hospital have a 24-hour emergency department?","emergency_assistance","expansion","expansion/emergency_assistance.txt:55"
"Is there a trauma centre at this hospital?","emergency_assistance","expansion","expansion/emergency_assistance.txt:56"
"I need to bring someone to emergency immediately","emergency_assistance","expansion","expansion/emergency_assistance.txt:57"
"Which gate do I use for the emergency department?","emergency_assistance","expansion","expansion/emergency_assistance.txt:58"
"My baby has stopped crying and is very limp","emergency_assistance","expansion","expansion/emergency_assistance.txt:59"
"My mother's heartbeat is very irregular and she feels faint","emergency_assistance","expansion","expansion/emergency_assistance.txt:60"
"I have sudden severe pain in my stomach and I'm vomiting blood","emergency_assistance","expansion","expansion/emergency_assistance.txt:61"
"I'm coughing up blood","emergency_assistance","expansion","expansion/emergency_assistance.txt:62"
"My vision suddenly went dark and my head is pounding","emergency_assistance","expansion","expansion/emergency_assistance.txt:63"
"There's a gas leak and people are fainting","emergency_assistance","expansion","expansion/emergency_assistance.txt:64"
"Someone drowned and we pulled him out","emergency_assistance","expansion","expansion/emergency_assistance.txt:65"
"My father had a heart attack before and now the pain is back","emergency_assistance","expansion","expansion/emergency_assistance.txt:66"
"My wife is having contractions and we're on the way","emergency_assistance","expansion","expansion/emergency_assistance.txt:67"
"I've burned my arm badly with boiling water","emergency_assistance","expansion","expansion/emergency_assistance.txt:68"
"My son has a deep cut and needs stitches urgently","emergency_assistance","expansion","expansion/emergency_assistance.txt:69"
"My child has a high fever and a rash and is very drowsy","emergency_assistance","expansion","expansion/emergency_assistance.txt:70"
"Someone has been stabbed","emergency_assistance","expansion","expansion/emergency_assistance.txt:71"
"There's an injured person here who needs urgent care","emergency_assistance","expansion","expansion/emergency_assistance.txt:72"
"I need immediate medical attention","emergency_assistance","expansion","expansion/emergency_assistance.txt:73"
"This is life or death please hurry","emergency_assistance","expansion","expansion/emergency_assistance.txt:74"
"I think I'm dying","emergency_assistance","expansion","expansion/emergency_assistance.txt:75"
"My grandfather's breathing is very slow and he won't wake up","emergency_assistance","expansion","expansion/emergency_assistance.txt:76"
"Can you send an ambulance to the market area?","emergency_assistance","expansion","expansion/emergency_assistance.txt:77"
"How fast can an ambulance get here?","emergency_assistance","expansion","expansion/emergency_assistance.txt:78"
"I need an emergency doctor now","emergency_assistance","expansion","expansion/emergency_assistance.txt:79"
"My mother took too many sleeping pills","emergency_assistance","expansion","expansion/emergency_assistance.txt:80"
"My friend is having a panic attack and can't breathe","emergency_assistance","expansion","expansion/emergency_assistance.txt:81"
"My sister fainted and hit her head","emergency_assistance","expansion","expansion/emergency_assistance.txt:82"
"My brother is having chest pain after exercise","emergency_assistance","expansion","expansion/emergency_assistance.txt:83"
"I need help immediately, my baby is turning blue","emergency_assistance","expansion","expansion/emergency_assistance.txt:84"
"I've had a severe head injury","emergency_assistance","expansion","expansion/emergency_assistance.txt:85"
"I'm bleeding and feeling weak","emergency_assistance","expansion","expansion/emergency_assistance.txt:86"
"Severe chest pain, what should I do?","emergency_assistance","expansion","expansion/emergency_assistance.txt:87"
"Someone is unconscious and not breathing, help","emergency_assistance","expansion","expansion/emergency_assistance.txt:88"
"My husband is sweating, has chest pain and his arm hurts","emergency_assistance","expansion","expansion/emergency_assistance.txt:89"
"My child is having difficulty breathing after eating peanuts","emergency_assistance","expansion","expansion/emergency_assistance.txt:90"
"My mom suddenly can't move one side of her body","emergency_assistance","expansion","expansion/emergency_assistance.txt:91"
"There's been a serious accident on the highway","emergency_assistance","expansion","expansion/emergency_assistance.txt:92"
"Urgent help needed for a pregnant woman","emergency_assistance","expansion","expansion/emergency_assistance.txt:93"
"My dad's blood pressure is extremely high and he has a severe headache","emergency_assistance","expansion","expansion/emergency_assistance.txt:94"
"I can't stop vomiting and I'm very weak","emergency_assistance","expansion","expansion/emergency_assistance.txt:95"
"I took the wrong medicine and feel very sick","emergency_assistance","expansion","expansion/emergency_assistance.txt:96"
"Hi, my father has chest pain and is sweating, please help","emergency_assistance","expansion","expansion/emergency_assistance.txt:98"
"Not an appointment, this is an emergency, my mother collapsed","emergency_assistance","expansion","expansion/emergency_assistance.txt:99"
"I don't have time to book, my son can't breathe","emergency_assistance","expansion","expansion/emergency_assistance.txt:100"
"Please help, my husband suddenly fainted and is not responding","emergency_assistance","expansion","expansion/emergency_assistance.txt:101"
"My child is having a severe asthma attack right now","emergency_assistance","expansion","expansion/emergency_assistance.txt:102"
"My grandmother fell and is bleeding from her head","emergency_assistance","expansion","expansion/emergency_assistance.txt:103"
"I have crushing chest pain and my left arm is numb","emergency_assistance","expansion","expansion/emergency_assistance.txt:104"
"Someone here has a very bad injury and needs help now","emergency_assistance","expansion","expansion/emergency_assistance.txt:105"
"My wife is having a seizure, what do we do?","emergency_assistance","expansion","expansion/emergency_assistance.txt:106"
"I need emergency help, my friend is unconscious","emergency_assistance","expansion","expansion/emergency_assistance.txt:107"
"My baby has swallowed a coin and is struggling to breathe","emergency_assistance","expansion","expansion/emergency_assistance.txt:108"
"Is there parking at the hospital?","facility_information","original","original_intent_dataset.csv:242"
"Do you have a cafeteria?","facility_information","original","original_intent_dataset.csv:243"
"Is there free Wi-Fi?","facility_information","original","original_intent_dataset.csv:244"
"Do you have wheelchair access?","facility_information","original","original_intent_dataset.csv:245"
"Are there private rooms available?","facility_information","original","original_intent_dataset.csv:246"
"Is there an ATM inside the hospital?","facility_information","original","original_intent_dataset.csv:247"
"Do you have a prayer room?","facility_information","original","original_intent_dataset.csv:248"
"Can attendants stay overnight?","facility_information","original","original_intent_dataset.csv:249"
"Is there a waiting area for families?","facility_information","original","original_intent_dataset.csv:250"
"Do you provide wheelchairs?","facility_information","original","original_intent_dataset.csv:251"
"Are there lockers for visitors?","facility_information","original","original_intent_dataset.csv:252"
"Is there a guest house for relatives?","facility_information","original","original_intent_dataset.csv:253"
"Do rooms have air conditioning?","facility_information","original","original_intent_dataset.csv:254"
"Do you have an elevator?","facility_information","original","original_intent_dataset.csv:255"
"Is there a children's play area?","facility_information","original","original_intent_dataset.csv:256"
"Are there charging points for phones?","facility_information","original","original_intent_dataset.csv:257"
"Is food provided to patients?","facility_information","original","original_intent_dataset.csv:258"
"Do you offer interpreter services?","facility_information","original","original_intent_dataset.csv:259"
"Is there a baby feeding room?","facility_information","original","original_intent_dataset.csv:260"
"What amenities do the deluxe rooms have?","facility_information","original","original_intent_dataset.csv:261"
"Is parking available for visitors?","facility_information","expansion","expansion/facility_information.txt:3"
"Is there paid parking or is it free?","facility_information","expansion","expansion/facility_information.txt:4"
"Do you have valet parking?","facility_information","expansion","expansion/facility_information.txt:5"
"Is there parking for two-wheelers?","facility_information","expansion","expansion/facility_information.txt:6"
"Is there disabled parking near the entrance?","facility_information","expansion","expansion/facility_information.txt:7"
"Can I park my car overnight?","facility_information","expansion","expansion/facility_information.txt:8"
"Is there a food court in the hospital?","facility_information","expansion","expansion/facility_information.txt:9"
"Is there a canteen for attendants?","facility_information","expansion","expansion/facility_information.txt:10"
"Do you serve vegetarian food to patients?","facility_information","expansion","expansion/facility_information.txt:11"
"Can patients get special diet meals?","facility_information","expansion","expansion/facility_information.txt:12"
"Can I bring outside food for the patient?","facility_information","expansion","expansion/facility_information.txt:13"
"Is there a coffee shop nearby inside the campus?","facility_information","expansion","expansion/facility_information.txt:14"
"Do you have drinking water facilities?","facility_information","expansion","expansion/facility_information.txt:15"
"Are there clean restrooms for visitors?","facility_information","expansion","expansion/facility_information.txt:16"
"Is there a lift for patients?","facility_information","expansion","expansion/facility_information.txt:17"
"Is the building wheelchair friendly?","facility_information","expansion","expansion/facility_information.txt:18"
"Do you have ramps for wheelchair users?","facility_information","expansion","expansion/facility_information.txt:19"
"Can I borrow a wheelchair at the entrance?","facility_information","expansion","expansion/facility_information.txt:20"
"Are stretchers available at the entrance?","facility_information","expansion","expansion/facility_information.txt:21"
"Do you provide a porter to help patients move around?","facility_information","expansion","expansion/facility_information.txt:22"
"Is there a pick-up and drop facility?","facility_information","expansion","expansion/facility_information.txt:23"
"Do you have a shuttle from the metro station?","facility_information","expansion","expansion/facility_information.txt:24"
"Do you provide transport for patients?","facility_information","expansion","expansion/facility_information.txt:25"
"Is there an ambulance service for non-emergency transfers?","facility_information","expansion","expansion/facility_information.txt:26"
"What types of rooms do you have?","facility_information","expansion","expansion/facility_information.txt:27"
"Do you have single occupancy rooms?","facility_information","expansion","expansion/facility_information.txt:28"
"Are there twin-sharing rooms?","facility_information","expansion","expansion/facility_information.txt:29"
"Do you have suite rooms?","facility_information","expansion","expansion/facility_information.txt:30"
"Does the private room have a TV?","facility_information","expansion","expansion/facility_information.txt:31"
"Does the room have an attached bathroom?","facility_information","expansion","expansion/facility_information.txt:32"
"Is there a sofa bed for the attendant?","facility_information","expansion","expansion/facility_information.txt:33"
"Can more than one attendant stay with the patient?","facility_information","expansion","expansion/facility_information.txt:34"
"Is there an attendant lounge?","facility_information","expansion","expansion/facility_information.txt:35"
"Is there accommodation for families coming from out of town?","facility_information","expansion","expansion/facility_information.txt:36"
"Do you have tie-ups with nearby hotels?","facility_information","expansion","expansion/facility_information.txt:37"
"Is there a dharamshala near the hospital?","facility_information","expansion","expansion/facility_information.txt:38"
"Is Wi-Fi available in the patient rooms?","facility_information","expansion","expansion/facility_information.txt:39"
"What's the Wi-Fi password for visitors?","facility_information","expansion","expansion/facility_information.txt:40"
"Can I charge my phone in the waiting area?","facility_information","expansion","expansion/facility_information.txt:41"
"Is there a laundry service for patients?","facility_information","expansion","expansion/facility_information.txt:42"
"Is there a temple or meditation room?","facility_information","expansion","expansion/facility_information.txt:43"
"Is there a mosque or namaz area?","facility_information","expansion","expansion/facility_information.txt:44"
"Is there a chapel in the hospital?","facility_information","expansion","expansion/facility_information.txt:45"
"Do you have a library or reading area?","facility_information","expansion","expansion/facility_information.txt:46"
"Is there a kids' corner?","facility_information","expansion","expansion/facility_information.txt:47"
"Is there a breastfeeding room?","facility_information","expansion","expansion/facility_information.txt:48"
"Do you have baby changing facilities?","facility_information","expansion","expansion/facility_information.txt:49"
"Is there a gift shop?","facility_information","expansion","expansion/facility_information.txt:50"
"Is there a flower shop?","facility_information","expansion","expansion/facility_information.txt:51"
"Is there a bank branch inside the hospital?","facility_information","expansion","expansion/facility_information.txt:52"
"Is there a currency exchange counter for foreign patients?","facility_information","expansion","expansion/facility_information.txt:53"
"Do you have translators for foreign languages?","facility_information","expansion","expansion/facility_information.txt:54"
"Do you have sign language interpreters?","facility_information","expansion","expansion/facility_information.txt:55"
"Are there facilities for visually impaired patients?","facility_information","expansion","expansion/facility_information.txt:56"
"Is the hospital air-conditioned?","facility_information","expansion","expansion/facility_information.txt:57"
"Is there a smoking area?","facility_information","expansion","expansion/facility_information.txt:58"
"Is smoking allowed anywhere on campus?","facility_information","expansion","expansion/facility_information.txt:59"
"Are pets allowed in the hospital?","facility_information","expansion","expansion/facility_information.txt:60"
"Can I bring a service dog?","facility_information","expansion","expansion/facility_information.txt:61"
"Is there a lost and found?","facility_information","expansion","expansion/facility_information.txt:62"
"Is there CCTV and security in the wards?","facility_information","expansion","expansion/facility_information.txt:63"
"Do you have a cloak room for luggage?","facility_information","expansion","expansion/facility_information.txt:64"
"Can I keep my valuables in a safe?","facility_information","expansion","expansion/facility_information.txt:65"
"Is there a locker in the room?","facility_information","expansion","expansion/facility_information.txt:66"
"Is there a garden or open space for patients?","facility_information","expansion","expansion/facility_information.txt:67"
"Is there a gym for staff and patients?","facility_information","expansion","expansion/facility_information.txt:68"
"Do you have a business centre or printing facility?","facility_information","expansion","expansion/facility_information.txt:69"
"Can I get photocopies done inside the hospital?","facility_information","expansion","expansion/facility_information.txt:70"
"Is there a fuel station nearby?","facility_information","expansion","expansion/facility_information.txt:71"
"Does the hospital have a helipad?","facility_information","expansion","expansion/facility_information.txt:72"
"Do you have an international patient lounge?","facility_information","expansion","expansion/facility_information.txt:73"
"Is there a separate lounge for VIP patients?","facility_information","expansion","expansion/facility_information.txt:74"
"Is there housekeeping in the rooms daily?","facility_information","expansion","expansion/facility_information.txt:75"
"Are linen and towels provided?","facility_information","expansion","expansion/facility_information.txt:76"
"Is the hospital accessible by public transport?","facility_information","expansion","expansion/facility_information.txt:77"
"is there parkng","facility_information","expansion","expansion/facility_information.txt:78"
"any canteen?","facility_information","expansion","expansion/facility_information.txt:79"
"wifi availble?","facility_information","expansion","expansion/facility_information.txt:80"
"do u have lifts","facility_information","expansion","expansion/facility_information.txt:81"
"Are there water coolers on each floor?","facility_information","expansion","expansion/facility_information.txt:82"
"Is there a place for attendants to sleep?","facility_information","expansion","expansion/facility_information.txt:83"
"Can attendants get meals from the hospital kitchen?","facility_information","expansion","expansion/facility_information.txt:84"
"Does the hospital provide newspapers?","facility_information","expansion","expansion/facility_information.txt:85"
"Is there a microwave I can use to heat food?","facility_information","expansion","expansion/facility_information.txt:86"
"Do rooms have a refrigerator?","facility_information","expansion","expansion/facility_information.txt:87"
"Is there hot water in the bathrooms?","facility_information","expansion","expansion/facility_information.txt:88"
"Do you have a visitor waiting lounge near the ICU?","facility_information","expansion","expansion/facility_information.txt:89"
"Is there seating outside the operation theatre for families?","facility_information","expansion","expansion/facility_information.txt:90"
"Is there a facility for bathing bedridden patients?","facility_information","expansion","expansion/facility_information.txt:91"
"Is there an electric vehicle charging point in the parking?","facility_information","expansion","expansion/facility_information.txt:92"
"What facilities are available for elderly visitors?","facility_information","expansion","expansion/facility_information.txt:93"
"Is the hospital child-friendly?","facility_information","expansion","expansion/facility_information.txt:94"
"What facilities does the hospital have?","facility_information","expansion","expansion/facility_information.txt:95"
"Not the timing, I want to know if there is a cafeteria at all","facility_information","expansion","expansion/facility_information.txt:98"
"Do you have a canteen, and what kind of food does it serve?","facility_information","expansion","expansion/facility_information.txt:99"
"Is there a waiting room for family during surgery?","facility_information","expansion","expansion/facility_information.txt:100"
"Is there accommodation for attendants?","facility_information","expansion","expansion/facility_information.txt:101"
"Do the private rooms have Wi-Fi?","facility_information","expansion","expansion/facility_information.txt:102"
"Can a family member stay overnight with the patient?","facility_information","expansion","expansion/facility_information.txt:103"
"Do you have wheelchairs for visitors?","facility_information","expansion","expansion/facility_information.txt:104"
"Is there an ATM on campus?","facility_information","expansion","expansion/facility_information.txt:105"
"What amenities are available in the general ward?","facility_information","expansion","expansion/facility_information.txt:106"
"Goodbye","goodbye","original","original_intent_dataset.csv:382"
"Bye","goodbye","original","original_intent_dataset.csv:383"
"See you later","goodbye","original","original_intent_dataset.csv:384"
"That's all, thanks, bye","goodbye","original","original_intent_dataset.csv:385"
"Have a nice day","goodbye","original","original_intent_dataset.csv:386"
"Talk to you later","goodbye","original","original_intent_dataset.csv:387"
"Bye bye","goodbye","original","original_intent_dataset.csv:388"
"I'm done for now","goodbye","original","original_intent_dataset.csv:389"
"Good night","goodbye","original","original_intent_dataset.csv:390"
"See you","goodbye","original","original_intent_dataset.csv:391"
"Take care","goodbye","original","original_intent_dataset.csv:392"
"That's everything I needed","goodbye","original","original_intent_dataset.csv:393"
"Catch you later","goodbye","original","original_intent_dataset.csv:394"
"Goodbye and have a good day","goodbye","original","original_intent_dataset.csv:395"
"I'll leave now","goodbye","original","original_intent_dataset.csv:396"
"Ok bye","goodbye","original","original_intent_dataset.csv:397"
"Signing off","goodbye","original","original_intent_dataset.csv:398"
"Farewell","goodbye","original","original_intent_dataset.csv:399"
"Nothing else, bye","goodbye","original","original_intent_dataset.csv:400"
"Bye for now","goodbye","original","original_intent_dataset.csv:401"
"Bye, take care","goodbye","expansion","expansion/goodbye.txt:2"
"Goodbye for now","goodbye","expansion","expansion/goodbye.txt:4"
"Okay, goodbye","goodbye","expansion","expansion/goodbye.txt:5"
"Ok, bye then","goodbye","expansion","expansion/goodbye.txt:6"
"Alright, bye","goodbye","expansion","expansion/goodbye.txt:7"
"Bye bye, thanks","goodbye","expansion","expansion/goodbye.txt:8"
"See you soon","goodbye","expansion","expansion/goodbye.txt:9"
"See you next time","goodbye","expansion","expansion/goodbye.txt:10"
"See you tomorrow","goodbye","expansion","expansion/goodbye.txt:11"
"See ya","goodbye","expansion","expansion/goodbye.txt:12"
"Cya","goodbye","expansion","expansion/goodbye.txt:13"
"bbye","goodbye","expansion","expansion/goodbye.txt:14"
"byee","goodbye","expansion","expansion/goodbye.txt:15"
"gtg bye","goodbye","expansion","expansion/goodbye.txt:16"
"Gotta go","goodbye","expansion","expansion/goodbye.txt:17"
"I have to go now","goodbye","expansion","expansion/goodbye.txt:18"
"I need to go now, bye","goodbye","expansion","expansion/goodbye.txt:19"
"I'll go now","goodbye","expansion","expansion/goodbye.txt:20"
"I'm leaving now","goodbye","expansion","expansion/goodbye.txt:21"
"Talk soon","goodbye","expansion","expansion/goodbye.txt:23"
"Speak to you later","goodbye","expansion","expansion/goodbye.txt:24"
"Until next time","goodbye","expansion","expansion/goodbye.txt:25"
"Have a good day","goodbye","expansion","expansion/goodbye.txt:26"
"Have a great evening","goodbye","expansion","expansion/goodbye.txt:27"
"Good night, take care","goodbye","expansion","expansion/goodbye.txt:29"
"Nighty night","goodbye","expansion","expansion/goodbye.txt:30"
"Have a wonderful day ahead","goodbye","expansion","expansion/goodbye.txt:31"
"Take care of yourself","goodbye","expansion","expansion/goodbye.txt:32"
"Take care, goodbye","goodbye","expansion","expansion/goodbye.txt:33"
"That's all for today","goodbye","expansion","expansion/goodbye.txt:34"
"That's all I wanted to know","goodbye","expansion","expansion/goodbye.txt:35"
"That's it from my side","goodbye","expansion","expansion/goodbye.txt:36"
"That's all, nothing more","goodbye","expansion","expansion/goodbye.txt:37"
"Nothing more for now","goodbye","expansion","expansion/goodbye.txt:38"
"No more questions, bye","goodbye","expansion","expansion/goodbye.txt:39"
"I don't have any other questions, goodbye","goodbye","expansion","expansion/goodbye.txt:40"
"I'm all set, bye","goodbye","expansion","expansion/goodbye.txt:41"
"I'm good now, bye","goodbye","expansion","expansion/goodbye.txt:42"
"All done, thanks, bye","goodbye","expansion","expansion/goodbye.txt:43"
"We're done here","goodbye","expansion","expansion/goodbye.txt:44"
"I think we're done","goodbye","expansion","expansion/goodbye.txt:45"
"End chat","goodbye","expansion","expansion/goodbye.txt:46"
"End the conversation","goodbye","expansion","expansion/goodbye.txt:47"
"Close the chat","goodbye","expansion","expansion/goodbye.txt:48"
"Please end this session","goodbye","expansion","expansion/goodbye.txt:49"
"Exit","goodbye","expansion","expansion/goodbye.txt:50"
"Quit","goodbye","expansion","expansion/goodbye.txt:51"
"Log me out","goodbye","expansion","expansion/goodbye.txt:52"
"I'm finished","goodbye","expansion","expansion/goodbye.txt:53"
"That will be all","goodbye","expansion","expansion/goodbye.txt:54"
"That's everything, goodbye","goodbye","expansion","expansion/goodbye.txt:55"
"Okay then, see you","goodbye","expansion","expansion/goodbye.txt:56"
"Bye, have a nice day","goodbye","expansion","expansion/goodbye.txt:57"
"Bye, see you at my appointment","goodbye","expansion","expansion/goodbye.txt:58"
"See you at the hospital","goodbye","expansion","expansion/goodbye.txt:59"
"I'll see you at the clinic","goodbye","expansion","expansion/goodbye.txt:60"
"Goodbye and thank you for everything","goodbye","expansion","expansion/goodbye.txt:61"
"Thanks and goodbye","goodbye","expansion","expansion/goodbye.txt:63"
"Bye, and thanks again","goodbye","expansion","expansion/goodbye.txt:64"
"Cheerio","goodbye","expansion","expansion/goodbye.txt:65"
"Ta-ta","goodbye","expansion","expansion/goodbye.txt:66"
"Tata bye","goodbye","expansion","expansion/goodbye.txt:67"
"Later","goodbye","expansion","expansion/goodbye.txt:68"
"Laters","goodbye","expansion","expansion/goodbye.txt:69"
"Peace out","goodbye","expansion","expansion/goodbye.txt:70"
"So long","goodbye","expansion","expansion/goodbye.txt:71"
"Adios","goodbye","expansion","expansion/goodbye.txt:72"
"Au revoir","goodbye","expansion","expansion/goodbye.txt:73"
"Alvida","goodbye","expansion","expansion/goodbye.txt:74"
"Phir milenge","goodbye","expansion","expansion/goodbye.txt:75"
"Okay, I'll check back later","goodbye","expansion","expansion/goodbye.txt:76"
"I'll come back if I have more questions","goodbye","expansion","expansion/goodbye.txt:77"
"I'll reach out again later, bye","goodbye","expansion","expansion/goodbye.txt:78"
"I'll message again tomorrow","goodbye","expansion","expansion/goodbye.txt:79"
"Signing out now","goodbye","expansion","expansion/goodbye.txt:80"
"Logging off","goodbye","expansion","expansion/goodbye.txt:81"
"Bye for today","goodbye","expansion","expansion/goodbye.txt:82"
"Good evening and goodbye","goodbye","expansion","expansion/goodbye.txt:83"
"Goodbye, have a pleasant day","goodbye","expansion","expansion/goodbye.txt:84"
"Okay that's fine, bye","goodbye","expansion","expansion/goodbye.txt:85"
"Fine, bye","goodbye","expansion","expansion/goodbye.txt:86"
"I'm off now","goodbye","expansion","expansion/goodbye.txt:87"
"Leaving the chat now","goodbye","expansion","expansion/goodbye.txt:88"
"Take it easy","goodbye","expansion","expansion/goodbye.txt:89"
"Catch you soon","goodbye","expansion","expansion/goodbye.txt:90"
"Okay, thanks, I'm done","goodbye","expansion","expansion/goodbye.txt:91"
"Nothing else needed, goodbye","goodbye","expansion","expansion/goodbye.txt:92"
"I'll be going, bye","goodbye","expansion","expansion/goodbye.txt:93"
"Bye, see you at my appointment tomorrow","goodbye","expansion","expansion/goodbye.txt:96"
"I'll see you at the follow-up, bye","goodbye","expansion","expansion/goodbye.txt:97"
"Goodbye, I'll come to the hospital next week","goodbye","expansion","expansion/goodbye.txt:98"
"Okay bye, I'll call the reception if needed","goodbye","expansion","expansion/goodbye.txt:99"
"That's all regarding my bill, goodbye","goodbye","expansion","expansion/goodbye.txt:100"
"Goodbye, I'll check my reports later","goodbye","expansion","expansion/goodbye.txt:101"
"Bye, I'll book later on my own","goodbye","expansion","expansion/goodbye.txt:102"
"I'm done for today, take care","goodbye","expansion","expansion/goodbye.txt:103"
"Bye, I'll be in touch","goodbye","expansion","expansion/goodbye.txt:104"
"Goodbye, have a nice evening","goodbye","expansion","expansion/goodbye.txt:105"
"See you soon, bye bye","goodbye","expansion","expansion/goodbye.txt:106"
"Alright then, goodbye","goodbye","expansion","expansion/goodbye.txt:107"
"Hello","greeting","original","original_intent_dataset.csv:342"
"Hi there","greeting","original","original_intent_dataset.csv:343"
"Good morning","greeting","original","original_intent_dataset.csv:344"
"Hey","greeting","original","original_intent_dataset.csv:345"
"Good evening","greeting","original","original_intent_dataset.csv:346"
"Hi, is anyone there?","greeting","original","original_intent_dataset.csv:347"
"Hello, I need some help","greeting","original","original_intent_dataset.csv:348"
"Good afternoon","greeting","original","original_intent_dataset.csv:349"
"Hey there!","greeting","original","original_intent_dataset.csv:350"
"Namaste","greeting","original","original_intent_dataset.csv:351"
"Hi, how are you?","greeting","original","original_intent_dataset.csv:352"
"Hello, good morning","greeting","original","original_intent_dataset.csv:353"
"Greetings","greeting","original","original_intent_dataset.csv:354"
"Hi assistant","greeting","original","original_intent_dataset.csv:355"
"Yo","greeting","original","original_intent_dataset.csv:356"
"Hello hospital","greeting","original","original_intent_dataset.csv:357"
"Hiya","greeting","original","original_intent_dataset.csv:358"
"Hey, can you help?","greeting","original","original_intent_dataset.csv:359"
"Hi there, good day","greeting","original","original_intent_dataset.csv:360"
"Hello there","greeting","expansion","expansion/greeting.txt:2"
"Hi!","greeting","expansion","expansion/greeting.txt:3"
"Hey hi","greeting","expansion","expansion/greeting.txt:4"
"Good morning, doctor","greeting","expansion","expansion/greeting.txt:6"
"Good afternoon, is this the hospital assistant?","greeting","expansion","expansion/greeting.txt:8"
"Good evening, anyone available?","greeting","expansion","expansion/greeting.txt:9"
"Hello, is this the hospital helpdesk?","greeting","expansion","expansion/greeting.txt:10"
"Hi, am I chatting with the hospital?","greeting","expansion","expansion/greeting.txt:11"
"Is this the hospital chatbot?","greeting","expansion","expansion/greeting.txt:12"
"Hello, can you hear me?","greeting","expansion","expansion/greeting.txt:13"
"Hi, are you a bot?","greeting","expansion","expansion/greeting.txt:14"
"Anybody there?","greeting","expansion","expansion/greeting.txt:16"
"Helo","greeting","expansion","expansion/greeting.txt:18"
"Hellooo","greeting","expansion","expansion/greeting.txt:19"
"Heyy","greeting","expansion","expansion/greeting.txt:20"
"hii","greeting","expansion","expansion/greeting.txt:21"
"hiii there","greeting","expansion","expansion/greeting.txt:22"
"hlo","greeting","expansion","expansion/greeting.txt:23"
"Hai","greeting","expansion","expansion/greeting.txt:24"
"Hey buddy","greeting","expansion","expansion/greeting.txt:25"
"Morning!","greeting","expansion","expansion/greeting.txt:26"
"Evening!","greeting","expansion","expansion/greeting.txt:27"
"Afternoon!","greeting","expansion","expansion/greeting.txt:28"
"Hi, hope you're doing well","greeting","expansion","expansion/greeting.txt:29"
"Hello, how's it going?","greeting","expansion","expansion/greeting.txt:30"
"How are you doing today?","greeting","expansion","expansion/greeting.txt:31"
"Hi, how's your day?","greeting","expansion","expansion/greeting.txt:32"
"Hope you're well","greeting","expansion","expansion/greeting.txt:33"
"Hi there, I have a few questions","greeting","expansion","expansion/greeting.txt:34"
"Hello, I have a question","greeting","expansion","expansion/greeting.txt:35"
"Hey, quick question","greeting","expansion","expansion/greeting.txt:36"
"Hi, I wanted to ask something","greeting","expansion","expansion/greeting.txt:37"
"Hello, I need assistance","greeting","expansion","expansion/greeting.txt:38"
"Hi, can I ask you something?","greeting","expansion","expansion/greeting.txt:39"
"Hello, I'm new here","greeting","expansion","expansion/greeting.txt:40"
"Hi, first time using this chat","greeting","expansion","expansion/greeting.txt:41"
"Hi, I'm a patient here","greeting","expansion","expansion/greeting.txt:42"
"Hello, I'm calling on behalf of my father","greeting","expansion","expansion/greeting.txt:43"
"Hi, I'm messaging for my mom","greeting","expansion","expansion/greeting.txt:44"
"Namaskar","greeting","expansion","expansion/greeting.txt:45"
"Vanakkam","greeting","expansion","expansion/greeting.txt:46"
"Hola","greeting","expansion","expansion/greeting.txt:47"
"Salaam","greeting","expansion","expansion/greeting.txt:48"
"Assalamu alaikum","greeting","expansion","expansion/greeting.txt:49"
"Sat Sri Akal","greeting","expansion","expansion/greeting.txt:50"
"Bonjour","greeting","expansion","expansion/greeting.txt:51"
"Hello sir","greeting","expansion","expansion/greeting.txt:52"
"Hello madam","greeting","expansion","expansion/greeting.txt:53"
"Hi team","greeting","expansion","expansion/greeting.txt:54"
"Hello everyone","greeting","expansion","expansion/greeting.txt:55"
"Dear sir, good day","greeting","expansion","expansion/greeting.txt:56"
"Hi, good to meet you","greeting","expansion","expansion/greeting.txt:57"
"Nice to meet you","greeting","expansion","expansion/greeting.txt:58"
"Pleased to meet you","greeting","expansion","expansion/greeting.txt:59"
"Hey there, good afternoon","greeting","expansion","expansion/greeting.txt:60"
"Hello, good evening","greeting","expansion","expansion/greeting.txt:61"
"Hi there, how are you?","greeting","expansion","expansion/greeting.txt:62"
"Hey, how are things?","greeting","expansion","expansion/greeting.txt:63"
"Hello again","greeting","expansion","expansion/greeting.txt:64"
"Hi, it's me again","greeting","expansion","expansion/greeting.txt:65"
"I'm back","greeting","expansion","expansion/greeting.txt:66"
"Hello, I'm back with another question","greeting","expansion","expansion/greeting.txt:67"
"Hey, good day to you","greeting","expansion","expansion/greeting.txt:68"
"Greetings to the hospital team","greeting","expansion","expansion/greeting.txt:69"
"Good day","greeting","expansion","expansion/greeting.txt:70"
"Hi there friend","greeting","expansion","expansion/greeting.txt:71"
"Hello assistant, are you available?","greeting","expansion","expansion/greeting.txt:72"
"Hello, is someone available to help?","greeting","expansion","expansion/greeting.txt:73"
"Hey, I need a little help","greeting","expansion","expansion/greeting.txt:74"
"Hi, help please","greeting","expansion","expansion/greeting.txt:75"
"Hello, can you assist me?","greeting","expansion","expansion/greeting.txt:76"
"Hello, anyone online?","greeting","expansion","expansion/greeting.txt:77"
"Good morning, hope you're well","greeting","expansion","expansion/greeting.txt:79"
"Top of the morning","greeting","expansion","expansion/greeting.txt:80"
"Howdy","greeting","expansion","expansion/greeting.txt:81"
"What's up","greeting","expansion","expansion/greeting.txt:82"
"Sup","greeting","expansion","expansion/greeting.txt:83"
"Hey what's up","greeting","expansion","expansion/greeting.txt:84"
"Hello, nice to be here","greeting","expansion","expansion/greeting.txt:85"
"Hi, I'm here","greeting","expansion","expansion/greeting.txt:86"
"Hello from Mumbai","greeting","expansion","expansion/greeting.txt:87"
"Hello, good afternoon to you","greeting","expansion","expansion/greeting.txt:88"
"Hi, are you open for chat?","greeting","expansion","expansion/greeting.txt:89"
"Hey, can we talk?","greeting","expansion","expansion/greeting.txt:90"
"Hello, may I ask a few things?","greeting","expansion","expansion/greeting.txt:91"
"Hi, is this the right place to ask questions?","greeting","expansion","expansion/greeting.txt:92"
"Ahoy","greeting","expansion","expansion/greeting.txt:93"
"Hello friend","greeting","expansion","expansion/greeting.txt:94"
"Hi, I hope I'm not disturbing","greeting","expansion","expansion/greeting.txt:96"
"Hey, how are you today?","greeting","expansion","expansion/greeting.txt:97"
"Hello, how may I start?","greeting","expansion","expansion/greeting.txt:98"
"Hi there, anyone home?","greeting","expansion","expansion/greeting.txt:99"
"Hey, good evening","greeting","expansion","expansion/greeting.txt:102"
"Hello, good to be chatting","greeting","expansion","expansion/greeting.txt:103"
"Hello, nice talking to you","greeting","expansion","expansion/greeting.txt:104"
"Hi, hello, how are you","greeting","expansion","expansion/greeting.txt:105"
"Good morning, how are you today?","greeting","expansion","expansion/greeting.txt:106"
"Hiya, how are you doing?","greeting","expansion","expansion/greeting.txt:107"
"Hey, is anyone available to chat?","greeting","expansion","expansion/greeting.txt:108"
"Hi, I'm here to ask a question","greeting","expansion","expansion/greeting.txt:109"
"Hello, hope your day is going well","greeting","expansion","expansion/greeting.txt:110"
"What are the hospital timings?","hospital_timings","original","original_intent_dataset.csv:82"
"When does the hospital open?","hospital_timings","original","original_intent_dataset.csv:83"
"What time does the OPD close?","hospital_timings","original","original_intent_dataset.csv:84"
"What are the visiting hours?","hospital_timings","original","original_intent_dataset.csv:85"
"Is the hospital open on Sunday?","hospital_timings","original","original_intent_dataset.csv:86"
"What are your working hours?","hospital_timings","original","original_intent_dataset.csv:87"
"When can I visit a patient in the ward?","hospital_timings","original","original_intent_dataset.csv:88"
"Is the hospital open 24 hours?","hospital_timings","original","original_intent_dataset.csv:89"
"What time does the lab open?","hospital_timings","original","original_intent_dataset.csv:90"
"Are you open on public holidays?","hospital_timings","original","original_intent_dataset.csv:91"
"What are the OPD timings on Saturday?","hospital_timings","original","original_intent_dataset.csv:92"
"Until what time can visitors stay?","hospital_timings","original","original_intent_dataset.csv:93"
"What time does the outpatient department start?","hospital_timings","original","original_intent_dataset.csv:94"
"Is the clinic open in the evening?","hospital_timings","original","original_intent_dataset.csv:95"
"When does the registration counter open?","hospital_timings","original","original_intent_dataset.csv:96"
"What are the ICU visiting hours?","hospital_timings","original","original_intent_dataset.csv:97"
"What time does the billing counter close?","hospital_timings","original","original_intent_dataset.csv:98"
"Are you open today?","hospital_timings","original","original_intent_dataset.csv:99"
"What are the timings for blood sample collection?","hospital_timings","original","original_intent_dataset.csv:100"
"When is the pharmacy open?","hospital_timings","original","original_intent_dataset.csv:101"
"Is the pharmacy open 24 hours?","hospital_timings","original","original_intent_dataset.csv:185"
"What time does the hospital close tonight?","hospital_timings","expansion","expansion/hospital_timings.txt:3"
"What are the hospital's opening hours on weekdays?","hospital_timings","expansion","expansion/hospital_timings.txt:4"
"Is the OPD open on Sundays?","hospital_timings","expansion","expansion/hospital_timings.txt:5"
"What are the timings for the outpatient clinics?","hospital_timings","expansion","expansion/hospital_timings.txt:6"
"When does the morning OPD start?","hospital_timings","expansion","expansion/hospital_timings.txt:7"
"What time does the evening OPD finish?","hospital_timings","expansion","expansion/hospital_timings.txt:8"
"Till what time is the reception open?","hospital_timings","expansion","expansion/hospital_timings.txt:9"
"Are you open during Diwali?","hospital_timings","expansion","expansion/hospital_timings.txt:10"
"Is the hospital open on Christmas day?","hospital_timings","expansion","expansion/hospital_timings.txt:11"
"What are your holiday timings?","hospital_timings","expansion","expansion/hospital_timings.txt:12"
"When can family members visit patients?","hospital_timings","expansion","expansion/hospital_timings.txt:13"
"What are the general ward visiting hours?","hospital_timings","expansion","expansion/hospital_timings.txt:14"
"Can I visit my mother in the ICU at night?","hospital_timings","expansion","expansion/hospital_timings.txt:15"
"Are visitors allowed in the evening?","hospital_timings","expansion","expansion/hospital_timings.txt:16"
"What time do visiting hours end?","hospital_timings","expansion","expansion/hospital_timings.txt:17"
"How long are visiting hours on weekends?","hospital_timings","expansion","expansion/hospital_timings.txt:18"
"When can I visit someone in the maternity ward?","hospital_timings","expansion","expansion/hospital_timings.txt:19"
"What are the NICU visiting times for parents?","hospital_timings","expansion","expansion/hospital_timings.txt:20"
"What time does the blood collection centre open?","hospital_timings","expansion","expansion/hospital_timings.txt:21"
"When does the lab close for sample collection?","hospital_timings","expansion","expansion/hospital_timings.txt:22"
"What time does the radiology department open?","hospital_timings","expansion","expansion/hospital_timings.txt:23"
"Is the X-ray department open at night?","hospital_timings","expansion","expansion/hospital_timings.txt:24"
"What are the pharmacy hours?","hospital_timings","expansion","expansion/hospital_timings.txt:25"
"What time does the hospital pharmacy close?","hospital_timings","expansion","expansion/hospital_timings.txt:26"
"Until when is the pharmacy open on Sundays?","hospital_timings","expansion","expansion/hospital_timings.txt:27"
"When does the billing counter open in the morning?","hospital_timings","expansion","expansion/hospital_timings.txt:28"
"What are the insurance desk timings?","hospital_timings","expansion","expansion/hospital_timings.txt:29"
"What hours does the medical records office work?","hospital_timings","expansion","expansion/hospital_timings.txt:30"
"When is the medical records counter open?","hospital_timings","expansion","expansion/hospital_timings.txt:31"
"What are the timings of the cafeteria?","hospital_timings","expansion","expansion/hospital_timings.txt:32"
"When does the canteen close?","hospital_timings","expansion","expansion/hospital_timings.txt:33"
"When is the physiotherapy department open?","hospital_timings","expansion","expansion/hospital_timings.txt:34"
"What time does the dental clinic open?","hospital_timings","expansion","expansion/hospital_timings.txt:35"
"Is the eye clinic open on Saturday afternoons?","hospital_timings","expansion","expansion/hospital_timings.txt:36"
"What are the timings for teleconsultations?","hospital_timings","expansion","expansion/hospital_timings.txt:37"
"What are the doctor's consultation hours?","hospital_timings","expansion","expansion/hospital_timings.txt:38"
"At what time does Dr. Mehta's OPD start?","hospital_timings","expansion","expansion/hospital_timings.txt:39"
"What are the working hours on Saturdays?","hospital_timings","expansion","expansion/hospital_timings.txt:40"
"Are you open late on Fridays?","hospital_timings","expansion","expansion/hospital_timings.txt:41"
"What time do you open tomorrow?","hospital_timings","expansion","expansion/hospital_timings.txt:42"
"Is the hospital closed on any day of the week?","hospital_timings","expansion","expansion/hospital_timings.txt:43"
"Are you open right now?","hospital_timings","expansion","expansion/hospital_timings.txt:44"
"open hours?","hospital_timings","expansion","expansion/hospital_timings.txt:45"
"timings pls","hospital_timings","expansion","expansion/hospital_timings.txt:46"
"wat time does opd open","hospital_timings","expansion","expansion/hospital_timings.txt:47"
"What are the visting hours","hospital_timings","expansion","expansion/hospital_timings.txt:48"
"when does the hosptial open on sunday","hospital_timings","expansion","expansion/hospital_timings.txt:49"
"What's the earliest time I can come in for a blood test?","hospital_timings","expansion","expansion/hospital_timings.txt:50"
"When is the vaccination clinic open?","hospital_timings","expansion","expansion/hospital_timings.txt:51"
"What days and times is the diabetes clinic held?","hospital_timings","expansion","expansion/hospital_timings.txt:52"
"What time does the dialysis unit start?","hospital_timings","expansion","expansion/hospital_timings.txt:53"
"What are the timings for collecting reports?","hospital_timings","expansion","expansion/hospital_timings.txt:54"
"When can I collect my reports, what are the counter hours?","hospital_timings","expansion","expansion/hospital_timings.txt:55"
"What time is the admission desk open till?","hospital_timings","expansion","expansion/hospital_timings.txt:56"
"When does the discharge counter open?","hospital_timings","expansion","expansion/hospital_timings.txt:57"
"Is the help desk open 24/7?","hospital_timings","expansion","expansion/hospital_timings.txt:58"
"What are the hours of the patient relations office?","hospital_timings","expansion","expansion/hospital_timings.txt:59"
"What time do the outpatient registrations stop?","hospital_timings","expansion","expansion/hospital_timings.txt:60"
"What time should I arrive if the OPD opens at 9?","hospital_timings","expansion","expansion/hospital_timings.txt:61"
"What hours are visitors allowed in the private rooms?","hospital_timings","expansion","expansion/hospital_timings.txt:62"
"How early does the hospital open on weekdays?","hospital_timings","expansion","expansion/hospital_timings.txt:63"
"Is there a lunch break for the OPD?","hospital_timings","expansion","expansion/hospital_timings.txt:64"
"Is the OPD closed between 1 and 2 pm?","hospital_timings","expansion","expansion/hospital_timings.txt:65"
"What are the timings during Ramadan?","hospital_timings","expansion","expansion/hospital_timings.txt:66"
"Do the timings change on public holidays?","hospital_timings","expansion","expansion/hospital_timings.txt:67"
"What are the summer timings for the hospital?","hospital_timings","expansion","expansion/hospital_timings.txt:68"
"Are the evening clinics running this week?","hospital_timings","expansion","expansion/hospital_timings.txt:69"
"What are the timings of the health check-up centre?","hospital_timings","expansion","expansion/hospital_timings.txt:70"
"When is the fasting blood test counter open?","hospital_timings","expansion","expansion/hospital_timings.txt:71"
"What are the visiting hours for the children's ward?","hospital_timings","expansion","expansion/hospital_timings.txt:72"
"How late is the outpatient pharmacy open?","hospital_timings","expansion","expansion/hospital_timings.txt:73"
"What time does the hospital open for walk-in patients?","hospital_timings","expansion","expansion/hospital_timings.txt:74"
"Are the clinics open on second Saturdays?","hospital_timings","expansion","expansion/hospital_timings.txt:75"
"What are the hours for the ultrasound department?","hospital_timings","expansion","expansion/hospital_timings.txt:76"
"Until what time can I get an ECG done?","hospital_timings","expansion","expansion/hospital_timings.txt:77"
"When does the vaccination centre close?","hospital_timings","expansion","expansion/hospital_timings.txt:78"
"Are the OPD hours different on Sundays?","hospital_timings","expansion","expansion/hospital_timings.txt:79"
"When can I meet the doctor during rounds?","hospital_timings","expansion","expansion/hospital_timings.txt:80"
"What time are doctor rounds in the ward?","hospital_timings","expansion","expansion/hospital_timings.txt:81"
"What's the timing for the morning visiting slot?","hospital_timings","expansion","expansion/hospital_timings.txt:82"
"How long can one visitor stay during visiting time?","hospital_timings","expansion","expansion/hospital_timings.txt:83"
"When does the night shift start for attendant passes?","hospital_timings","expansion","expansion/hospital_timings.txt:84"
"At what hours can I bring food for my relative?","hospital_timings","expansion","expansion/hospital_timings.txt:85"
"What are your timings for the physiotherapy sessions?","hospital_timings","expansion","expansion/hospital_timings.txt:86"
"Is the hospital working today, it's a holiday?","hospital_timings","expansion","expansion/hospital_timings.txt:87"
"What are the weekend hours for the lab?","hospital_timings","expansion","expansion/hospital_timings.txt:88"
"What time does the CT scan centre open?","hospital_timings","expansion","expansion/hospital_timings.txt:89"
"What are the operating hours of the blood bank?","hospital_timings","expansion","expansion/hospital_timings.txt:90"
"Is the blood bank open at night?","hospital_timings","expansion","expansion/hospital_timings.txt:91"
"What time does the hospital close on Saturdays?","hospital_timings","expansion","expansion/hospital_timings.txt:92"
"When does the counselling clinic run?","hospital_timings","expansion","expansion/hospital_timings.txt:93"
"What are the hours for the dental department on weekdays?","hospital_timings","expansion","expansion/hospital_timings.txt:94"
"When do the specialist clinics run each week?","hospital_timings","expansion","expansion/hospital_timings.txt:95"
"What are the timings for the antenatal clinic?","hospital_timings","expansion","expansion/hospital_timings.txt:96"
"What are the ICU visiting slots?","hospital_timings","expansion","expansion/hospital_timings.txt:97"
"Can visitors come before 10 am?","hospital_timings","expansion","expansion/hospital_timings.txt:98"
"What time does the main gate close at night?","hospital_timings","expansion","expansion/hospital_timings.txt:99"
"What are the OPD hours for paediatrics?","hospital_timings","expansion","expansion/hospital_timings.txt:100"
"Hi, what time does the OPD open?","hospital_timings","expansion","expansion/hospital_timings.txt:102"
"Not where the cafeteria is, I need to know when it's open","hospital_timings","expansion","expansion/hospital_timings.txt:103"
"I know there's parking, but what time does the hospital close?","hospital_timings","expansion","expansion/hospital_timings.txt:104"
"What time does the radiology department close today?","hospital_timings","expansion","expansion/hospital_timings.txt:105"
"When is the admission desk open?","hospital_timings","expansion","expansion/hospital_timings.txt:106"
"What are the timings to visit a patient after admission?","hospital_timings","expansion","expansion/hospital_timings.txt:107"
"When is the medical records office open for collection?","hospital_timings","expansion","expansion/hospital_timings.txt:108"
"What time is the insurance desk open till?","hospital_timings","expansion","expansion/hospital_timings.txt:109"
"When are the specialist doctors available in OPD each day?","hospital_timings","expansion","expansion/hospital_timings.txt:110"
"Until what time can I come for a walk-in consultation?","hospital_timings","expansion","expansion/hospital_timings.txt:111"
"Do you accept my insurance?","insurance_query","original","original_intent_dataset.csv:142"
"Is this treatment covered by insurance?","insurance_query","original","original_intent_dataset.csv:143"
"How do I file an insurance claim?","insurance_query","original","original_intent_dataset.csv:144"
"Do you offer cashless treatment?","insurance_query","original","original_intent_dataset.csv:145"
"Which insurance companies are you tied up with?","insurance_query","original","original_intent_dataset.csv:146"
"My insurance claim was rejected","insurance_query","original","original_intent_dataset.csv:147"
"What documents are needed for insurance?","insurance_query","original","original_intent_dataset.csv:148"
"Is pre-authorization required for surgery?","insurance_query","original","original_intent_dataset.csv:149"
"Can I use my health insurance here?","insurance_query","original","original_intent_dataset.csv:150"
"What is the status of my insurance claim?","insurance_query","original","original_intent_dataset.csv:151"
"Is my policy valid at this hospital?","insurance_query","original","original_intent_dataset.csv:152"
"Where is the insurance desk?","insurance_query","original","original_intent_dataset.csv:153"
"Do you accept government health schemes?","insurance_query","original","original_intent_dataset.csv:154"
"How long does claim approval take?","insurance_query","original","original_intent_dataset.csv:155"
"Is my TPA on your panel?","insurance_query","original","original_intent_dataset.csv:156"
"Does my insurance cover maternity?","insurance_query","original","original_intent_dataset.csv:157"
"I want to know about reimbursement","insurance_query","original","original_intent_dataset.csv:158"
"Will insurance pay for my room charges?","insurance_query","original","original_intent_dataset.csv:159"
"Do you work with corporate insurance?","insurance_query","original","original_intent_dataset.csv:160"
"Can I add my insurance details to my file?","insurance_query","original","original_intent_dataset.csv:161"
"Do you accept insurance at the pharmacy?","insurance_query","original","original_intent_dataset.csv:197"
"Is my surgery covered under my health insurance policy?","insurance_query","expansion","expansion/insurance_query.txt:2"
"Will my insurance cover the cost of an MRI?","insurance_query","expansion","expansion/insurance_query.txt:3"
"Does my policy cover outpatient consultations?","insurance_query","expansion","expansion/insurance_query.txt:4"
"Is this hospital on the network list of my insurer?","insurance_query","expansion","expansion/insurance_query.txt:5"
"Do you have cashless facility for Star Health?","insurance_query","expansion","expansion/insurance_query.txt:6"
"Is cashless hospitalization available here?","insurance_query","expansion","expansion/insurance_query.txt:7"
"How do I get pre-approval from my insurer for admission?","insurance_query","expansion","expansion/insurance_query.txt:8"
"Who handles the pre-authorization request?","insurance_query","expansion","expansion/insurance_query.txt:9"
"How long does pre-authorization take?","insurance_query","expansion","expansion/insurance_query.txt:10"
"My insurer has asked for more documents, what should I submit?","insurance_query","expansion","expansion/insurance_query.txt:11"
"What documents do I need to submit for a reimbursement claim?","insurance_query","expansion","expansion/insurance_query.txt:12"
"How do I claim reimbursement after paying myself?","insurance_query","expansion","expansion/insurance_query.txt:13"
"My claim is still pending, can you check?","insurance_query","expansion","expansion/insurance_query.txt:14"
"The insurance company rejected my claim, what can I do?","insurance_query","expansion","expansion/insurance_query.txt:15"
"Why was my claim only partially approved?","insurance_query","expansion","expansion/insurance_query.txt:16"
"Can I appeal a denied insurance claim?","insurance_query","expansion","expansion/insurance_query.txt:17"
"Do you accept the government health scheme card?","insurance_query","expansion","expansion/insurance_query.txt:18"
"Is Ayushman Bharat accepted at this hospital?","insurance_query","expansion","expansion/insurance_query.txt:19"
"Can I use my employer's group insurance here?","insurance_query","expansion","expansion/insurance_query.txt:20"
"Is my corporate health cover valid for this treatment?","insurance_query","expansion","expansion/insurance_query.txt:21"
"Does insurance cover maternity and delivery?","insurance_query","expansion","expansion/insurance_query.txt:22"
"Does my policy cover pre-existing conditions?","insurance_query","expansion","expansion/insurance_query.txt:23"
"Are dental treatments covered by insurance?","insurance_query","expansion","expansion/insurance_query.txt:24"
"Is physiotherapy covered by my insurance?","insurance_query","expansion","expansion/insurance_query.txt:25"
"Will insurance pay for the medicines during my stay?","insurance_query","expansion","expansion/insurance_query.txt:26"
"Does my insurance cover room rent for a private room?","insurance_query","expansion","expansion/insurance_query.txt:27"
"What is not covered by insurance at this hospital?","insurance_query","expansion","expansion/insurance_query.txt:28"
"Who is the TPA for my policy?","insurance_query","expansion","expansion/insurance_query.txt:29"
"Do you work with Medi Assist TPA?","insurance_query","expansion","expansion/insurance_query.txt:30"
"Which TPAs are empanelled with you?","insurance_query","expansion","expansion/insurance_query.txt:31"
"Is there an insurance help desk?","insurance_query","expansion","expansion/insurance_query.txt:32"
"Where is the TPA desk?","insurance_query","expansion","expansion/insurance_query.txt:33"
"Can the insurance desk help me fill the claim form?","insurance_query","expansion","expansion/insurance_query.txt:34"
"I need help filling out my insurance claim form","insurance_query","expansion","expansion/insurance_query.txt:35"
"Can you send my documents directly to my insurance company?","insurance_query","expansion","expansion/insurance_query.txt:36"
"My insurance card expired, can I still get cashless treatment?","insurance_query","expansion","expansion/insurance_query.txt:37"
"I have two insurance policies, can I use both?","insurance_query","expansion","expansion/insurance_query.txt:38"
"Can I claim the remaining amount from my second insurer?","insurance_query","expansion","expansion/insurance_query.txt:39"
"What is the co-payment on my insurance?","insurance_query","expansion","expansion/insurance_query.txt:40"
"How much will insurance pay and how much will I pay?","insurance_query","expansion","expansion/insurance_query.txt:41"
"Is there a deductible I need to pay before insurance kicks in?","insurance_query","expansion","expansion/insurance_query.txt:42"
"My policy is from abroad, do you accept international insurance?","insurance_query","expansion","expansion/insurance_query.txt:43"
"Do you accept travel insurance for treatment?","insurance_query","expansion","expansion/insurance_query.txt:44"
"I want to add my insurance details before admission","insurance_query","expansion","expansion/insurance_query.txt:45"
"How do I update my insurance information?","insurance_query","expansion","expansion/insurance_query.txt:46"
"Can I switch from cash payment to insurance after admission?","insurance_query","expansion","expansion/insurance_query.txt:47"
"Is the insurance approval done before or after surgery?","insurance_query","expansion","expansion/insurance_query.txt:48"
"How long does final insurance settlement take at discharge?","insurance_query","expansion","expansion/insurance_query.txt:49"
"My cashless approval came late, will it delay discharge?","insurance_query","expansion","expansion/insurance_query.txt:50"
"Is my wife covered under my family floater policy here?","insurance_query","expansion","expansion/insurance_query.txt:51"
"Can my newborn be added to my insurance at the hospital?","insurance_query","expansion","expansion/insurance_query.txt:52"
"Does insurance cover the ambulance charges?","insurance_query","expansion","expansion/insurance_query.txt:53"
"Does my insurance cover diagnostic tests without admission?","insurance_query","expansion","expansion/insurance_query.txt:54"
"Are day-care procedures covered under insurance?","insurance_query","expansion","expansion/insurance_query.txt:55"
"Will my insurer cover a second opinion?","insurance_query","expansion","expansion/insurance_query.txt:56"
"Does health insurance cover mental health treatment here?","insurance_query","expansion","expansion/insurance_query.txt:57"
"Do you accept CGHS?","insurance_query","expansion","expansion/insurance_query.txt:58"
"Do you accept ECHS for ex-servicemen?","insurance_query","expansion","expansion/insurance_query.txt:59"
"Is ESI accepted at this hospital?","insurance_query","expansion","expansion/insurance_query.txt:60"
"Can I use state government insurance here?","insurance_query","expansion","expansion/insurance_query.txt:61"
"insurence claim status","insurance_query","expansion","expansion/insurance_query.txt:62"
"is my insurance accepted","insurance_query","expansion","expansion/insurance_query.txt:63"
"cashless avlbl?","insurance_query","expansion","expansion/insurance_query.txt:64"
"Does my mediclaim work here?","insurance_query","expansion","expansion/insurance_query.txt:65"
"Do you take mediclaim policies?","insurance_query","expansion","expansion/insurance_query.txt:66"
"Will my insurance cover cataract surgery?","insurance_query","expansion","expansion/insurance_query.txt:67"
"Is robotic surgery covered by insurance?","insurance_query","expansion","expansion/insurance_query.txt:68"
"How do I get an insurance query letter resolved?","insurance_query","expansion","expansion/insurance_query.txt:69"
"The insurer sent a query, what does the hospital need from me?","insurance_query","expansion","expansion/insurance_query.txt:70"
"I need a hospital letter for my insurance claim","insurance_query","expansion","expansion/insurance_query.txt:71"
"My insurance company wants the discharge summary, how do I get it to them?","insurance_query","expansion","expansion/insurance_query.txt:72"
"Who should I contact about an insurance claim rejection?","insurance_query","expansion","expansion/insurance_query.txt:73"
"What is the claim intimation process?","insurance_query","expansion","expansion/insurance_query.txt:74"
"Do I need to inform my insurer before a planned admission?","insurance_query","expansion","expansion/insurance_query.txt:75"
"How many days before admission should I start the insurance process?","insurance_query","expansion","expansion/insurance_query.txt:76"
"Can emergency admissions be done cashless?","insurance_query","expansion","expansion/insurance_query.txt:77"
"What happens if my insurance doesn't approve the treatment?","insurance_query","expansion","expansion/insurance_query.txt:78"
"Can I get the insurance estimate for my procedure?","insurance_query","expansion","expansion/insurance_query.txt:79"
"Is the insurance sum insured enough for this surgery?","insurance_query","expansion","expansion/insurance_query.txt:80"
"My insurance limit is exhausted, what now?","insurance_query","expansion","expansion/insurance_query.txt:81"
"Are consumables covered under my insurance?","insurance_query","expansion","expansion/insurance_query.txt:82"
"Does my policy have a room rent cap?","insurance_query","expansion","expansion/insurance_query.txt:83"
"Are vaccinations covered under my health insurance?","insurance_query","expansion","expansion/insurance_query.txt:84"
"Does insurance pay for follow-up visits after discharge?","insurance_query","expansion","expansion/insurance_query.txt:85"
"Can insurance be used for outpatient lab tests?","insurance_query","expansion","expansion/insurance_query.txt:86"
"I want to know if my insurer has a tie-up with your hospital","insurance_query","expansion","expansion/insurance_query.txt:87"
"Which insurance providers do you accept?","insurance_query","expansion","expansion/insurance_query.txt:88"
"Is LIC health insurance accepted?","insurance_query","expansion","expansion/insurance_query.txt:89"
"Is HDFC Ergo cashless available here?","insurance_query","expansion","expansion/insurance_query.txt:90"
"Do you accept ICICI Lombard?","insurance_query","expansion","expansion/insurance_query.txt:91"
"I'd like to check my insurance eligibility","insurance_query","expansion","expansion/insurance_query.txt:92"
"Can someone verify my insurance coverage?","insurance_query","expansion","expansion/insurance_query.txt:93"
"How do I check whether my claim has been settled?","insurance_query","expansion","expansion/insurance_query.txt:94"
"I have a question about my health policy","insurance_query","expansion","expansion/insurance_query.txt:95"
"I want to talk to someone about my insurance","insurance_query","expansion","expansion/insurance_query.txt:96"
"Why is my insurer asking for my previous medical records?","insurance_query","expansion","expansion/insurance_query.txt:97"
"Hi, do you accept my health insurance?","insurance_query","expansion","expansion/insurance_query.txt:99"
"Not the bill amount, I want to know if insurance will cover it","insurance_query","expansion","expansion/insurance_query.txt:100"
"Before I pay, can you check if my insurance covers this procedure?","insurance_query","expansion","expansion/insurance_query.txt:101"
"Is the consultation fee covered by my insurance?","insurance_query","expansion","expansion/insurance_query.txt:102"
"I don't want to pay myself, can I use my policy?","insurance_query","expansion","expansion/insurance_query.txt:103"
"Will my insurer reimburse the pharmacy bills?","insurance_query","expansion","expansion/insurance_query.txt:104"
"Does my policy cover the room charges?","insurance_query","expansion","expansion/insurance_query.txt:105"
"I need help with an insurance claim for my recent admission","insurance_query","expansion","expansion/insurance_query.txt:106"
"Is the insurance claim approved for my father's surgery?","insurance_query","expansion","expansion/insurance_query.txt:107"
"Can I go cashless for my planned admission?","insurance_query","expansion","expansion/insurance_query.txt:108"
"Is my insurance valid for lab tests?","insurance_query","expansion","expansion/insurance_query.txt:109"
"Are my lab reports ready?","lab_reports","original","original_intent_dataset.csv:162"
"I want my blood test results","lab_reports","original","original_intent_dataset.csv:163"
"When will my test report be available?","lab_reports","original","original_intent_dataset.csv:164"
"How can I download my lab report?","lab_reports","original","original_intent_dataset.csv:165"
"Can you email me my reports?","lab_reports","original","original_intent_dataset.csv:166"
"I need my X-ray report","lab_reports","original","original_intent_dataset.csv:167"
"Where do I collect my test results?","lab_reports","original","original_intent_dataset.csv:168"
"Has my MRI report come out?","lab_reports","original","original_intent_dataset.csv:169"
"I haven't received my lab results yet","lab_reports","original","original_intent_dataset.csv:170"
"Can I see my urine test report online?","lab_reports","original","original_intent_dataset.csv:171"
"How long does a biopsy report take?","lab_reports","original","original_intent_dataset.csv:172"
"I lost my lab report, can I get another copy?","lab_reports","original","original_intent_dataset.csv:173"
"Send my thyroid test results to my doctor","lab_reports","original","original_intent_dataset.csv:174"
"Are the results of my CT scan ready?","lab_reports","original","original_intent_dataset.csv:175"
"My report shows an error","lab_reports","original","original_intent_dataset.csv:176"
"I want to check my sugar test report","lab_reports","original","original_intent_dataset.csv:177"
"Is my COVID test result out?","lab_reports","original","original_intent_dataset.csv:178"
"Can someone explain my lab report?","lab_reports","original","original_intent_dataset.csv:179"
"Where can I pick up my ECG report?","lab_reports","original","original_intent_dataset.csv:180"
"I need my pathology report","lab_reports","original","original_intent_dataset.csv:181"
"When will my blood work results be ready?","lab_reports","expansion","expansion/lab_reports.txt:3"
"I gave a blood sample yesterday, are the results out?","lab_reports","expansion","expansion/lab_reports.txt:4"
"Can I get my test results on WhatsApp?","lab_reports","expansion","expansion/lab_reports.txt:5"
"How do I see my lab results on the patient portal?","lab_reports","expansion","expansion/lab_reports.txt:6"
"My report is not showing up in the app","lab_reports","expansion","expansion/lab_reports.txt:7"
"I can't log in to download my report","lab_reports","expansion","expansion/lab_reports.txt:8"
"Can you send my report to my email address?","lab_reports","expansion","expansion/lab_reports.txt:9"
"Can my doctor see my test results directly?","lab_reports","expansion","expansion/lab_reports.txt:10"
"Please forward my lab results to Dr. Iyer","lab_reports","expansion","expansion/lab_reports.txt:11"
"I want the results of my HbA1c test","lab_reports","expansion","expansion/lab_reports.txt:12"
"Is my lipid profile report ready?","lab_reports","expansion","expansion/lab_reports.txt:13"
"When will my CBC report come?","lab_reports","expansion","expansion/lab_reports.txt:14"
"Has my culture report come back?","lab_reports","expansion","expansion/lab_reports.txt:15"
"How long does a urine culture take?","lab_reports","expansion","expansion/lab_reports.txt:16"
"How many days for the biopsy results?","lab_reports","expansion","expansion/lab_reports.txt:17"
"Can I get a printed copy of my blood report?","lab_reports","expansion","expansion/lab_reports.txt:18"
"Where is the report collection counter?","lab_reports","expansion","expansion/lab_reports.txt:19"
"Can someone else collect my lab report for me?","lab_reports","expansion","expansion/lab_reports.txt:20"
"I need a hard copy of my X-ray films","lab_reports","expansion","expansion/lab_reports.txt:21"
"Can I get the CT scan images on a CD?","lab_reports","expansion","expansion/lab_reports.txt:22"
"I want my MRI films and report","lab_reports","expansion","expansion/lab_reports.txt:23"
"My ultrasound report hasn't been uploaded yet","lab_reports","expansion","expansion/lab_reports.txt:24"
"I had an ECG done this morning, where can I get the report?","lab_reports","expansion","expansion/lab_reports.txt:25"
"I need my echo report","lab_reports","expansion","expansion/lab_reports.txt:26"
"Is my stress test report ready?","lab_reports","expansion","expansion/lab_reports.txt:27"
"I took a COVID RT-PCR test, when will I get the result?","lab_reports","expansion","expansion/lab_reports.txt:28"
"Can I get my test results in a different language?","lab_reports","expansion","expansion/lab_reports.txt:29"
"The name on my lab report is spelled wrong","lab_reports","expansion","expansion/lab_reports.txt:30"
"My report has the wrong date of birth","lab_reports","expansion","expansion/lab_reports.txt:31"
"I think my test results were mixed up with someone else's","lab_reports","expansion","expansion/lab_reports.txt:32"
"The values on my report look incorrect, can it be rechecked?","lab_reports","expansion","expansion/lab_reports.txt:33"
"Can I get a retest if I think the result is wrong?","lab_reports","expansion","expansion/lab_reports.txt:34"
"Can the doctor go over my test results with me?","lab_reports","expansion","expansion/lab_reports.txt:35"
"What do the normal ranges on my report mean?","lab_reports","expansion","expansion/lab_reports.txt:36"
"I want to discuss my blood test results with a doctor","lab_reports","expansion","expansion/lab_reports.txt:37"
"Are the pathology results back from the outside lab?","lab_reports","expansion","expansion/lab_reports.txt:38"
"My doctor is waiting for my lab report","lab_reports","expansion","expansion/lab_reports.txt:39"
"When is the report delivery time for thyroid tests?","lab_reports","expansion","expansion/lab_reports.txt:40"
"I got a message that my report is ready, where can I see it?","lab_reports","expansion","expansion/lab_reports.txt:41"
"I received an SMS link for my report but it isn't opening","lab_reports","expansion","expansion/lab_reports.txt:42"
"Can I get yesterday's test results today?","lab_reports","expansion","expansion/lab_reports.txt:43"
"How will I be notified when my results are ready?","lab_reports","expansion","expansion/lab_reports.txt:44"
"lab report status","lab_reports","expansion","expansion/lab_reports.txt:45"
"report ready?","lab_reports","expansion","expansion/lab_reports.txt:46"
"my blood test reslts","lab_reports","expansion","expansion/lab_reports.txt:47"
"when will i get my test reprt","lab_reports","expansion","expansion/lab_reports.txt:48"
"Has my vitamin D test report been released?","lab_reports","expansion","expansion/lab_reports.txt:49"
"My son's allergy test report, is it ready?","lab_reports","expansion","expansion/lab_reports.txt:50"
"Can I get my stool test report?","lab_reports","expansion","expansion/lab_reports.txt:51"
"I need my pregnancy test result","lab_reports","expansion","expansion/lab_reports.txt:52"
"When will the semen analysis report be ready?","lab_reports","expansion","expansion/lab_reports.txt:53"
"Is my PAP smear result available?","lab_reports","expansion","expansion/lab_reports.txt:54"
"I want the results of my mammogram","lab_reports","expansion","expansion/lab_reports.txt:55"
"Can I get the radiologist's report for my chest X-ray?","lab_reports","expansion","expansion/lab_reports.txt:56"
"Has my bone density scan report come?","lab_reports","expansion","expansion/lab_reports.txt:57"
"Can my report be couriered to my home?","lab_reports","expansion","expansion/lab_reports.txt:58"
"Can I collect reports for my whole family together?","lab_reports","expansion","expansion/lab_reports.txt:59"
"Is there a fee for a duplicate lab report?","lab_reports","expansion","expansion/lab_reports.txt:60"
"I need a signed copy of my lab report for my visa medical","lab_reports","expansion","expansion/lab_reports.txt:61"
"I need the lab report with the doctor's seal for my employer","lab_reports","expansion","expansion/lab_reports.txt:62"
"Can the report be issued urgently?","lab_reports","expansion","expansion/lab_reports.txt:63"
"I need my test results before my appointment tomorrow","lab_reports","expansion","expansion/lab_reports.txt:64"
"Can I get a preliminary report while the final one is pending?","lab_reports","expansion","expansion/lab_reports.txt:65"
"Why is my report taking so long?","lab_reports","expansion","expansion/lab_reports.txt:66"
"It's been a week and my biopsy report is still not ready","lab_reports","expansion","expansion/lab_reports.txt:67"
"The lab said the sample was insufficient, what happens now?","lab_reports","expansion","expansion/lab_reports.txt:68"
"Do I need to give another sample?","lab_reports","expansion","expansion/lab_reports.txt:69"
"My sample got rejected, do I need to come back?","lab_reports","expansion","expansion/lab_reports.txt:70"
"Can I see my previous test results to compare with today's?","lab_reports","expansion","expansion/lab_reports.txt:71"
"I want the trend of my sugar reports over the last three tests","lab_reports","expansion","expansion/lab_reports.txt:72"
"Do you share reports with insurance companies directly?","lab_reports","expansion","expansion/lab_reports.txt:73"
"Can my reports be uploaded to my health locker account?","lab_reports","expansion","expansion/lab_reports.txt:74"
"I want my reports in PDF format","lab_reports","expansion","expansion/lab_reports.txt:75"
"I need my reports translated for a doctor abroad","lab_reports","expansion","expansion/lab_reports.txt:76"
"Where can I get my dental X-ray report?","lab_reports","expansion","expansion/lab_reports.txt:77"
"Can I get my eye test results printed?","lab_reports","expansion","expansion/lab_reports.txt:78"
"Is my audiometry report ready?","lab_reports","expansion","expansion/lab_reports.txt:79"
"I need my sleep study results","lab_reports","expansion","expansion/lab_reports.txt:80"
"Has the genetic test result come back?","lab_reports","expansion","expansion/lab_reports.txt:81"
"How do I get my histopathology slides and report?","lab_reports","expansion","expansion/lab_reports.txt:82"
"I want my report reviewed by another pathologist","lab_reports","expansion","expansion/lab_reports.txt:83"
"Are my liver function test results available?","lab_reports","expansion","expansion/lab_reports.txt:84"
"Are my kidney function test results out?","lab_reports","expansion","expansion/lab_reports.txt:85"
"Is my dengue test result positive or negative, has it come?","lab_reports","expansion","expansion/lab_reports.txt:86"
"Please check if my malaria test report is ready","lab_reports","expansion","expansion/lab_reports.txt:87"
"I'm waiting for my ECG and blood reports from this morning","lab_reports","expansion","expansion/lab_reports.txt:88"
"Can I access my reports without coming to the hospital?","lab_reports","expansion","expansion/lab_reports.txt:89"
"My report shows another patient's name","lab_reports","expansion","expansion/lab_reports.txt:90"
"I want the soft copy of my scan","lab_reports","expansion","expansion/lab_reports.txt:91"
"My doctor asked me to bring my test reports, how do I get them?","lab_reports","expansion","expansion/lab_reports.txt:92"
"I need the report of the test done last Monday","lab_reports","expansion","expansion/lab_reports.txt:93"
"How can I get my child's blood test report?","lab_reports","expansion","expansion/lab_reports.txt:94"
"I haven't got the PET scan report yet","lab_reports","expansion","expansion/lab_reports.txt:95"
"Can I get my lab report for my insurance claim?","lab_reports","expansion","expansion/lab_reports.txt:96"
"Can I pick up my results after 6 pm?","lab_reports","expansion","expansion/lab_reports.txt:97"
"Hi, are my test results ready?","lab_reports","expansion","expansion/lab_reports.txt:99"
"Not my whole file, I only need yesterday's blood test report","lab_reports","expansion","expansion/lab_reports.txt:100"
"I just need the result of my latest scan","lab_reports","expansion","expansion/lab_reports.txt:101"
"Can I get only my thyroid report, not my full records?","lab_reports","expansion","expansion/lab_reports.txt:102"
"Is the report for the test I took this morning out?","lab_reports","expansion","expansion/lab_reports.txt:103"
"I need the MRI report from last week","lab_reports","expansion","expansion/lab_reports.txt:104"
"Can I get the report of my child's blood test today?","lab_reports","expansion","expansion/lab_reports.txt:105"
"I'm waiting for my lab test results","lab_reports","expansion","expansion/lab_reports.txt:106"
"Has the lab finished my sample analysis?","lab_reports","expansion","expansion/lab_reports.txt:107"
"Where can I download today's test report?","lab_reports","expansion","expansion/lab_reports.txt:108"
"I need a copy of my medical records","medical_records","original","original_intent_dataset.csv:302"
"How do I get my medical history?","medical_records","original","original_intent_dataset.csv:303"
"Can I access my health records online?","medical_records","original","original_intent_dataset.csv:304"
"I want my old hospital records","medical_records","original","original_intent_dataset.csv:305"
"How do I request my patient file?","medical_records","original","original_intent_dataset.csv:306"
"Can you transfer my records to another hospital?","medical_records","original","original_intent_dataset.csv:307"
"I need my records for an insurance claim","medical_records","original","original_intent_dataset.csv:308"
"Who can access my medical records?","medical_records","original","original_intent_dataset.csv:309"
"How long do you keep medical records?","medical_records","original","original_intent_dataset.csv:310"
"Can I get my records from five years ago?","medical_records","original","original_intent_dataset.csv:311"
"I want to update my personal details in my records","medical_records","original","original_intent_dataset.csv:312"
"My medical record has incorrect information","medical_records","original","original_intent_dataset.csv:313"
"Can my family member get my records?","medical_records","original","original_intent_dataset.csv:314"
"Is there a fee for medical records?","medical_records","original","original_intent_dataset.csv:315"
"I need a copy of my old discharge summary for my files","medical_records","original","original_intent_dataset.csv:316"
"How can I get my child's vaccination records?","medical_records","original","original_intent_dataset.csv:317"
"Can I get my records on a CD?","medical_records","original","original_intent_dataset.csv:318"
"Where is the medical records department?","medical_records","original","original_intent_dataset.csv:319"
"I need my surgery notes","medical_records","original","original_intent_dataset.csv:320"
"How do I get my complete medical file?","medical_records","original","original_intent_dataset.csv:321"
"How do I request a copy of my complete medical file?","medical_records","expansion","expansion/medical_records.txt:2"
"I need all my treatment records from the last three years","medical_records","expansion","expansion/medical_records.txt:3"
"Can I get my old admission records?","medical_records","expansion","expansion/medical_records.txt:4"
"I was treated here in 2015, can I get those records?","medical_records","expansion","expansion/medical_records.txt:5"
"Please send my medical records to my new doctor","medical_records","expansion","expansion/medical_records.txt:6"
"Can you transfer my case file to another hospital?","medical_records","expansion","expansion/medical_records.txt:7"
"I'm moving abroad and need my full medical history","medical_records","expansion","expansion/medical_records.txt:8"
"Can I get my records in English for a foreign hospital?","medical_records","expansion","expansion/medical_records.txt:9"
"How do I apply for my medical records?","medical_records","expansion","expansion/medical_records.txt:10"
"Is there a form to request medical records?","medical_records","expansion","expansion/medical_records.txt:11"
"How many days does it take to get my records?","medical_records","expansion","expansion/medical_records.txt:12"
"Can I get certified copies of my medical records?","medical_records","expansion","expansion/medical_records.txt:13"
"I need attested medical records for a court case","medical_records","expansion","expansion/medical_records.txt:14"
"I need my records for a legal case","medical_records","expansion","expansion/medical_records.txt:15"
"My lawyer needs my hospital records","medical_records","expansion","expansion/medical_records.txt:16"
"Can my employer get my medical records?","medical_records","expansion","expansion/medical_records.txt:17"
"Who is allowed to see my health file?","medical_records","expansion","expansion/medical_records.txt:18"
"Is my medical information kept confidential?","medical_records","expansion","expansion/medical_records.txt:19"
"Can I stop my family from seeing my records?","medical_records","expansion","expansion/medical_records.txt:20"
"I want to give my son permission to access my records","medical_records","expansion","expansion/medical_records.txt:21"
"Can I get my late father's medical records?","medical_records","expansion","expansion/medical_records.txt:22"
"What documents do I need to collect a deceased relative's records?","medical_records","expansion","expansion/medical_records.txt:23"
"Can I see my medical records on the patient portal?","medical_records","expansion","expansion/medical_records.txt:24"
"How do I link my records to my digital health ID?","medical_records","expansion","expansion/medical_records.txt:25"
"Can I download my health history from the app?","medical_records","expansion","expansion/medical_records.txt:26"
"My patient portal doesn't show my older visits","medical_records","expansion","expansion/medical_records.txt:27"
"I need copies of my old discharge summaries from previous admissions","medical_records","expansion","expansion/medical_records.txt:28"
"I want the operation notes from my surgery last year","medical_records","expansion","expansion/medical_records.txt:29"
"Can I get the anaesthesia records from my operation?","medical_records","expansion","expansion/medical_records.txt:30"
"Can I get my ICU records?","medical_records","expansion","expansion/medical_records.txt:31"
"I need my child's birth records from the hospital","medical_records","expansion","expansion/medical_records.txt:32"
"Can I get my baby's birth notes?","medical_records","expansion","expansion/medical_records.txt:33"
"I need my immunization history","medical_records","expansion","expansion/medical_records.txt:34"
"Can you provide my vaccination certificate from my records?","medical_records","expansion","expansion/medical_records.txt:35"
"I need my MLC records","medical_records","expansion","expansion/medical_records.txt:36"
"How do I get my case sheet?","medical_records","expansion","expansion/medical_records.txt:37"
"Can I get a copy of my in-patient case sheet?","medical_records","expansion","expansion/medical_records.txt:38"
"Can I get the doctor's consultation notes from my visits?","medical_records","expansion","expansion/medical_records.txt:39"
"I want a summary of all my diagnoses on file","medical_records","expansion","expansion/medical_records.txt:40"
"My records have the wrong blood group listed","medical_records","expansion","expansion/medical_records.txt:41"
"My date of birth is wrong in my hospital records","medical_records","expansion","expansion/medical_records.txt:42"
"Please correct my name in my medical file","medical_records","expansion","expansion/medical_records.txt:43"
"I want to update my address in my patient records","medical_records","expansion","expansion/medical_records.txt:44"
"How do I update my phone number in my hospital file?","medical_records","expansion","expansion/medical_records.txt:45"
"I want to add my allergy information to my records","medical_records","expansion","expansion/medical_records.txt:46"
"My records show a medicine I never took","medical_records","expansion","expansion/medical_records.txt:47"
"Can you merge my two patient IDs into one?","medical_records","expansion","expansion/medical_records.txt:48"
"I have two hospital numbers, can they be combined?","medical_records","expansion","expansion/medical_records.txt:49"
"What's my patient ID number?","medical_records","expansion","expansion/medical_records.txt:50"
"I forgot my medical record number","medical_records","expansion","expansion/medical_records.txt:51"
"How long does the hospital keep old records?","medical_records","expansion","expansion/medical_records.txt:52"
"Are records from before 2010 still available?","medical_records","expansion","expansion/medical_records.txt:53"
"Can I get my records digitized?","medical_records","expansion","expansion/medical_records.txt:54"
"Can I get my medical records on a pen drive?","medical_records","expansion","expansion/medical_records.txt:55"
"Can I get all my scans and reports in one file?","medical_records","expansion","expansion/medical_records.txt:56"
"Can I get my medical records sent by courier?","medical_records","expansion","expansion/medical_records.txt:57"
"Is there a fee for photocopying my file?","medical_records","expansion","expansion/medical_records.txt:58"
"Who is in charge of the medical records department?","medical_records","expansion","expansion/medical_records.txt:59"
"Where is the MRD?","medical_records","expansion","expansion/medical_records.txt:60"
"med records copy","medical_records","expansion","expansion/medical_records.txt:61"
"i need my old reocrds","medical_records","expansion","expansion/medical_records.txt:62"
"how to get medical histroy","medical_records","expansion","expansion/medical_records.txt:63"
"need my case file","medical_records","expansion","expansion/medical_records.txt:64"
"Can I access my wife's records with her consent?","medical_records","expansion","expansion/medical_records.txt:65"
"Can my insurance company access my medical records?","medical_records","expansion","expansion/medical_records.txt:66"
"Has anyone accessed my records without permission?","medical_records","expansion","expansion/medical_records.txt:67"
"I want to know who viewed my medical file","medical_records","expansion","expansion/medical_records.txt:68"
"Can my medical records be deleted?","medical_records","expansion","expansion/medical_records.txt:69"
"I want to download my records under data protection law","medical_records","expansion","expansion/medical_records.txt:70"
"Can I get my records for a visa application?","medical_records","expansion","expansion/medical_records.txt:71"
"I need my treatment history for a disability certificate","medical_records","expansion","expansion/medical_records.txt:72"
"I need records of my past surgeries for a new doctor","medical_records","expansion","expansion/medical_records.txt:73"
"Can I share my health records with a doctor in another country?","medical_records","expansion","expansion/medical_records.txt:74"
"Can the hospital share my records with my GP?","medical_records","expansion","expansion/medical_records.txt:75"
"Can you fax my records to another clinic?","medical_records","expansion","expansion/medical_records.txt:76"
"Where can I collect my medical records?","medical_records","expansion","expansion/medical_records.txt:77"
"Can I collect my records on behalf of my mother?","medical_records","expansion","expansion/medical_records.txt:78"
"I need a medical history summary for my school admission","medical_records","expansion","expansion/medical_records.txt:79"
"Can I get a copy of my old prescriptions from my file?","medical_records","expansion","expansion/medical_records.txt:80"
"Can I get a list of all my previous hospital visits?","medical_records","expansion","expansion/medical_records.txt:81"
"What information is included in my medical records?","medical_records","expansion","expansion/medical_records.txt:82"
"Are my mental health records stored separately?","medical_records","expansion","expansion/medical_records.txt:83"
"How do I get my dental records?","medical_records","expansion","expansion/medical_records.txt:84"
"Can I review my file before my next appointment?","medical_records","expansion","expansion/medical_records.txt:85"
"I want to check my records for accuracy","medical_records","expansion","expansion/medical_records.txt:86"
"Can I add notes to my own medical records?","medical_records","expansion","expansion/medical_records.txt:87"
"Who do I talk to about errors in my records?","medical_records","expansion","expansion/medical_records.txt:88"
"Can I get my emergency room visit records?","medical_records","expansion","expansion/medical_records.txt:89"
"I need my maternity records for my second pregnancy","medical_records","expansion","expansion/medical_records.txt:90"
"I want my complete hospitalization history","medical_records","expansion","expansion/medical_records.txt:91"
"Can you provide records of my previous physiotherapy sessions?","medical_records","expansion","expansion/medical_records.txt:92"
"Can I get my health check-up records from previous years?","medical_records","expansion","expansion/medical_records.txt:93"
"Can I get my electronic health record exported?","medical_records","expansion","expansion/medical_records.txt:94"
"Not just one test report, I need my complete medical file","medical_records","expansion","expansion/medical_records.txt:97"
"I need all my reports and treatment notes from my previous stays","medical_records","expansion","expansion/medical_records.txt:98"
"I want my entire treatment history, not just the latest result","medical_records","expansion","expansion/medical_records.txt:99"
"Can I get a copy of the discharge summary from my admission two years ago?","medical_records","expansion","expansion/medical_records.txt:100"
"I need my past records for an insurance claim","medical_records","expansion","expansion/medical_records.txt:101"
"Can I get all my past prescriptions and notes in one file?","medical_records","expansion","expansion/medical_records.txt:102"
"I need my old hospital file for my new doctor","medical_records","expansion","expansion/medical_records.txt:103"
"How do I get my medical history printed?","medical_records","expansion","expansion/medical_records.txt:104"
"Can I get my full records sent to another hospital?","medical_records","expansion","expansion/medical_records.txt:105"
"Where is the pharmacy?","pharmacy_query","original","original_intent_dataset.csv:182"
"Is this medicine available at your pharmacy?","pharmacy_query","original","original_intent_dataset.csv:183"
"Do you deliver medicines?","pharmacy_query","original","original_intent_dataset.csv:184"
"Can I buy medicines without a prescription?","pharmacy_query","original","original_intent_dataset.csv:186"
"How much does this medicine cost?","pharmacy_query","original","original_intent_dataset.csv:187"
"Do you have insulin in stock?","pharmacy_query","original","original_intent_dataset.csv:188"
"Can I order medicines online?","pharmacy_query","original","original_intent_dataset.csv:189"
"Is there a discount on medicines?","pharmacy_query","original","original_intent_dataset.csv:190"
"Do you sell generic medicines?","pharmacy_query","original","original_intent_dataset.csv:191"
"Can I return unused medicines?","pharmacy_query","original","original_intent_dataset.csv:192"
"Is there a pharmacy inside the hospital?","pharmacy_query","original","original_intent_dataset.csv:193"
"Do you have baby formula at the pharmacy?","pharmacy_query","original","original_intent_dataset.csv:194"
"Can I pick up my medicines from the pharmacy?","pharmacy_query","original","original_intent_dataset.csv:195"
"Is my medicine ready for pickup?","pharmacy_query","original","original_intent_dataset.csv:196"
"I need to buy a blood pressure monitor","pharmacy_query","original","original_intent_dataset.csv:198"
"Is there a pharmacy near the emergency ward?","pharmacy_query","original","original_intent_dataset.csv:199"
"Can someone else collect my medicines?","pharmacy_query","original","original_intent_dataset.csv:200"
"Does the pharmacy stock surgical supplies?","pharmacy_query","original","original_intent_dataset.csv:201"
"Do you have paracetamol in stock?","pharmacy_query","expansion","expansion/pharmacy_query.txt:4"
"Is this tablet available in your pharmacy?","pharmacy_query","expansion","expansion/pharmacy_query.txt:5"
"Can I check if a medicine is available before I come?","pharmacy_query","expansion","expansion/pharmacy_query.txt:6"
"Does the hospital pharmacy have this antibiotic?","pharmacy_query","expansion","expansion/pharmacy_query.txt:7"
"Is there a generic version of this medicine available?","pharmacy_query","expansion","expansion/pharmacy_query.txt:8"
"Can I get a cheaper alternative brand at the pharmacy?","pharmacy_query","expansion","expansion/pharmacy_query.txt:9"
"What's the price of this medicine?","pharmacy_query","expansion","expansion/pharmacy_query.txt:10"
"How much does a strip of metformin cost?","pharmacy_query","expansion","expansion/pharmacy_query.txt:11"
"Can I buy medicines for a whole month at once?","pharmacy_query","expansion","expansion/pharmacy_query.txt:12"
"Can my medicines be delivered to my house?","pharmacy_query","expansion","expansion/pharmacy_query.txt:14"
"How long does medicine delivery take?","pharmacy_query","expansion","expansion/pharmacy_query.txt:15"
"Is there a delivery charge for medicines?","pharmacy_query","expansion","expansion/pharmacy_query.txt:16"
"Can I order my medicines on WhatsApp?","pharmacy_query","expansion","expansion/pharmacy_query.txt:17"
"Can I order medicines through the hospital app?","pharmacy_query","expansion","expansion/pharmacy_query.txt:18"
"Where is the pharmacy located in the hospital?","pharmacy_query","expansion","expansion/pharmacy_query.txt:19"
"Which floor is the pharmacy on?","pharmacy_query","expansion","expansion/pharmacy_query.txt:20"
"Is there a pharmacy near the OPD?","pharmacy_query","expansion","expansion/pharmacy_query.txt:21"
"Is there a separate pharmacy for inpatients?","pharmacy_query","expansion","expansion/pharmacy_query.txt:22"
"Can I get my discharge medicines from your pharmacy?","pharmacy_query","expansion","expansion/pharmacy_query.txt:23"
"Can I collect medicines for my admitted relative?","pharmacy_query","expansion","expansion/pharmacy_query.txt:24"
"Can my son pick up my medicines?","pharmacy_query","expansion","expansion/pharmacy_query.txt:25"
"Do I need to show ID to collect medicines?","pharmacy_query","expansion","expansion/pharmacy_query.txt:26"
"Can I return medicines that were not used?","pharmacy_query","expansion","expansion/pharmacy_query.txt:27"
"Will I get a refund for returned medicines?","pharmacy_query","expansion","expansion/pharmacy_query.txt:28"
"Can I exchange a medicine I bought by mistake?","pharmacy_query","expansion","expansion/pharmacy_query.txt:29"
"Do you sell over-the-counter medicines?","pharmacy_query","expansion","expansion/pharmacy_query.txt:30"
"Do you sell vitamins and supplements?","pharmacy_query","expansion","expansion/pharmacy_query.txt:31"
"Do you have diabetic supplies like test strips?","pharmacy_query","expansion","expansion/pharmacy_query.txt:32"
"Do you sell glucometers?","pharmacy_query","expansion","expansion/pharmacy_query.txt:33"
"Do you sell nebulizers?","pharmacy_query","expansion","expansion/pharmacy_query.txt:34"
"Can I buy a wheelchair from the pharmacy?","pharmacy_query","expansion","expansion/pharmacy_query.txt:35"
"Do you sell surgical masks and gloves?","pharmacy_query","expansion","expansion/pharmacy_query.txt:36"
"Do you sell baby diapers at the pharmacy?","pharmacy_query","expansion","expansion/pharmacy_query.txt:37"
"Can I buy adult diapers here?","pharmacy_query","expansion","expansion/pharmacy_query.txt:38"
"Do you stock cancer medicines?","pharmacy_query","expansion","expansion/pharmacy_query.txt:39"
"Do you have the vaccine in stock?","pharmacy_query","expansion","expansion/pharmacy_query.txt:40"
"Can I buy insulin pens here?","pharmacy_query","expansion","expansion/pharmacy_query.txt:41"
"Is there any discount on medicines for senior citizens?","pharmacy_query","expansion","expansion/pharmacy_query.txt:42"
"Do you offer a discount on bulk purchase of medicines?","pharmacy_query","expansion","expansion/pharmacy_query.txt:43"
"Can I pay by card at the pharmacy?","pharmacy_query","expansion","expansion/pharmacy_query.txt:44"
"Does the pharmacy take UPI payments?","pharmacy_query","expansion","expansion/pharmacy_query.txt:45"
"The pharmacy gave me the wrong medicine","pharmacy_query","expansion","expansion/pharmacy_query.txt:46"
"I got fewer tablets than I paid for","pharmacy_query","expansion","expansion/pharmacy_query.txt:47"
"The medicine I received is expired","pharmacy_query","expansion","expansion/pharmacy_query.txt:48"
"The pharmacist gave me a different brand, is that okay?","pharmacy_query","expansion","expansion/pharmacy_query.txt:49"
"Can I talk to the pharmacist?","pharmacy_query","expansion","expansion/pharmacy_query.txt:50"
"Is a pharmacist available to answer questions?","pharmacy_query","expansion","expansion/pharmacy_query.txt:51"
"My medicine is out of stock, when will it be available?","pharmacy_query","expansion","expansion/pharmacy_query.txt:52"
"Can you order a medicine that you don't have?","pharmacy_query","expansion","expansion/pharmacy_query.txt:53"
"Can you reserve a medicine for me?","pharmacy_query","expansion","expansion/pharmacy_query.txt:54"
"Do you keep imported medicines?","pharmacy_query","expansion","expansion/pharmacy_query.txt:55"
"pharmacy near me in hospital?","pharmacy_query","expansion","expansion/pharmacy_query.txt:56"
"is ther a chemist inside","pharmacy_query","expansion","expansion/pharmacy_query.txt:57"
"medicine avlbl?","pharmacy_query","expansion","expansion/pharmacy_query.txt:58"
"do u deliver medicnes","pharmacy_query","expansion","expansion/pharmacy_query.txt:59"
"Where can I buy my medicines after the consultation?","pharmacy_query","expansion","expansion/pharmacy_query.txt:60"
"Is there a medical shop in the hospital?","pharmacy_query","expansion","expansion/pharmacy_query.txt:61"
"Where is the chemist?","pharmacy_query","expansion","expansion/pharmacy_query.txt:62"
"Is there a pharmacy at the emergency side?","pharmacy_query","expansion","expansion/pharmacy_query.txt:63"
"Can I buy medicines without seeing a doctor here?","pharmacy_query","expansion","expansion/pharmacy_query.txt:64"
"Can I buy medicines with a prescription from another hospital?","pharmacy_query","expansion","expansion/pharmacy_query.txt:65"
"Do you accept prescriptions from outside doctors at the pharmacy?","pharmacy_query","expansion","expansion/pharmacy_query.txt:66"
"Can I get my regular medicines refilled at the pharmacy every month?","pharmacy_query","expansion","expansion/pharmacy_query.txt:67"
"Do you have an auto-refill delivery service?","pharmacy_query","expansion","expansion/pharmacy_query.txt:68"
"Do you provide medicine reminders with home delivery?","pharmacy_query","expansion","expansion/pharmacy_query.txt:69"
"How do I store the medicine I bought?","pharmacy_query","expansion","expansion/pharmacy_query.txt:70"
"Does the pharmacy sell ayurvedic products?","pharmacy_query","expansion","expansion/pharmacy_query.txt:71"
"Can I buy a thermometer here?","pharmacy_query","expansion","expansion/pharmacy_query.txt:72"
"Do you sell blood pressure machines?","pharmacy_query","expansion","expansion/pharmacy_query.txt:73"
"Do you have crutches for sale?","pharmacy_query","expansion","expansion/pharmacy_query.txt:74"
"Can I rent medical equipment from the pharmacy?","pharmacy_query","expansion","expansion/pharmacy_query.txt:75"
"Do you have an oxygen cylinder for home use?","pharmacy_query","expansion","expansion/pharmacy_query.txt:76"
"Do you sell compression stockings?","pharmacy_query","expansion","expansion/pharmacy_query.txt:77"
"Can I buy eye drops here?","pharmacy_query","expansion","expansion/pharmacy_query.txt:78"
"Do you sell hearing aid batteries?","pharmacy_query","expansion","expansion/pharmacy_query.txt:79"
"Is the pharmacy bill separate from the hospital bill?","pharmacy_query","expansion","expansion/pharmacy_query.txt:80"
"Can I get a GST bill from the pharmacy?","pharmacy_query","expansion","expansion/pharmacy_query.txt:81"
"I need a bill for the medicines I bought","pharmacy_query","expansion","expansion/pharmacy_query.txt:82"
"Can I get a list of medicine prices?","pharmacy_query","expansion","expansion/pharmacy_query.txt:83"
"How do I know if my medicine is genuine?","pharmacy_query","expansion","expansion/pharmacy_query.txt:84"
"Can I buy medicine for my pet here?","pharmacy_query","expansion","expansion/pharmacy_query.txt:85"
"Can I place a pharmacy order for pickup?","pharmacy_query","expansion","expansion/pharmacy_query.txt:86"
"Is my pharmacy order ready?","pharmacy_query","expansion","expansion/pharmacy_query.txt:87"
"Has my medicine order been dispatched?","pharmacy_query","expansion","expansion/pharmacy_query.txt:88"
"My medicine delivery hasn't arrived","pharmacy_query","expansion","expansion/pharmacy_query.txt:89"
"Can I track my medicine delivery?","pharmacy_query","expansion","expansion/pharmacy_query.txt:90"
"Do you have a cold chain for injections I'm buying?","pharmacy_query","expansion","expansion/pharmacy_query.txt:91"
"Can I buy my chemotherapy drugs at the hospital pharmacy?","pharmacy_query","expansion","expansion/pharmacy_query.txt:92"
"Is the medicine I need a controlled drug that needs special approval?","pharmacy_query","expansion","expansion/pharmacy_query.txt:93"
"Do you stock the syrup for children?","pharmacy_query","expansion","expansion/pharmacy_query.txt:94"
"Can I buy the injection here and get it administered at the clinic?","pharmacy_query","expansion","expansion/pharmacy_query.txt:95"
"Can I get my medicines packed in daily doses?","pharmacy_query","expansion","expansion/pharmacy_query.txt:96"
"Do you sell first aid kits?","pharmacy_query","expansion","expansion/pharmacy_query.txt:97"
"Hi, is this medicine in stock?","pharmacy_query","expansion","expansion/pharmacy_query.txt:99"
"I already have the prescription, I just want to buy the medicines","pharmacy_query","expansion","expansion/pharmacy_query.txt:100"
"I have the doctor's prescription, where can I buy the tablets?","pharmacy_query","expansion","expansion/pharmacy_query.txt:101"
"Not a new prescription, I just need to pick up my medicines","pharmacy_query","expansion","expansion/pharmacy_query.txt:102"
"Can I buy the medicines on my prescription at your pharmacy?","pharmacy_query","expansion","expansion/pharmacy_query.txt:103"
"Does the pharmacy have the medicine my doctor prescribed?","pharmacy_query","expansion","expansion/pharmacy_query.txt:104"
"I need to buy the injection the doctor prescribed","pharmacy_query","expansion","expansion/pharmacy_query.txt:105"
"Can I get these medicines delivered to my home?","pharmacy_query","expansion","expansion/pharmacy_query.txt:106"
"How much will the prescribed medicines cost at the pharmacy?","pharmacy_query","expansion","expansion/pharmacy_query.txt:107"
"Is the pharmacy inside the main building?","pharmacy_query","expansion","expansion/pharmacy_query.txt:108"
"I need a refill of my prescription","prescription_query","original","original_intent_dataset.csv:322"
"Can my doctor renew my prescription?","prescription_query","original","original_intent_dataset.csv:323"
"I lost my prescription","prescription_query","original","original_intent_dataset.csv:324"
"Can you send my prescription to the pharmacy?","prescription_query","original","original_intent_dataset.csv:325"
"I can't read my doctor's prescription","prescription_query","original","original_intent_dataset.csv:326"
"My prescription has expired","prescription_query","original","original_intent_dataset.csv:327"
"Can I get a digital copy of my prescription?","prescription_query","original","original_intent_dataset.csv:328"
"I need a new prescription for my blood pressure medicine","prescription_query","original","original_intent_dataset.csv:329"
"Is my prescription ready?","prescription_query","original","original_intent_dataset.csv:330"
"The prescription has the wrong dosage written","prescription_query","original","original_intent_dataset.csv:331"
"Can the doctor change my prescription?","prescription_query","original","original_intent_dataset.csv:332"
"How do I get a repeat prescription?","prescription_query","original","original_intent_dataset.csv:333"
"My prescription is missing a medicine","prescription_query","original","original_intent_dataset.csv:334"
"Can I get my prescription without visiting?","prescription_query","original","original_intent_dataset.csv:335"
"Who can I ask about my prescription?","prescription_query","original","original_intent_dataset.csv:336"
"I need a prescription for my insulin","prescription_query","original","original_intent_dataset.csv:337"
"Can a nurse renew my prescription?","prescription_query","original","original_intent_dataset.csv:338"
"How long is a prescription valid?","prescription_query","original","original_intent_dataset.csv:339"
"I want to discuss side effects of the medicine I was prescribed","prescription_query","original","original_intent_dataset.csv:340"
"Can you email my prescription?","prescription_query","original","original_intent_dataset.csv:341"
"Can my doctor send a new prescription for my thyroid tablets?","prescription_query","expansion","expansion/prescription_query.txt:3"
"I'm running out of my medicine, how do I get my prescription renewed?","prescription_query","expansion","expansion/prescription_query.txt:4"
"My prescription ran out, can it be extended?","prescription_query","expansion","expansion/prescription_query.txt:5"
"Can I get a repeat prescription without seeing the doctor again?","prescription_query","expansion","expansion/prescription_query.txt:6"
"Do I need an appointment to renew my prescription?","prescription_query","expansion","expansion/prescription_query.txt:7"
"Can the doctor renew my prescription over a teleconsultation?","prescription_query","expansion","expansion/prescription_query.txt:8"
"I need my prescription updated with the new dose the doctor mentioned","prescription_query","expansion","expansion/prescription_query.txt:9"
"The doctor forgot to write one medicine on my prescription","prescription_query","expansion","expansion/prescription_query.txt:10"
"My prescription has a spelling mistake in the medicine name","prescription_query","expansion","expansion/prescription_query.txt:11"
"The prescription doesn't mention how many days to take the tablets","prescription_query","expansion","expansion/prescription_query.txt:12"
"The dosage instructions on my prescription are unclear","prescription_query","expansion","expansion/prescription_query.txt:13"
"I can't understand the handwriting on my prescription","prescription_query","expansion","expansion/prescription_query.txt:14"
"What does BD mean on my prescription?","prescription_query","expansion","expansion/prescription_query.txt:15"
"What does ""1-0-1"" on my prescription mean?","prescription_query","expansion","expansion/prescription_query.txt:16"
"Can someone explain the instructions on my prescription?","prescription_query","expansion","expansion/prescription_query.txt:17"
"I need a printed copy of my prescription","prescription_query","expansion","expansion/prescription_query.txt:18"
"Can I get my prescription on WhatsApp?","prescription_query","expansion","expansion/prescription_query.txt:19"
"Can you send my prescription to my email?","prescription_query","expansion","expansion/prescription_query.txt:20"
"Where can I see my e-prescription?","prescription_query","expansion","expansion/prescription_query.txt:21"
"I didn't receive my e-prescription after the online consultation","prescription_query","expansion","expansion/prescription_query.txt:22"
"Can my prescription be sent directly to the pharmacy?","prescription_query","expansion","expansion/prescription_query.txt:23"
"Can you send my prescription to an outside pharmacy?","prescription_query","expansion","expansion/prescription_query.txt:24"
"I lost the prescription the doctor gave me yesterday","prescription_query","expansion","expansion/prescription_query.txt:25"
"Can I get a duplicate prescription?","prescription_query","expansion","expansion/prescription_query.txt:26"
"I need a prescription for my travel so customs allows my medicines","prescription_query","expansion","expansion/prescription_query.txt:27"
"Can I get a prescription letter for carrying medicines abroad?","prescription_query","expansion","expansion/prescription_query.txt:28"
"Can I get a prescription for a longer duration?","prescription_query","expansion","expansion/prescription_query.txt:29"
"Can the doctor prescribe three months of medicine at once?","prescription_query","expansion","expansion/prescription_query.txt:30"
"Is my old prescription still valid?","prescription_query","expansion","expansion/prescription_query.txt:31"
"How long is my prescription good for?","prescription_query","expansion","expansion/prescription_query.txt:32"
"Can I use last year's prescription to buy medicines?","prescription_query","expansion","expansion/prescription_query.txt:33"
"Can I get my prescription changed to a generic medicine?","prescription_query","expansion","expansion/prescription_query.txt:34"
"Can the doctor change my prescription to a cheaper brand?","prescription_query","expansion","expansion/prescription_query.txt:35"
"I'm having side effects, can I get my prescription reviewed?","prescription_query","expansion","expansion/prescription_query.txt:36"
"The prescribed medicine isn't suiting me, who should I talk to about changing it?","prescription_query","expansion","expansion/prescription_query.txt:37"
"I'm allergic to one of the medicines on my prescription","prescription_query","expansion","expansion/prescription_query.txt:38"
"Can the doctor check if my prescriptions interact with each other?","prescription_query","expansion","expansion/prescription_query.txt:39"
"I'm taking medicines from two doctors, can someone review my prescriptions?","prescription_query","expansion","expansion/prescription_query.txt:40"
"Can I get a prescription for my regular BP tablets?","prescription_query","expansion","expansion/prescription_query.txt:41"
"I need a prescription for my child's inhaler","prescription_query","expansion","expansion/prescription_query.txt:42"
"My son's prescription needs to be renewed","prescription_query","expansion","expansion/prescription_query.txt:43"
"I need a new prescription for my insulin pens","prescription_query","expansion","expansion/prescription_query.txt:44"
"Can a nurse practitioner write my prescription?","prescription_query","expansion","expansion/prescription_query.txt:45"
"Who can authorize a prescription refill?","prescription_query","expansion","expansion/prescription_query.txt:46"
"Has my doctor approved my refill request?","prescription_query","expansion","expansion/prescription_query.txt:47"
"I requested a refill, what's the status?","prescription_query","expansion","expansion/prescription_query.txt:48"
"How long does a prescription refill request take?","prescription_query","expansion","expansion/prescription_query.txt:49"
"Can you check if my prescription has been sent?","prescription_query","expansion","expansion/prescription_query.txt:50"
"My pharmacy says they never got my prescription","prescription_query","expansion","expansion/prescription_query.txt:51"
"The pharmacy says my prescription is incomplete","prescription_query","expansion","expansion/prescription_query.txt:52"
"The pharmacist said the prescription needs a doctor's signature","prescription_query","expansion","expansion/prescription_query.txt:53"
"My prescription is missing the doctor's stamp","prescription_query","expansion","expansion/prescription_query.txt:54"
"My prescription has the wrong patient name","prescription_query","expansion","expansion/prescription_query.txt:55"
"The prescription has the wrong date","prescription_query","expansion","expansion/prescription_query.txt:56"
"The prescribed strength isn't available, can the doctor change the prescription?","prescription_query","expansion","expansion/prescription_query.txt:57"
"Can I get a prescription without a physical visit?","prescription_query","expansion","expansion/prescription_query.txt:58"
"Can I get an online prescription?","prescription_query","expansion","expansion/prescription_query.txt:59"
"Can you renew the prescription for my mother?","prescription_query","expansion","expansion/prescription_query.txt:60"
"presciption refill pls","prescription_query","expansion","expansion/prescription_query.txt:61"
"need my prescripton renewed","prescription_query","expansion","expansion/prescription_query.txt:62"
"lost my prescrption","prescription_query","expansion","expansion/prescription_query.txt:63"
"how to get new prescription","prescription_query","expansion","expansion/prescription_query.txt:64"
"Can I get a copy of the prescription from my last visit?","prescription_query","expansion","expansion/prescription_query.txt:65"
"Can I get the prescription the doctor gave at discharge again?","prescription_query","expansion","expansion/prescription_query.txt:66"
"Can my prescription include refills?","prescription_query","expansion","expansion/prescription_query.txt:67"
"Can I get a prescription for physiotherapy?","prescription_query","expansion","expansion/prescription_query.txt:68"
"Does a prescription need to be renewed every month?","prescription_query","expansion","expansion/prescription_query.txt:69"
"Can my GP's prescription be honoured here?","prescription_query","expansion","expansion/prescription_query.txt:70"
"I want my prescription reviewed before my surgery","prescription_query","expansion","expansion/prescription_query.txt:71"
"I want to discuss stopping one of my prescribed medicines with the doctor","prescription_query","expansion","expansion/prescription_query.txt:72"
"Can the doctor reduce the dose on my prescription?","prescription_query","expansion","expansion/prescription_query.txt:73"
"The doctor said to taper my dose, but the prescription doesn't say how","prescription_query","expansion","expansion/prescription_query.txt:74"
"I need a prescription for diabetic test strips","prescription_query","expansion","expansion/prescription_query.txt:75"
"Can I get a prescription for a nebulizer?","prescription_query","expansion","expansion/prescription_query.txt:76"
"Do I need a prescription for antibiotics?","prescription_query","expansion","expansion/prescription_query.txt:77"
"I need a written prescription for my eye drops","prescription_query","expansion","expansion/prescription_query.txt:78"
"Can I get my glasses prescription?","prescription_query","expansion","expansion/prescription_query.txt:79"
"I need my spectacle prescription copy","prescription_query","expansion","expansion/prescription_query.txt:80"
"Can I get a prescription in digital format with a QR code?","prescription_query","expansion","expansion/prescription_query.txt:81"
"Can the doctor send the prescription to my insurer?","prescription_query","expansion","expansion/prescription_query.txt:82"
"Is a prescription required for this injection?","prescription_query","expansion","expansion/prescription_query.txt:83"
"Who should I contact about an error in my prescription?","prescription_query","expansion","expansion/prescription_query.txt:84"
"Can I get my prescription translated?","prescription_query","expansion","expansion/prescription_query.txt:85"
"Can I request a prescription refill through the app?","prescription_query","expansion","expansion/prescription_query.txt:86"
"My prescription ran out and the doctor is on leave, what can I do?","prescription_query","expansion","expansion/prescription_query.txt:87"
"Can another doctor in the department renew my prescription?","prescription_query","expansion","expansion/prescription_query.txt:88"
"The prescription says take after food but the pharmacist said before, which is right?","prescription_query","expansion","expansion/prescription_query.txt:89"
"Can the doctor clarify how long I should continue this medicine?","prescription_query","expansion","expansion/prescription_query.txt:90"
"I'd like my prescription adjusted, the current dose makes me drowsy","prescription_query","expansion","expansion/prescription_query.txt:91"
"Hi, I need my prescription renewed","prescription_query","expansion","expansion/prescription_query.txt:93"
"I don't want to buy anything, I need the doctor to write a new prescription","prescription_query","expansion","expansion/prescription_query.txt:94"
"Not the pharmacy, I need a copy of the prescription itself","prescription_query","expansion","expansion/prescription_query.txt:95"
"The pharmacy needs a valid prescription, can the doctor issue one?","prescription_query","expansion","expansion/prescription_query.txt:96"
"Can the doctor write a prescription for my monthly medicines?","prescription_query","expansion","expansion/prescription_query.txt:97"
"I need a fresh prescription before I can buy my medicines","prescription_query","expansion","expansion/prescription_query.txt:98"
"Can my prescription be renewed for another month?","prescription_query","expansion","expansion/prescription_query.txt:99"
"Can I get a refill authorized by my doctor?","prescription_query","expansion","expansion/prescription_query.txt:100"
"Is my new prescription ready to collect?","prescription_query","expansion","expansion/prescription_query.txt:101"
"Can the doctor review my current prescription?","prescription_query","expansion","expansion/prescription_query.txt:102"
"Who can give me a prescription for my regular medicines?","prescription_query","expansion","expansion/prescription_query.txt:103"
"Can you resend my prescription?","prescription_query","expansion","expansion/prescription_query.txt:104"
"Thank you","thank_you","original","original_intent_dataset.csv:362"
"Thanks a lot","thank_you","original","original_intent_dataset.csv:363"
"Thank you so much","thank_you","original","original_intent_dataset.csv:364"
"Thanks for your help","thank_you","original","original_intent_dataset.csv:365"
"I appreciate it","thank_you","original","original_intent_dataset.csv:366"
"Many thanks","thank_you","original","original_intent_dataset.csv:367"
"Thanks, that was helpful","thank_you","original","original_intent_dataset.csv:368"
"Great, thank you","thank_you","original","original_intent_dataset.csv:369"
"Thank you for the information","thank_you","original","original_intent_dataset.csv:370"
"Thanks!","thank_you","original","original_intent_dataset.csv:371"
"Much appreciated","thank_you","original","original_intent_dataset.csv:372"
"Thank you very much","thank_you","original","original_intent_dataset.csv:373"
"Thanks a ton","thank_you","original","original_intent_dataset.csv:374"
"I'm grateful for your help","thank_you","original","original_intent_dataset.csv:375"
"Thank you for booking it","thank_you","original","original_intent_dataset.csv:376"
"Thx","thank_you","original","original_intent_dataset.csv:377"
"Thanks for clearing that up","thank_you","original","original_intent_dataset.csv:378"
"You've been very helpful, thanks","thank_you","original","original_intent_dataset.csv:379"
"Cheers","thank_you","original","original_intent_dataset.csv:380"
"Thanks for your patience","thank_you","original","original_intent_dataset.csv:381"
"Thank you, that's very kind","thank_you","expansion","expansion/thank_you.txt:2"
"Thanks so much for the help","thank_you","expansion","expansion/thank_you.txt:3"
"Thanks a million","thank_you","expansion","expansion/thank_you.txt:4"
"Thank you kindly","thank_you","expansion","expansion/thank_you.txt:5"
"Thanks heaps","thank_you","expansion","expansion/thank_you.txt:6"
"Thanks loads","thank_you","expansion","expansion/thank_you.txt:7"
"Thanks, really appreciate it","thank_you","expansion","expansion/thank_you.txt:8"
"Really appreciate your help","thank_you","expansion","expansion/thank_you.txt:9"
"I really appreciate this","thank_you","expansion","expansion/thank_you.txt:10"
"I appreciate the quick response","thank_you","expansion","expansion/thank_you.txt:11"
"Thanks for the quick reply","thank_you","expansion","expansion/thank_you.txt:12"
"Thanks for being so patient with me","thank_you","expansion","expansion/thank_you.txt:13"
"Thank you for your time","thank_you","expansion","expansion/thank_you.txt:14"
"Thanks for your time today","thank_you","expansion","expansion/thank_you.txt:15"
"Thank you for explaining","thank_you","expansion","expansion/thank_you.txt:16"
"Thanks for explaining it so clearly","thank_you","expansion","expansion/thank_you.txt:17"
"Thanks for the details","thank_you","expansion","expansion/thank_you.txt:18"
"Thank you for the update","thank_you","expansion","expansion/thank_you.txt:19"
"Thanks for letting me know","thank_you","expansion","expansion/thank_you.txt:20"
"Thanks for confirming","thank_you","expansion","expansion/thank_you.txt:21"
"Thanks for checking","thank_you","expansion","expansion/thank_you.txt:22"
"Thank you for checking on that","thank_you","expansion","expansion/thank_you.txt:23"
"That helps, thanks","thank_you","expansion","expansion/thank_you.txt:24"
"That's helpful, thank you","thank_you","expansion","expansion/thank_you.txt:25"
"That was really useful, thanks","thank_you","expansion","expansion/thank_you.txt:26"
"Perfect, thanks","thank_you","expansion","expansion/thank_you.txt:27"
"Awesome, thanks!","thank_you","expansion","expansion/thank_you.txt:28"
"Great, thanks a lot","thank_you","expansion","expansion/thank_you.txt:29"
"Wonderful, thank you","thank_you","expansion","expansion/thank_you.txt:30"
"Excellent, thank you so much","thank_you","expansion","expansion/thank_you.txt:31"
"Okay thanks","thank_you","expansion","expansion/thank_you.txt:32"
"Ok thank you","thank_you","expansion","expansion/thank_you.txt:33"
"ok thx","thank_you","expansion","expansion/thank_you.txt:34"
"ty","thank_you","expansion","expansion/thank_you.txt:35"
"tysm","thank_you","expansion","expansion/thank_you.txt:36"
"thnx","thank_you","expansion","expansion/thank_you.txt:37"
"thanx a lot","thank_you","expansion","expansion/thank_you.txt:38"
"thank u","thank_you","expansion","expansion/thank_you.txt:39"
"Tq","thank_you","expansion","expansion/thank_you.txt:41"
"Thank you very much for the information","thank_you","expansion","expansion/thank_you.txt:42"
"Thanks for the info","thank_you","expansion","expansion/thank_you.txt:43"
"Thank you for helping my mother","thank_you","expansion","expansion/thank_you.txt:44"
"Thank you for helping my family","thank_you","expansion","expansion/thank_you.txt:45"
"Thank you for taking care of my father","thank_you","expansion","expansion/thank_you.txt:46"
"Thank you for your kindness","thank_you","expansion","expansion/thank_you.txt:47"
"Thank you, you've been a great help","thank_you","expansion","expansion/thank_you.txt:48"
"You've been a lifesaver, thank you","thank_you","expansion","expansion/thank_you.txt:49"
"You're the best, thanks","thank_you","expansion","expansion/thank_you.txt:50"
"Bless you, thank you","thank_you","expansion","expansion/thank_you.txt:51"
"God bless you for helping","thank_you","expansion","expansion/thank_you.txt:52"
"I'm so grateful, thank you","thank_you","expansion","expansion/thank_you.txt:53"
"A big thank you","thank_you","expansion","expansion/thank_you.txt:55"
"Thank you, everything is clear now","thank_you","expansion","expansion/thank_you.txt:56"
"Thanks, that answers my question","thank_you","expansion","expansion/thank_you.txt:57"
"Thanks, that's exactly what I needed","thank_you","expansion","expansion/thank_you.txt:58"
"Thanks, that solved my problem","thank_you","expansion","expansion/thank_you.txt:59"
"Thanks, I'll do that","thank_you","expansion","expansion/thank_you.txt:60"
"Thanks, I'll follow those steps","thank_you","expansion","expansion/thank_you.txt:61"
"Thank you, I understand now","thank_you","expansion","expansion/thank_you.txt:62"
"Thanks for sorting that out","thank_you","expansion","expansion/thank_you.txt:63"
"Thanks for arranging everything","thank_you","expansion","expansion/thank_you.txt:64"
"Thanks for the support","thank_you","expansion","expansion/thank_you.txt:65"
"Thanks for the assistance","thank_you","expansion","expansion/thank_you.txt:66"
"Thank you for the assistance","thank_you","expansion","expansion/thank_you.txt:67"
"Thank you for your guidance","thank_you","expansion","expansion/thank_you.txt:68"
"Thanks for guiding me","thank_you","expansion","expansion/thank_you.txt:69"
"Thanks for the help with the booking","thank_you","expansion","expansion/thank_you.txt:70"
"Thank you for cancelling it for me","thank_you","expansion","expansion/thank_you.txt:71"
"Thanks for moving my appointment","thank_you","expansion","expansion/thank_you.txt:72"
"Thanks for the reminder","thank_you","expansion","expansion/thank_you.txt:73"
"Thanks, you've been very kind","thank_you","expansion","expansion/thank_you.txt:74"
"Thanks a bunch","thank_you","expansion","expansion/thank_you.txt:75"
"Thank you, I'm relieved","thank_you","expansion","expansion/thank_you.txt:76"
"Thank you so much, that's a relief","thank_you","expansion","expansion/thank_you.txt:77"
"Thank you for being so helpful","thank_you","expansion","expansion/thank_you.txt:78"
"Thanks for responding so fast","thank_you","expansion","expansion/thank_you.txt:79"
"Thank you for answering my questions","thank_you","expansion","expansion/thank_you.txt:80"
"Thank you doctor","thank_you","expansion","expansion/thank_you.txt:81"
"Thank you nurse","thank_you","expansion","expansion/thank_you.txt:82"
"Thanks to the whole team","thank_you","expansion","expansion/thank_you.txt:83"
"Please thank the staff for me","thank_you","expansion","expansion/thank_you.txt:84"
"I want to thank the hospital staff","thank_you","expansion","expansion/thank_you.txt:85"
"My thanks to everyone who helped","thank_you","expansion","expansion/thank_you.txt:86"
"Shukriya","thank_you","expansion","expansion/thank_you.txt:87"
"Dhanyavaad","thank_you","expansion","expansion/thank_you.txt:88"
"Nandri","thank_you","expansion","expansion/thank_you.txt:89"
"Gracias","thank_you","expansion","expansion/thank_you.txt:90"
"Merci","thank_you","expansion","expansion/thank_you.txt:91"
"Thanks for the excellent service","thank_you","expansion","expansion/thank_you.txt:93"
"Much obliged","thank_you","expansion","expansion/thank_you.txt:94"
"I owe you one, thanks","thank_you","expansion","expansion/thank_you.txt:95"
"Cheers mate","thank_you","expansion","expansion/thank_you.txt:96"
"Cheers for that","thank_you","expansion","expansion/thank_you.txt:97"
"Thanks for helping me book the appointment","thank_you","expansion","expansion/thank_you.txt:99"
"Thank you for finding the right doctor for me","thank_you","expansion","expansion/thank_you.txt:100"
"Thanks for the information about the bill","thank_you","expansion","expansion/thank_you.txt:101"
"Thanks for telling me the visiting hours","thank_you","expansion","expansion/thank_you.txt:102"
"Thanks, that's all the help I needed with my reports","thank_you","expansion","expansion/thank_you.txt:103"
"Thank you for explaining the discharge process","thank_you","expansion","expansion/thank_you.txt:104"
"Thanks for the insurance details","thank_you","expansion","expansion/thank_you.txt:105"
"Thank you, the directions were very helpful","thank_you","expansion","expansion/thank_you.txt:106"
"Thanks for your quick help with my prescription","thank_you","expansion","expansion/thank_you.txt:107"
"Thank you for your help today","thank_you","expansion","expansion/thank_you.txt:108"
"Thanks for being so kind to my family","thank_you","expansion","expansion/thank_you.txt:109"
