"text","intent"
"How do I get admitted to the hospital?","admission_query"
"What is the admission process?","admission_query"
"What documents do I need for admission?","admission_query"
"My doctor said I need to be admitted","admission_query"
"Is a bed available for admission?","admission_query"
"Can I get admitted today?","admission_query"
"What should I bring when I get admitted?","admission_query"
"How do I admit my father?","admission_query"
"Where is the admission desk?","admission_query"
"Can I choose my room type during admission?","admission_query"
"Do I need a referral to be admitted?","admission_query"
"How long does the admission process take?","admission_query"
"Can I pre-register for admission?","admission_query"
"What time should I arrive for admission?","admission_query"
"Is planned admission possible for surgery next week?","admission_query"
"Can a relative complete the admission formalities?","admission_query"
"What are the admission rules?","admission_query"
"Is insurance verification done at admission?","admission_query"
"I need to admit my mother for surgery","admission_query"
"How do I get my mother admitted for her surgery next week?","admission_query"
"What is the procedure to admit a patient?","admission_query"
"What documents should we carry for hospital admission?","admission_query"
"Do I need my ID card for admission?","admission_query"
"Is an Aadhaar card required for admission?","admission_query"
"My doctor has advised admission, what's the next step?","admission_query"
"The doctor wants me admitted tonight, where do I go?","admission_query"
"Is there a bed available in the general ward?","admission_query"
"Are any private rooms available for admission today?","admission_query"
"Is an ICU bed available right now?","admission_query"
"How do I book a bed in advance?","admission_query"
"Can I reserve a room for a planned admission?","admission_query"
"Can I get admitted directly without going through emergency?","admission_query"
"How do I admit someone from the emergency department to a ward?","admission_query"
"Who decides which ward I'll be admitted to?","admission_query"
"Can I request a specific room type when I'm admitted?","admission_query"
"Can I upgrade my room after admission?","admission_query"
"Can I change from a shared room to a private room after getting admitted?","admission_query"
"What should I pack for my hospital stay?","admission_query"
"What personal items can I bring when I'm admitted?","admission_query"
"Can I bring my own medicines when I get admitted?","admission_query"
"Should I come fasting on the day of admission?","admission_query"
"What time is check-in for a planned admission?","admission_query"
"How early should I arrive on admission day?","admission_query"
"Is there an admission counter near the main entrance?","admission_query"
"Who do I meet at the admission desk?","admission_query"
"Can I complete the admission forms online?","admission_query"
"Can I fill the admission paperwork before arriving?","admission_query"
"Do you need a doctor's admission note?","admission_query"
"Can I be admitted without a referral letter?","admission_query"
"Can a foreigner be admitted here?","admission_query"
"What do international patients need for admission?","admission_query"
"Can I get admitted under a specific doctor?","admission_query"
"How do I admit my child to the paediatric ward?","admission_query"
"How do I admit my wife for delivery?","admission_query"
"When should a pregnant woman come for admission?","admission_query"
"Is pre-admission testing required?","admission_query"
"Do I need tests done before admission?","admission_query"
"What happens on the day of admission?","admission_query"
"How long does it take to get a bed after admission is advised?","admission_query"
"What if there's no bed available?","admission_query"
"Can I be put on a waiting list for admission?","admission_query"
"Is day-care admission available for minor procedures?","admission_query"
"Can I be admitted for just one night?","admission_query"
"Is admission needed for chemotherapy?","admission_query"
"Do I need to be admitted for an endoscopy?","admission_query"
"Can a relative sign the consent forms at admission?","admission_query"
"Who has to sign the admission consent?","admission_query"
"Do you need a guardian present for admitting an elderly patient?","admission_query"
"Can I get admitted on a weekend?","admission_query"
"Is admission possible at night?","admission_query"
"admision process?","admission_query"
"how to admit patient","admission_query"
"need admission for my dad","admission_query"
"documents for admisson","admission_query"
"What forms are needed at the time of admission?","admission_query"
"Can I be admitted for observation?","admission_query"
"How do I transfer a patient from another hospital and admit them here?","admission_query"
"Can you arrange admission for a patient coming from another city?","admission_query"
"Can my father be admitted to the ICU directly?","admission_query"
"Do I need a COVID test before admission?","admission_query"
"What are the rules for attendants after admission?","admission_query"
"How many attendants are allowed after admitting a patient?","admission_query"
"Will I get an attendant pass on admission?","admission_query"
"Do you need my insurance card at admission?","admission_query"
"Will the admission be delayed if insurance approval is pending?","admission_query"
"Can I get admitted first and complete the insurance later?","admission_query"
"Can I be admitted for physiotherapy rehabilitation?","admission_query"
"Do you admit psychiatric patients?","admission_query"
"Can patients with infections be admitted?","admission_query"
"Is there an admission process for the de-addiction centre?","admission_query"
"Can my grandfather be admitted for palliative care?","admission_query"
"I was told to get admitted for IV antibiotics, how do I proceed?","admission_query"
"My surgery is scheduled, when do I need to get admitted?","admission_query"
"Do I get admitted the day before surgery or the same day?","admission_query"
"Can I get admitted in the morning and have surgery in the afternoon?","admission_query"
"What is the admission policy for children?","admission_query"
"Can I choose the hospital branch for my admission?","admission_query"
"What details will be asked during admission?","admission_query"
"Can I complete admission at the emergency desk?","admission_query"
"I want to know about inpatient admission","admission_query"
"I'd like to get admitted for a full medical evaluation","admission_query"
"Can a patient be admitted without an attendant?","admission_query"
"Is it possible to be admitted for elective surgery next Monday?","admission_query"
"How do I confirm my admission date?","admission_query"
"Can I postpone my planned admission?","admission_query"
"Who should I contact to arrange admission?","admission_query"
"Do I need an appointment with the doctor before admission?","admission_query"
"Can I be admitted under my company's tie-up?","admission_query"
"How long will I likely stay once admitted?","admission_query"
"Can I bring my laptop when I get admitted?","admission_query"
"Is there a separate admission counter for maternity?","admission_query"
"What is required to admit an unconscious patient?","admission_query"
"Hi, how do I get admitted?","admission_query"
"Not discharge, I want to know how admission works","admission_query"
"My mother needs to be admitted, what's the process?","admission_query"
"We're coming in for admission tomorrow, what should we bring?","admission_query"
"The doctor advised surgery and admission, how do I proceed?","admission_query"
"Can you tell me the admission requirements?","admission_query"
"Is there a bed available for my father to be admitted today?","admission_query"
"What happens when a patient is admitted from the emergency room?","admission_query"
"Do I need insurance details for admission?","admission_query"
"What is the process for a planned admission?","admission_query"
"I want to book an appointment","appointment_booking"
"Can I see a doctor tomorrow?","appointment_booking"
"I need to schedule a consultation","appointment_booking"
"Book me an appointment with the cardiology department","appointment_booking"
"How do I make an appointment?","appointment_booking"
"I would like to schedule a check-up","appointment_booking"
"Is there a slot available on Monday?","appointment_booking"
"Please book a visit for my mother","appointment_booking"
"Can you set up an appointment for next week?","appointment_booking"
"I want to fix an appointment with the dentist","appointment_booking"
"Can I get an appointment this afternoon?","appointment_booking"
"I need an appointment for my child","appointment_booking"
"Book a slot with the orthopedic doctor","appointment_booking"
"I'd like to arrange a hospital visit","appointment_booking"
"Are there any openings for a new patient?","appointment_booking"
"Schedule an appointment for me please","appointment_booking"
"I want to register for an OPD consultation","appointment_booking"
"Can I book online?","appointment_booking"
"I need a follow-up appointment booked","appointment_booking"
"Reserve a time with the ENT specialist","appointment_booking"
"I don't have an appointment yet. Can I book one?","appointment_booking"
"I've never been to your hospital before, how do I get an appointment?","appointment_booking"
"I'd like to schedule a consultation with a cardiologist next week","appointment_booking"
"Could you help me arrange a visit with the gastroenterology team?","appointment_booking"
"Is there a slot available with a cardiologist on Thursday?","appointment_booking"
"Can I book a same-day appointment?","appointment_booking"
"Please make me an appointment for a general check-up","appointment_booking"
"I need to see a GP, can you book that for me?","appointment_booking"
"I want to book a new appointment, not change an old one","appointment_booking"
"Do you have any free slots this Saturday morning?","appointment_booking"
"book appointment","appointment_booking"
"appt for tomorrow pls","appointment_booking"
"Can I get an appointment with Dr. Kapoor on Friday afternoon?","appointment_booking"
"Need to book a consultation for my wife with the gynaecology department","appointment_booking"
"I'd like to set up my first visit with the endocrinology clinic","appointment_booking"
"How soon can I get an appointment with a neurologist?","appointment_booking"
"What's the earliest available appointment with the skin doctor?","appointment_booking"
"I want to book a slot for a full body health check","appointment_booking"
"Can I schedule a pre-surgery consultation?","appointment_booking"
"I would like to request an appointment for my elderly father","appointment_booking"
"Kindly arrange an OPD appointment for me at the earliest","appointment_booking"
"Could I get a teleconsultation booked for this evening?","appointment_booking"
"I need a video consultation appointment","appointment_booking"
"Is it possible to book an appointment for next month already?","appointment_booking"
"I want to make a booking for a dental cleaning","appointment_booking"
"Please register me for a consultation with the orthopaedic surgeon","appointment_booking"
"I'd like an appointment for a second opinion","appointment_booking"
"Can you fit me in with any available doctor today?","appointment_booking"
"Book my daughter in for her vaccination appointment","appointment_booking"
"I want to book a slot for a blood test","appointment_booking"
"How do I schedule a mammogram?","appointment_booking"
"I need to arrange a physiotherapy session for my knee","appointment_booking"
"Can I book an eye test appointment?","appointment_booking"
"I'm a new patient and want to schedule my first consultation","appointment_booking"
"I need an appointment, my old one already happened last month","appointment_booking"
"Please put me down for an appointment on the 15th","appointment_booking"
"Can I reserve a consultation slot online through the app?","appointment_booking"
"Is walk-in allowed or do I need to book an appointment first?","appointment_booking"
"I want to schedule a follow up with the doctor who operated on me","appointment_booking"
"Can you get me in to see a pediatrician this week?","appointment_booking"
"I'd like to book a prenatal check-up","appointment_booking"
"Need an appt with ENT asap","appointment_booking"
"Plz book a doc appointment for me","appointment_booking"
"can i get an apointment with a cardiologist","appointment_booking"
"I want to book an appoinment for monday","appointment_booking"
"Could you book a slot with Dr. Fernandes for next Tuesday?","appointment_booking"
"I'd like to book an annual health screening package","appointment_booking"
"Can I book appointments for both my kids at the same time?","appointment_booking"
"I need to book a consultation before my surgery date","appointment_booking"
"I want to fix up a time with the dietitian","appointment_booking"
"I'd like to schedule an appointment with the psychologist","appointment_booking"
"Book a counselling session for me please","appointment_booking"
"Can I book a hearing test?","appointment_booking"
"I need an ultrasound appointment","appointment_booking"
"How do I book an appointment for a CT scan?","appointment_booking"
"I want to schedule a check-up for my grandmother","appointment_booking"
"Are any appointments open for late evening?","appointment_booking"
"I'd like to book the first available slot with any cardiologist","appointment_booking"
"My doctor told me to come back in two weeks, can I book that visit now?","appointment_booking"
"We would like to book a family consultation","appointment_booking"
"Can I make a reservation for a consultation?","appointment_booking"
"Can you schedule me with the same doctor I saw last year?","appointment_booking"
"I want a booking for an allergy test","appointment_booking"
"Please secure an appointment for me on Wednesday","appointment_booking"
"Is there availability for a consultation tomorrow morning?","appointment_booking"
"Can I book a home visit by a doctor?","appointment_booking"
"I need to book a slot for my child's growth check-up","appointment_booking"
"I want to register a new appointment for my husband","appointment_booking"
"How far in advance can I book an appointment?","appointment_booking"
"I want to book an appointment with a urologist","appointment_booking"
"Can I book a slot without creating an account?","appointment_booking"
"I would like to schedule a diabetic foot check","appointment_booking"
"I don't have any booking yet, I just want to see a doctor","appointment_booking"
"Is there a waitlist I can join for an appointment with Dr. Nair?","appointment_booking"
"I need an appointment for a medical fitness certificate","appointment_booking"
"I'd like to book a pre-employment medical check","appointment_booking"
"Can I get a consultation slot during my lunch break?","appointment_booking"
"Can you arrange a joint appointment with both the surgeon and anaesthetist?","appointment_booking"
"Could you put me on the schedule for a hernia consultation?","appointment_booking"
"I need a gynae appointment for next week","appointment_booking"
"I want to schedule an appointment for a sports injury","appointment_booking"
"I would like to see the doctor about my migraines, can you set up a time?","appointment_booking"
"Can I book an appointment over the phone?","appointment_booking"
"I'm traveling from another city, can I book my appointment in advance?","appointment_booking"
"Please book me in for a vaccination","appointment_booking"
"I want to start physio, how do I book my first session?","appointment_booking"
"My GP referred me, I need to book an appointment with oncology","appointment_booking"
"Book me with a female doctor if possible","appointment_booking"
"Can I book an appointment for an online consultation with a psychiatrist?","appointment_booking"
"I want an appointment slot after 6 pm","appointment_booking"
"Can I get a token number for today's OPD?","appointment_booking"
"I'd like to arrange a consultation with the cardiac surgeon","appointment_booking"
"Need to schedule a check-up before I travel abroad","appointment_booking"
"Can my wife and I book back-to-back appointments?","appointment_booking"
"I want to book an appointment, how much notice do you need?","appointment_booking"
"I'd like a slot for a pap smear","appointment_booking"
"Can you make an appointment for my mother with the rheumatologist?","appointment_booking"
"I'm hoping to get an appointment this weekend","appointment_booking"
"Could you check if Dr. Banerjee has an opening and book it?","appointment_booking"
"I wish to schedule a consultation regarding my sleep problems","appointment_booking"
"I'd like to book a new patient visit with the lung specialist","appointment_booking"
"Help me book an appointment","appointment_booking"
"Where can I book a consultation?","appointment_booking"
"Can you schedule a dental appointment for my son after school?","appointment_booking"
"Hi, I'd like to book an appointment with a cardiologist","appointment_booking"
"Hello, can I make a new booking for Friday?","appointment_booking"
"My last appointment is over, now I need a fresh one for next month","appointment_booking"
"I cancelled my earlier appointment, but now I'd like to book a new one","appointment_booking"
"I want an additional appointment, keep my existing one as it is","appointment_booking"
"Thanks for the info, now can you book me a slot for tomorrow?","appointment_booking"
"Could you book me an appointment with the heart specialist on Monday?","appointment_booking"
"I know which doctor I want, I just need you to book the slot","appointment_booking"
"Please schedule an appointment at the neurology OPD for my father","appointment_booking"
"I'd like to fix a time to meet the orthopaedic doctor this week","appointment_booking"
"Can I book an appointment for tomorrow morning?","appointment_booking"
"I want to cancel my appointment","appointment_cancellation"
"Please cancel my booking for tomorrow","appointment_cancellation"
"I can't make it to my appointment, cancel it","appointment_cancellation"
"Cancel my consultation with Dr. Sharma","appointment_cancellation"
"How do I cancel an appointment?","appointment_cancellation"
"I no longer need my appointment","appointment_cancellation"
"Remove my appointment from the schedule","appointment_cancellation"
"I'd like to call off my visit on Friday","appointment_cancellation"
"Can you cancel my lab test appointment?","appointment_cancellation"
"Please drop my appointment","appointment_cancellation"
"I need to cancel the check-up I booked","appointment_cancellation"
"Cancel all my upcoming appointments","appointment_cancellation"
"Is there a fee for cancelling an appointment?","appointment_cancellation"
"I want to withdraw my appointment request","appointment_cancellation"
"My son is better now so please cancel his appointment","appointment_cancellation"
"Delete my booking","appointment_cancellation"
"I won't be coming, please cancel","appointment_cancellation"
"Cancel the scan I scheduled for next week","appointment_cancellation"
"Can I cancel online?","appointment_cancellation"
"Cancel my physiotherapy session","appointment_cancellation"
"I already have an appointment and want to cancel it","appointment_cancellation"
"I booked an appointment but I don't need it anymore","appointment_cancellation"
"Please cancel the appointment I made for Monday","appointment_cancellation"
"I won't need the consultation after all, can you cancel?","appointment_cancellation"
"I need to cancel, not reschedule, my appointment","appointment_cancellation"
"Please call off tomorrow's visit, I'm feeling better","appointment_cancellation"
"I'd like to cancel my upcoming consultation","appointment_cancellation"
"cancel appt","appointment_cancellation"
"pls cancel my appointment for tmrw","appointment_cancellation"
"I want to cancle my appointment","appointment_cancellation"
"Cancel my booking with the dermatologist","appointment_cancellation"
"Could you cancel my son's vaccination appointment?","appointment_cancellation"
"I've decided not to go ahead with the consultation, please cancel it","appointment_cancellation"
"Can I cancel my appointment without being charged?","appointment_cancellation"
"What is your cancellation policy?","appointment_cancellation"
"Will I get a refund if I cancel my appointment?","appointment_cancellation"
"How late can I cancel an appointment?","appointment_cancellation"
"I found another hospital, so please cancel my appointment here","appointment_cancellation"
"Please cancel my mother's appointment, she has been admitted elsewhere","appointment_cancellation"
"I'm going out of town and won't be able to come, so cancel the visit entirely","appointment_cancellation"
"I want to cancel my MRI booking","appointment_cancellation"
"Please cancel my dental appointment and don't rebook it","appointment_cancellation"
"Cancel the teleconsultation I booked for tonight","appointment_cancellation"
"I need to cancel all appointments under my name","appointment_cancellation"
"Kindly cancel the appointment booked under my husband's name","appointment_cancellation"
"I booked by mistake, please cancel it","appointment_cancellation"
"I accidentally booked two slots, cancel one of them","appointment_cancellation"
"Remove the duplicate appointment I made","appointment_cancellation"
"I don't want to see the doctor anymore, cancel it","appointment_cancellation"
"I'd like to withdraw from tomorrow's appointment","appointment_cancellation"
"Can you cancel my follow-up? My doctor said it's not needed","appointment_cancellation"
"I want to cancel my surgery consultation","appointment_cancellation"
"Cancel my blood test booking for Friday","appointment_cancellation"
"Please cancel my physio sessions for the rest of the month","appointment_cancellation"
"Is it possible to cancel my appointment through the app?","appointment_cancellation"
"How do I cancel a booking I made online?","appointment_cancellation"
"I need to cancel my appointment because I have tested positive for flu","appointment_cancellation"
"My father passed away, please cancel his appointments","appointment_cancellation"
"Please cancel my appointment with Dr. Sharma on the 12th","appointment_cancellation"
"I'm not coming in today, cancel my slot","appointment_cancellation"
"Can I get my booking fee back if I cancel?","appointment_cancellation"
"I paid for the appointment in advance, how do I cancel and get a refund?","appointment_cancellation"
"Please cancel my health check package booking","appointment_cancellation"
"Cancel my eye test appointment","appointment_cancellation"
"I'd like to cancel the appointment, I'll book again later if needed","appointment_cancellation"
"I no longer want the consultation that's scheduled for next week","appointment_cancellation"
"Please don't keep my appointment, I'm cancelling it","appointment_cancellation"
"Can you confirm my appointment has been cancelled?","appointment_cancellation"
"Did my cancellation go through?","appointment_cancellation"
"I tried to cancel online but it didn't work","appointment_cancellation"
"I want to cancel my telemedicine appointment","appointment_cancellation"
"Cancel my booking, the issue has resolved on its own","appointment_cancellation"
"I'd like to cancel the counselling session I booked","appointment_cancellation"
"Please cancel my ultrasound","appointment_cancellation"
"Could you cancel my child's appointment with the pediatrician?","appointment_cancellation"
"I have to cancel because of a work emergency","appointment_cancellation"
"I'm unable to attend so I'm cancelling my appointment","appointment_cancellation"
"Cancel my appointment, I don't want a new date","appointment_cancellation"
"What happens if I don't show up instead of cancelling?","appointment_cancellation"
"Is there a penalty for late cancellation?","appointment_cancellation"
"Can someone else cancel my appointment on my behalf?","appointment_cancellation"
"Please cancel my booking and close the request","appointment_cancellation"
"I need to drop my appointment with orthopaedics","appointment_cancellation"
"Kindly cancel the slot booked for my grandmother","appointment_cancellation"
"I want to cancel my appointment and get my money back","appointment_cancellation"
"Please void my appointment for Thursday","appointment_cancellation"
"I want to scrap my visit to the ENT clinic","appointment_cancellation"
"Cancel my consultation, I'm going to my family doctor instead","appointment_cancellation"
"I'd like to cancel today's OPD token","appointment_cancellation"
"Can I cancel an appointment less than 24 hours before?","appointment_cancellation"
"Please cancel my scan, my doctor said it's not required anymore","appointment_cancellation"
"Cancel my home visit appointment","appointment_cancellation"
"I booked a video call with the doctor but want to cancel it","appointment_cancellation"
"I need to cancel my appointment due to transport problems","appointment_cancellation"
"Please cancel my CT scan appointment, I had it done at another centre","appointment_cancellation"
"I won't be able to make it at all, please cancel","appointment_cancellation"
"Delete my upcoming appointment from the system","appointment_cancellation"
"Cancel the prenatal visit scheduled for Monday","appointment_cancellation"
"I'm calling to cancel an appointment","appointment_cancellation"
"Can you take me off the schedule for tomorrow?","appointment_cancellation"
"I'd like to cancel the follow-up I had booked for my wife","appointment_cancellation"
"I want to cancel the allergy test booking","appointment_cancellation"
"Please cancel my booking, I don't need any other date","appointment_cancellation"
"Can I cancel my vaccination slot?","appointment_cancellation"
"Cancel my 10 am appointment","appointment_cancellation"
"My insurance didn't approve it, so please cancel the procedure appointment","appointment_cancellation"
"Cancel the dietitian appointment I have on Friday","appointment_cancellation"
"I have an appointment booked but I need to cancel it completely","appointment_cancellation"
"I'd like to cancel my appointment with the cardiologist","appointment_cancellation"
"Unbook my appointment please","appointment_cancellation"
"How do I cancel my son's booking?","appointment_cancellation"
"Can I cancel just one of my two appointments?","appointment_cancellation"
"Please cancel my health screening, I'm not interested anymore","appointment_cancellation"
"I'm cancelling my appointment, sorry for the short notice","appointment_cancellation"
"Do I need to call to cancel or can I do it online?","appointment_cancellation"
"I need a cancellation for my lab appointment","appointment_cancellation"
"I'd like to cancel my booking reference 4821","appointment_cancellation"
"Please cancel the reservation for my consultation","appointment_cancellation"
"I want to cancel my upcoming visit and I will not reschedule","appointment_cancellation"
"Will my cancellation be confirmed by SMS?","appointment_cancellation"
"I want to cancel my appointment for personal reasons","appointment_cancellation"
"Get rid of my appointment for next week please","appointment_cancellation"
"Hi, I need to cancel my appointment for tomorrow","appointment_cancellation"
"I don't want to reschedule, just cancel it please","appointment_cancellation"
"Don't move my appointment, cancel it","appointment_cancellation"
"No new date needed, please cancel the booking","appointment_cancellation"
"I have a booking next week which I want cancelled","appointment_cancellation"
"Thanks, and please cancel my Friday appointment as well","appointment_cancellation"
"I no longer require the appointment I booked with the cardiologist","appointment_cancellation"
"Please cancel my slot, I'll call when I need a new one","appointment_cancellation"
"Cancel the consultation booked for my daughter and don't reschedule","appointment_cancellation"
"The appointment is not needed anymore, kindly cancel it","appointment_cancellation"
"Please take my name off tomorrow's appointment list","appointment_cancellation"
"I need to reschedule my appointment","appointment_rescheduling"
"Can I change my appointment time?","appointment_rescheduling"
"Move my appointment to next Monday","appointment_rescheduling"
"I want to shift my consultation to another day","appointment_rescheduling"
"Can we postpone my appointment?","appointment_rescheduling"
"Please change the date of my booking","appointment_rescheduling"
"I need a different time slot for my appointment","appointment_rescheduling"
"Can I move my visit to the evening?","appointment_rescheduling"
"Reschedule my check-up please","appointment_rescheduling"
"I can't come on Tuesday, can I come Thursday instead?","appointment_rescheduling"
"Push my appointment back by a week","appointment_rescheduling"
"Can I bring my appointment forward?","appointment_rescheduling"
"How do I reschedule a booking?","appointment_rescheduling"
"Change my appointment with Dr. Rao to Friday","appointment_rescheduling"
"I want to rebook my appointment for a later date","appointment_rescheduling"
"Is it possible to change my appointment?","appointment_rescheduling"
"Shift my MRI appointment to the morning","appointment_rescheduling"
"I need to move my follow-up visit","appointment_rescheduling"
"Can I switch my appointment to another doctor on the same day?","appointment_rescheduling"
"Delay my appointment by two days","appointment_rescheduling"
"I already have an appointment but need to move it to another day","appointment_rescheduling"
"I have a booking on Monday, can I change it to Wednesday?","appointment_rescheduling"
"I can't make my appointment time, can I get a later slot the same day?","appointment_rescheduling"
"Please move my consultation from 10 am to 4 pm","appointment_rescheduling"
"Can I reschedule instead of cancelling?","appointment_rescheduling"
"I want to keep my appointment but at a different time","appointment_rescheduling"
"resched my appt pls","appointment_rescheduling"
"I need to reshedule my appointment","appointment_rescheduling"
"Can my Friday appointment be moved to next week?","appointment_rescheduling"
"Could you postpone my check-up by a few days?","appointment_rescheduling"
"Something came up, can we push my appointment to the afternoon?","appointment_rescheduling"
"I'd like to bring my appointment forward if there's an earlier slot","appointment_rescheduling"
"Is there an earlier date than the one I have booked?","appointment_rescheduling"
"I want to change the date of my MRI scan","appointment_rescheduling"
"Please change my appointment to the same doctor but a different day","appointment_rescheduling"
"I'd like to swap my appointment with a later one","appointment_rescheduling"
"Can I change my teleconsultation to an in-person visit on another day?","appointment_rescheduling"
"My flight got delayed, so I need to move my appointment","appointment_rescheduling"
"Can you reschedule my mother's appointment to the morning?","appointment_rescheduling"
"Please shift my son's appointment to after school hours","appointment_rescheduling"
"I need to change my appointment time because of work","appointment_rescheduling"
"Can I move my follow-up to the end of the month?","appointment_rescheduling"
"I want to reschedule my surgery consultation","appointment_rescheduling"
"Can my blood test appointment be moved to an earlier time?","appointment_rescheduling"
"How many times can I reschedule an appointment?","appointment_rescheduling"
"Is there a charge for rescheduling?","appointment_rescheduling"
"I want to reschedule online, how do I do that?","appointment_rescheduling"
"Change my appointment from Tuesday the 3rd to Thursday the 5th","appointment_rescheduling"
"Can I move my physiotherapy session to Saturday?","appointment_rescheduling"
"I'll be late, can my appointment be pushed back an hour?","appointment_rescheduling"
"Postpone my dental appointment to next month please","appointment_rescheduling"
"My doctor is on leave on my appointment day, can you move it?","appointment_rescheduling"
"I got a message that my doctor is unavailable, I need a new time for my appointment","appointment_rescheduling"
"Can I reschedule my vaccination slot?","appointment_rescheduling"
"Please move my booking to the next available slot","appointment_rescheduling"
"I'd like to rebook the same appointment for a later date","appointment_rescheduling"
"I need to change the timing of my ultrasound","appointment_rescheduling"
"I have an appointment tomorrow but I'd prefer next week instead","appointment_rescheduling"
"Could you shift my check-up to an evening slot?","appointment_rescheduling"
"I want to adjust the time of my appointment","appointment_rescheduling"
"Can I change my appointment day without losing my booking fee?","appointment_rescheduling"
"Please reschedule my wife's prenatal visit to Monday","appointment_rescheduling"
"My appointment clashes with an exam, can you move it?","appointment_rescheduling"
"Can I postpone the procedure appointment until after the holidays?","appointment_rescheduling"
"Move my 9 am appointment to 11 am","appointment_rescheduling"
"Need to change my appt date","appointment_rescheduling"
"I have a slot with Dr. Rao on Monday, is Wednesday possible instead?","appointment_rescheduling"
"I want to defer my appointment by two weeks","appointment_rescheduling"
"Can I reschedule my home visit?","appointment_rescheduling"
"I need to move my appointment because my child is sick","appointment_rescheduling"
"Please change my consultation to a video call at the same time","appointment_rescheduling"
"I'd like to reschedule the scan, not cancel it","appointment_rescheduling"
"Can I change the appointment I booked yesterday to a different date?","appointment_rescheduling"
"Is it possible to get my appointment moved up to this week?","appointment_rescheduling"
"I need a new date for my follow-up appointment","appointment_rescheduling"
"Can I keep the same doctor but change the time?","appointment_rescheduling"
"My appointment is on a holiday, can it be rescheduled?","appointment_rescheduling"
"Shift my booking to the weekend please","appointment_rescheduling"
"I can come in later in the day, can my appointment be adjusted?","appointment_rescheduling"
"Please reschedule all my appointments for next week to the week after","appointment_rescheduling"
"Push back my lab appointment to the afternoon","appointment_rescheduling"
"Can you reschedule my counselling session?","appointment_rescheduling"
"I'd like to change my ENT appointment to the morning","appointment_rescheduling"
"I want to postpone my health check package","appointment_rescheduling"
"My appointment was missed, can I reschedule it?","appointment_rescheduling"
"I missed my appointment yesterday, can I get a new time?","appointment_rescheduling"
"I couldn't attend my appointment, can we set a new date?","appointment_rescheduling"
"Reschedule my CT scan to Friday","appointment_rescheduling"
"Could my eye test be moved to next Monday?","appointment_rescheduling"
"I want to move my appointment closer to my surgery date","appointment_rescheduling"
"Can I reschedule if I'm running late due to traffic?","appointment_rescheduling"
"Please move my orthopaedic appointment to a later time","appointment_rescheduling"
"Can I change my booking to an earlier hour?","appointment_rescheduling"
"I booked for Thursday but I'm free on Tuesday, can you change it?","appointment_rescheduling"
"Is there a slot later than my current one?","appointment_rescheduling"
"My appointment needs to be rescheduled due to bad weather","appointment_rescheduling"
"Can I change my appointment with the dietitian to next week?","appointment_rescheduling"
"Move my vaccination appointment to the following Saturday","appointment_rescheduling"
"I'd like to reschedule my appointment with the cardiologist to a later date","appointment_rescheduling"
"How do I change the time of an existing appointment?","appointment_rescheduling"
"Please update my appointment to the 20th","appointment_rescheduling"
"I want to change my appointment slot, I already have one booked","appointment_rescheduling"
"Can I trade my current slot for one in the evening?","appointment_rescheduling"
"Kindly reschedule my consultation, I'm unwell and can't travel this week","appointment_rescheduling"
"Can you delay my appointment until I get back from my trip?","appointment_rescheduling"
"I need my follow-up visit moved to after my reports come","appointment_rescheduling"
"Rearrange my appointment for a later time please","appointment_rescheduling"
"I want to reschedule my child's dental checkup","appointment_rescheduling"
"Can I change the doctor and time of my current appointment?","appointment_rescheduling"
"Can I move my appointment from the main branch timing to an earlier slot?","appointment_rescheduling"
"I need to reschedule because my test results are not ready yet","appointment_rescheduling"
"Can my appointment be moved to the same time next week?","appointment_rescheduling"
"Please find me another time for my existing appointment","appointment_rescheduling"
"Could you move my session to the afternoon?","appointment_rescheduling"
"I'd like to change my booked slot to tomorrow","appointment_rescheduling"
"I'm stuck at work, can my appointment be postponed to the evening?","appointment_rescheduling"
"Can I reschedule my appointment through WhatsApp?","appointment_rescheduling"
"Is rescheduling free of charge?","appointment_rescheduling"
"My existing appointment is too far away, can I get an earlier one?","appointment_rescheduling"
"I want to move my appointment instead of cancelling it","appointment_rescheduling"
"Hi, can I move my appointment to Thursday?","appointment_rescheduling"
"Don't cancel my appointment, just change the date","appointment_rescheduling"
"I want to keep the booking but at a later time","appointment_rescheduling"
"I have an appointment already, can you change it to the afternoon?","appointment_rescheduling"
"Thanks, also could you shift my appointment to Monday?","appointment_rescheduling"
"I need to change my appointment, not book a new one","appointment_rescheduling"
"My appointment with the cardiologist needs a new date","appointment_rescheduling"
"Can my consultation be pushed to the evening instead of being cancelled?","appointment_rescheduling"
"Can you change my existing booking to next Friday?","appointment_rescheduling"
"I'd like a different day for the appointment I already have","appointment_rescheduling"
"Instead of tomorrow, can I come in on Saturday for my appointment?","appointment_rescheduling"
"I have a question about my bill","billing_query"
"How much do I owe?","billing_query"
"Can I pay my bill online?","billing_query"
"Why is my bill so high?","billing_query"
"I want a copy of my invoice","billing_query"
"What payment methods do you accept?","billing_query"
"I was charged twice","billing_query"
"Can I get a breakdown of the charges?","billing_query"
"How much does a consultation cost?","billing_query"
"I need a refund","billing_query"
"Can I pay in installments?","billing_query"
"Where is the billing counter?","billing_query"
"Do you accept credit cards?","billing_query"
"I need an estimate for surgery costs","billing_query"
"My receipt is missing","billing_query"
"What is the cost of an MRI scan?","billing_query"
"I haven't received my final bill","billing_query"
"Is there a deposit for admission?","billing_query"
"Can I pay by UPI?","billing_query"
"There is a wrong charge on my bill","billing_query"
"How much is the admission deposit?","billing_query"
"I want to understand the charges on my hospital bill","billing_query"
"Can I get an itemized bill for my stay?","billing_query"
"Why was I charged for a room I didn't use?","billing_query"
"How do I pay the outstanding amount on my account?","billing_query"
"Can I pay my bill over the phone?","billing_query"
"Do you accept debit cards?","billing_query"
"Can I pay in cash?","billing_query"
"Can I pay through net banking?","billing_query"
"Where do I pay the consultation fee?","billing_query"
"How much is the consultation fee for a specialist?","billing_query"
"What does a general check-up cost?","billing_query"
"How much will a knee replacement cost me?","billing_query"
"Can you give me a cost estimate for a C-section?","billing_query"
"What's the price of the full body check-up package?","billing_query"
"How much does a CT scan cost?","billing_query"
"What is the cost of a blood test?","billing_query"
"What are the room charges per day?","billing_query"
"How much does a private room cost per night?","billing_query"
"What is the ICU charge per day?","billing_query"
"How much is the deposit I have to pay?","billing_query"
"How much is the advance payment for admission?","billing_query"
"I paid but the bill still shows pending","billing_query"
"My payment failed but money was deducted","billing_query"
"I was billed for a test I never had","billing_query"
"I think there's an error in my bill","billing_query"
"There's a mistake in the bill amount","billing_query"
"Can I get a GST invoice?","billing_query"
"I need a duplicate receipt","billing_query"
"Please send me a copy of my receipt by email","billing_query"
"I need the final bill for my records","billing_query"
"Can I get my bill in my company's name?","billing_query"
"When will I get my refund?","billing_query"
"How long does a refund take?","billing_query"
"I cancelled my appointment, where is my refund?","billing_query"
"My refund hasn't been credited yet","billing_query"
"Can I pay my father's bill on his behalf?","billing_query"
"Can the bill be split between two cards?","billing_query"
"Do you offer any discounts for senior citizens?","billing_query"
"Is there a payment plan for expensive surgery?","billing_query"
"Can I pay the balance after discharge?","billing_query"
"Why are the pharmacy charges so high on my bill?","billing_query"
"What are the charges for an ambulance?","billing_query"
"How much do you charge for a home visit?","billing_query"
"How much is the registration fee?","billing_query"
"Is there a separate fee for the doctor's visit during admission?","billing_query"
"Why is there a service charge on my bill?","billing_query"
"Can someone explain the miscellaneous charges?","billing_query"
"I want to dispute a charge","billing_query"
"Who do I talk to about billing problems?","billing_query"
"Where is the cashier?","billing_query"
"Is the billing counter on the ground floor?","billing_query"
"Can I pay online through your website?","billing_query"
"Is there a payment link you can send?","billing_query"
"I didn't get an SMS confirming my payment","billing_query"
"Can I get a bill for my tax filing?","billing_query"
"What is the total amount I need to pay before discharge?","billing_query"
"How much will I be charged if I stay one more day?","billing_query"
"Do you charge for medical certificates?","billing_query"
"How much does a teleconsultation cost?","billing_query"
"What's the fee for a follow-up visit?","billing_query"
"Is the follow-up consultation free?","billing_query"
"how much is the bill","billing_query"
"bill amount pls","billing_query"
"whats the fees for consultation","billing_query"
"I was overcharged","billing_query"
"Why did my bill increase overnight?","billing_query"
"Can I see my bill online before paying?","billing_query"
"I need a proforma invoice for my employer","billing_query"
"Can I get an interim bill while still admitted?","billing_query"
"How much have I paid so far?","billing_query"
"How much is pending on my account?","billing_query"
"My card was charged twice for the same consultation","billing_query"
"Can I get the payment receipt for the lab tests?","billing_query"
"I need a refund for the unused advance deposit","billing_query"
"I have a question about package pricing for maternity","billing_query"
"Are taxes included in the quoted price?","billing_query"
"How much does physiotherapy cost per session?","billing_query"
"Do you charge extra on weekends?","billing_query"
"What is the price of an MRI with contrast?","billing_query"
"Can I pay with a cheque?","billing_query"
"Do you accept international cards?","billing_query"
"Can I pay in dollars?","billing_query"
"I'm paying out of pocket, what's the self-pay rate?","billing_query"
"What will I have to pay myself since I don't have insurance?","billing_query"
"Can I get the bill amount reduced?","billing_query"
"Is financial assistance available for poor patients?","billing_query"
"Is there a charity scheme for patients who can't afford the bill?","billing_query"
"Can I get an estimate before I agree to the procedure?","billing_query"
"Who approves billing adjustments?","billing_query"
"I need clarification on the doctor fees in my bill","billing_query"
"The bill shows medicines I never received","billing_query"
"Why am I being charged for consumables?","billing_query"
"What does the package cost include?","billing_query"
"Is there a cancellation fee deducted from my refund?","billing_query"
"I paid the deposit, will it be adjusted in the final bill?","billing_query"
"Can I settle my bill at the billing counter during discharge?","billing_query"
"Hi, I have a doubt about my bill","billing_query"
"Not insurance, I'm paying myself, what's the total?","billing_query"
"Insurance paid part, how much balance do I need to pay?","billing_query"
"I need a receipt for the amount I paid, not an insurance claim","billing_query"
"Why does my bill show a charge that insurance didn't cover?","billing_query"
"How much do I have to pay upfront for the surgery?","billing_query"
"Can I pay the remaining hospital bill by card?","billing_query"
"I need a refund of the extra amount I paid","billing_query"
"What is the consultation charge for a cardiologist?","billing_query"
"How much does the admission deposit cost?","billing_query"
"Can I get a final invoice before discharge?","billing_query"
"What is the hospital's phone number?","contact_information"
"How can I contact the hospital?","contact_information"
"Give me the email address of the hospital","contact_information"
"What is the address of the hospital?","contact_information"
"How do I reach the reception?","contact_information"
"Can I talk to a customer care executive?","contact_information"
"What is the helpline number?","contact_information"
"How do I contact the cardiology department?","contact_information"
"Is there a WhatsApp number?","contact_information"
"Who do I call for complaints?","contact_information"
"Give me the contact details of the billing department","contact_information"
"How can I reach the administration office?","contact_information"
"I want to speak to a human","contact_information"
"What's the fax number?","contact_information"
"How do I get in touch with the patient relations team?","contact_information"
"Do you have a toll-free number?","contact_information"
"What's the best way to contact you?","contact_information"
"I need the number of the front desk","contact_information"
"Can I get the hospital's location on the map?","contact_information"
"How do I send feedback to the hospital?","contact_information"
"What number should I call to reach the hospital?","contact_information"
"Can I have the main switchboard number?","contact_information"
"What's the reception phone number?","contact_information"
"Is there a number for appointment enquiries?","contact_information"
"How do I contact the appointment desk?","contact_information"
"What is the email for general enquiries?","contact_information"
"Can I email my questions to someone?","contact_information"
"What's the official website of the hospital?","contact_information"
"Where exactly is the hospital located?","contact_information"
"What is your full postal address?","contact_information"
"Can you share the hospital's location pin?","contact_information"
"How do I get directions to the hospital?","contact_information"
"Which landmark is the hospital near?","contact_information"
"How do I reach the hospital by metro?","contact_information"
"What is the contact number for the insurance desk?","contact_information"
"Who do I contact in the billing department?","contact_information"
"How can I reach the lab directly?","contact_information"
"What's the phone number of the pharmacy?","contact_information"
"How do I contact the medical records department?","contact_information"
"Can I get the extension for the ICU nurses' station?","contact_information"
"How do I call the ward where my father is admitted?","contact_information"
"What number do I call to check on an admitted patient?","contact_information"
"Can I get the contact for the patient relations officer?","contact_information"
"Who do I contact for a complaint about staff?","contact_information"
"How do I file a complaint?","contact_information"
"I'd like to give feedback about my experience","contact_information"
"Where can I leave a review or suggestion?","contact_information"
"Can I speak to a manager?","contact_information"
"I want to talk to someone at the front desk","contact_information"
"Can you connect me to a real person?","contact_information"
"Is there a live agent I can chat with?","contact_information"
"I need to talk to customer support","contact_information"
"Can somebody call me back?","contact_information"
"Can I request a callback from the hospital?","contact_information"
"How do I reach the hospital on WhatsApp?","contact_information"
"Do you have a chat support number?","contact_information"
"What are your social media pages?","contact_information"
"Is there a contact for international patients?","contact_information"
"Who should international patients email?","contact_information"
"How can I contact the doctor's secretary?","contact_information"
"How do I reach Dr. Rao's office?","contact_information"
"Can I get the contact number of the cardiology OPD?","contact_information"
"How do I contact the HR department for jobs?","contact_information"
"Who do I contact for media enquiries?","contact_information"
"What's the contact for medical tourism?","contact_information"
"How can I contact the hospital administration?","contact_information"
"Is there a number for the medical superintendent's office?","contact_information"
"contact number pls","contact_information"
"hospital phone no","contact_information"
"whats ur email","contact_information"
"how to contact u","contact_information"
"addres of hospital?","contact_information"
"Can you text me the hospital address?","contact_information"
"Can you send me the phone number by SMS?","contact_information"
"What's the number for the ambulance desk?","contact_information"
"Is there a separate number for the emergency department?","contact_information"
"Who do I call if I have questions after discharge?","contact_information"
"How do I contact the nurse on duty?","contact_information"
"What's the number for the blood bank?","contact_information"
"How can I reach the dietitian's office?","contact_information"
"How do I contact the physiotherapy department?","contact_information"
"Is there a contact person for corporate tie-ups?","contact_information"
"Who do I contact for a hospital tour?","contact_information"
"Can I reach someone after office hours?","contact_information"
"Is the helpline available at night?","contact_information"
"Is there a hotline for appointment changes?","contact_information"
"How do I contact the branch in the north of the city?","contact_information"
"What is the contact information for your other branches?","contact_information"
"Can I get the address of your nearest clinic?","contact_information"
"I lost the hospital number, can you give it again?","contact_information"
"How do I reach the billing team by email?","contact_information"
"Who can I write to about a privacy concern?","contact_information"
"How do I contact the data protection officer?","contact_information"
"Can I fax documents to the hospital?","contact_information"
"Where should I post documents?","contact_information"
"What is the PIN code of the hospital?","contact_information"
"How do I contact the volunteer services team?","contact_information"
"Who do I speak to about donating to the hospital?","contact_information"
"How can I contact the hospital chaplain or spiritual care team?","contact_information"
"I need to reach the social worker","contact_information"
"Can I get the contact for the insurance coordinator?","contact_information"
"How do I reach the operator?","contact_information"
"Can you give me a phone number to talk to someone?","contact_information"
"I want to call the hospital, what's the number?","contact_information"
"Is there an email for sending reports to doctors?","contact_information"
"How do I message my doctor?","contact_information"
"Can I get in touch with the doctor who treated me?","contact_information"
"Where do I send my grievance?","contact_information"
"Who do I complain to if I'm unhappy with the treatment?","contact_information"
"How do I contact the nursing supervisor?","contact_information"
"Who do I talk to about lost and found items?","contact_information"
"I left my bag in the hospital, who do I contact?","contact_information"
"Do you have a customer care number?","contact_information"
"How do I contact you on email for an appointment query?","contact_information"
"Is there a phone number for the security office?","contact_information"
"How do I get in touch with your team?","contact_information"
"Not the timings, I need the contact number","contact_information"
"I want to call the cardiology department, what's their number?","contact_information"
"I need the email of the billing department","contact_information"
"How do I contact the insurance desk?","contact_information"
"Can I get the phone number for the lab?","contact_information"
"Who can I call about my admitted father?","contact_information"
"What's the number of the pharmacy?","contact_information"
"I'd like to speak with someone from customer service","contact_information"
"Tell me about the cardiology department","department_information"
"What departments do you have?","department_information"
"Do you have a neurology department?","department_information"
"Where is the radiology department?","department_information"
"What services does the oncology department offer?","department_information"
"Is there a pediatrics wing?","department_information"
"Which floor is the orthopedic department on?","department_information"
"Do you have a dialysis unit?","department_information"
"What does the physiotherapy department do?","department_information"
"Is there a maternity ward?","department_information"
"Do you have a burns unit?","department_information"
"What treatments are available in dermatology?","department_information"
"Does the hospital have a cancer center?","department_information"
"Is there a psychiatry department?","department_information"
"Tell me about your ENT services","department_information"
"Do you have a NICU?","department_information"
"What does the gastroenterology department treat?","department_information"
"Is there a dental department?","department_information"
"Where is the ICU located?","department_information"
"Do you have a fertility clinic?","department_information"
"What services does the cardiology department provide?","department_information"
"Do you have a cardiac cath lab?","department_information"
"Is there a heart centre in this hospital?","department_information"
"What procedures does the cardiology unit do?","department_information"
"Does your hospital have a stroke unit?","department_information"
"Is there a dedicated neurosciences department?","department_information"
"What does the nephrology department handle?","department_information"
"Do you have a kidney transplant programme?","department_information"
"Is there a liver transplant unit?","department_information"
"Do you have a bone marrow transplant centre?","department_information"
"What kind of cancer treatments does oncology offer?","department_information"
"Do you provide radiation therapy?","department_information"
"Is chemotherapy given at this hospital?","department_information"
"Do you have a day-care chemotherapy unit?","department_information"
"Is there a pain clinic?","department_information"
"Is there a sleep lab?","department_information"
"Do you have a dedicated diabetes centre?","department_information"
"What does the endocrinology department treat?","department_information"
"Is there a pulmonology department?","department_information"
"Do you have a respiratory care unit?","department_information"
"What surgeries does the general surgery department perform?","department_information"
"Do you have a robotic surgery department?","department_information"
"Is there a minimally invasive surgery unit?","department_information"
"Is there a plastic surgery department?","department_information"
"Do you have a cosmetic surgery wing?","department_information"
"What does the urology department offer?","department_information"
"Is there an andrology clinic?","department_information"
"Do you have an IVF centre?","department_information"
"Does the gynaecology department do laparoscopic surgery?","department_information"
"Is there a high-risk pregnancy unit?","department_information"
"Do you have a labour room?","department_information"
"Is there a neonatal intensive care unit?","department_information"
"Do you have a paediatric ICU?","department_information"
"Is there a paediatric surgery department?","department_information"
"Do you have a child development centre?","department_information"
"Is there a geriatric care unit?","department_information"
"Is there a palliative care department?","department_information"
"Do you offer hospice services?","department_information"
"What does the rheumatology department treat?","department_information"
"Is there an orthopaedics and joint replacement centre?","department_information"
"Do you have a spine surgery unit?","department_information"
"Is there a sports medicine department?","department_information"
"What does the physical medicine and rehabilitation department do?","department_information"
"Is there an occupational therapy unit?","department_information"
"Do you have speech therapy services?","department_information"
"Is there an audiology department?","department_information"
"Does the ENT department do cochlear implants?","department_information"
"Is there an ophthalmology department?","department_information"
"Does the eye department do LASIK?","department_information"
"Is there a dental and maxillofacial department?","department_information"
"Do you have a dermatology department?","department_information"
"Does dermatology offer laser treatments?","department_information"
"Do you have an endoscopy unit?","department_information"
"Is there a hepatology department?","department_information"
"Is there a haematology department?","department_information"
"Is there a blood bank in the hospital?","department_information"
"Do you have a pathology lab on site?","department_information"
"Is there a radiology department with MRI?","department_information"
"Do you have a PET-CT scan facility?","department_information"
"Does the radiology department do interventional procedures?","department_information"
"Is there a nuclear medicine department?","department_information"
"Do you have a psychiatry ward?","department_information"
"Is there a de-addiction centre?","department_information"
"Do you have a mental health department?","department_information"
"Is there a clinical psychology unit?","department_information"
"Is there a nutrition and dietetics department?","department_information"
"Do you have an infectious diseases department?","department_information"
"Is there an isolation ward?","department_information"
"Do you have a burns ICU?","department_information"
"Is there a trauma care department?","department_information"
"Is there a cardiac ICU?","department_information"
"Do you have a surgical ICU?","department_information"
"What is the difference between the ICU and HDU here?","department_information"
"Do you have a dialysis centre and how many machines?","department_information"
"Is there a vascular surgery department?","department_information"
"Is there a thoracic surgery unit?","department_information"
"Is there a neurosurgery department?","department_information"
"Do you have a bariatric surgery unit?","department_information"
"Where is the cardiology department located?","department_information"
"On which floor is the oncology department?","department_information"
"Which block is the paediatrics department in?","department_information"
"How do I get to the radiology department from the main entrance?","department_information"
"Where is the neurology OPD?","department_information"
"Is the maternity ward in the main building?","department_information"
"Where is the dialysis unit?","department_information"
"which dept treats skin problems","department_information"
"do u have a cancer dept","department_information"
"is there a heart dept","department_information"
"Wat does the ortho dept do","department_information"
"What specialities does your hospital cover?","department_information"
"Give me a list of all departments","department_information"
"Which departments are available at the city branch?","department_information"
"Do you have an allergy clinic?","department_information"
"Is there a vaccination department?","department_information"
"Is there a preventive health check-up department?","department_information"
"Is there a department for organ donation?","department_information"
"Does the hospital have a research department?","department_information"
"Is there a department for clinical trials?","department_information"
"Not a specific doctor, I just want to know what the cardiology department does","department_information"
"What kind of services does the ENT department offer?","department_information"
"Does your orthopaedic department do keyhole surgery?","department_information"
"Is there a separate department for children's heart problems?","department_information"
"Which department handles kidney problems?","department_information"
"Which department should I go to for skin problems?","department_information"
"Where is the paediatrics department?","department_information"
"Does the hospital have an oncology wing?","department_information"
"What facilities does the radiology department have?","department_information"
"When will I be discharged?","discharge_query"
"What is the discharge process?","discharge_query"
"How long does discharge take?","discharge_query"
"My father is being discharged today, what do we do?","discharge_query"
"Can I get discharged early?","discharge_query"
"What documents will I get at discharge?","discharge_query"
"Who signs the discharge papers?","discharge_query"
"Can I go home today?","discharge_query"
"Is the discharge summary ready?","discharge_query"
"What time is discharge?","discharge_query"
"Do I need to clear the bill before discharge?","discharge_query"
"Can I leave against medical advice?","discharge_query"
"What happens after discharge?","discharge_query"
"When can my mother come home?","discharge_query"
"Who will explain the discharge instructions?","discharge_query"
"Can the discharge be delayed until evening?","discharge_query"
"Is there a discharge checklist?","discharge_query"
"We are waiting for discharge for hours","discharge_query"
"Will a nurse help with discharge?","discharge_query"
"Can we arrange transport at discharge?","discharge_query"
"When will my father be sent home?","discharge_query"
"The doctor said I can go home, what's the process now?","discharge_query"
"How long does the discharge process usually take?","discharge_query"
"Why is my discharge taking so long?","discharge_query"
"We've been waiting since morning for discharge","discharge_query"
"Can you speed up my discharge?","discharge_query"
"What time will the discharge papers be ready?","discharge_query"
"Who prepares the discharge summary?","discharge_query"
"Will I get a discharge summary before I leave?","discharge_query"
"Can I get the discharge summary today itself?","discharge_query"
"What instructions will I get when I'm discharged?","discharge_query"
"Who will explain my medicines after discharge?","discharge_query"
"Will the nurse go over the discharge instructions?","discharge_query"
"Do I need a follow-up appointment after discharge?","discharge_query"
"When should I come back after being discharged?","discharge_query"
"Can I be discharged in the morning?","discharge_query"
"Is discharge possible on a Sunday?","discharge_query"
"Can I be discharged tonight?","discharge_query"
"Can I go home a day early?","discharge_query"
"The doctor hasn't signed my discharge yet","discharge_query"
"Who needs to approve the discharge?","discharge_query"
"Is the final bill required before discharge?","discharge_query"
"What clearances are needed before discharge?","discharge_query"
"Do I need insurance clearance before I can be discharged?","discharge_query"
"Can I be discharged while the insurance approval is pending?","discharge_query"
"Can I leave the hospital before the bill is finalized?","discharge_query"
"Can I take my reports with me at discharge?","discharge_query"
"Will I get my X-ray films at discharge?","discharge_query"
"What happens if I want to leave against medical advice?","discharge_query"
"What is the LAMA process?","discharge_query"
"Can a patient be discharged on request?","discharge_query"
"Can my mother be discharged to a rehab centre?","discharge_query"
"Can you arrange an ambulance for going home after discharge?","discharge_query"
"Do you help with transport after discharge?","discharge_query"
"Can a nurse visit at home after discharge?","discharge_query"
"Is home care available after discharge?","discharge_query"
"What should I do if I feel unwell after discharge?","discharge_query"
"Can I get a fitness certificate at discharge?","discharge_query"
"Will I get a medical certificate for work when I'm discharged?","discharge_query"
"Can my baby be discharged with me after delivery?","discharge_query"
"When will my newborn be discharged from the NICU?","discharge_query"
"When can my father leave the ICU and go home?","discharge_query"
"Is my wife ready for discharge?","discharge_query"
"Has the doctor cleared my son for discharge?","discharge_query"
"Is my discharge confirmed for today?","discharge_query"
"What's the discharge time on the day of leaving?","discharge_query"
"Do I need to vacate the room by a certain time after discharge?","discharge_query"
"Can I stay a few extra hours after discharge?","discharge_query"
"Will I get my discharge medicines before I leave?","discharge_query"
"Do I collect the discharge medicines from the pharmacy myself?","discharge_query"
"Can the discharge be postponed till tomorrow?","discharge_query"
"I'm not ready to go home yet, can discharge wait?","discharge_query"
"Can I be discharged even though I'm still in pain?","discharge_query"
"discharge kab hoga","discharge_query"
"discharge time pls","discharge_query"
"when is my discharg","discharge_query"
"wat is discharge process","discharge_query"
"I want to take my mother home today","discharge_query"
"Can I go home after the surgery today?","discharge_query"
"Is same-day discharge possible after a day-care procedure?","discharge_query"
"How many days after surgery is discharge usually?","discharge_query"
"What documents should I keep after discharge?","discharge_query"
"Can someone else collect the discharge papers for me?","discharge_query"
"My relative is being discharged and I'm not there, what do I do?","discharge_query"
"Will the doctor see me before discharge?","discharge_query"
"I need to know the discharge diet instructions","discharge_query"
"Who explains wound care before I leave?","discharge_query"
"Can I get the discharge summary emailed to me?","discharge_query"
"The discharge summary has an error in it","discharge_query"
"Can the discharge summary be corrected before I leave?","discharge_query"
"Is a follow-up booked automatically when I'm discharged?","discharge_query"
"What medicines do I need to continue after discharge?","discharge_query"
"Can you give us a discharge checklist?","discharge_query"
"What should we prepare for going home?","discharge_query"
"Do we need to return anything before discharge?","discharge_query"
"Can I keep the hospital wristband after discharge?","discharge_query"
"Can a discharge happen late at night?","discharge_query"
"How is discharge handled for insurance patients?","discharge_query"
"Is there a separate discharge lounge?","discharge_query"
"Where do we wait after discharge is approved?","discharge_query"
"My father is ready to go home but the paperwork isn't done","discharge_query"
"Can you check on the status of my discharge?","discharge_query"
"Can we arrange home oxygen before discharge?","discharge_query"
"Will physiotherapy continue after discharge?","discharge_query"
"Can I get a wheelchair to the car at discharge?","discharge_query"
"Who arranges equipment for home after discharge?","discharge_query"
"What happens on the day of discharge?","discharge_query"
"I want to discharge my father and shift him to another hospital","discharge_query"
"Can I be transferred to another hospital instead of being discharged home?","discharge_query"
"How do I get a referral letter at discharge?","discharge_query"
"When will my grandmother be released from the hospital?","discharge_query"
"Hi, when will my father be discharged?","discharge_query"
"Not admission, I want to know about the discharge process","discharge_query"
"I need my discharge summary for this stay before leaving","discharge_query"
"My mother is going home today, what do we need to do?","discharge_query"
"What paperwork is needed at discharge?","discharge_query"
"How long until the discharge is complete?","discharge_query"
"Can I be discharged before noon?","discharge_query"
"Is the doctor coming to sign the discharge?","discharge_query"
"What happens after the bill is cleared at discharge?","discharge_query"
"When can my baby go home from the hospital?","discharge_query"
"I need a cardiologist","doctor_search"
"Which doctor should I see for a heart problem?","doctor_search"
"Find me a good dermatologist","doctor_search"
"Do you have a pediatrician?","doctor_search"
"Who is the best neurologist here?","doctor_search"
"I'm looking for a female gynecologist","doctor_search"
"Is Dr. Mehta available today?","doctor_search"
"Which doctors work in orthopedics?","doctor_search"
"I want to consult a cardiac specialist","doctor_search"
"Can you recommend a doctor for back pain?","doctor_search"
"List the ENT doctors","doctor_search"
"Does Dr. Gupta still work at this hospital?","doctor_search"
"I need a specialist for diabetes","doctor_search"
"What are the qualifications of Dr. Iyer?","doctor_search"
"Is there an eye doctor available?","doctor_search"
"Who should I consult for kidney stones?","doctor_search"
"Find a psychiatrist for me","doctor_search"
"Which doctor treats thyroid issues?","doctor_search"
"Are there any doctors who speak Tamil?","doctor_search"
"Can I speak to someone about my heart?","doctor_search"
"I need to see a dermatologist next week","doctor_search"
"I need to see a neurologist soon","doctor_search"
"I'd like to consult a cardiac specialist","doctor_search"
"Who is the head of cardiology?","doctor_search"
"Which cardiologist is available on weekends?","doctor_search"
"Can you suggest a doctor for my skin rash?","doctor_search"
"I'm looking for a child specialist","doctor_search"
"Who treats asthma at your hospital?","doctor_search"
"I want a doctor who specializes in sports injuries","doctor_search"
"Is there a kidney specialist I can consult?","doctor_search"
"Do you have a nephrologist?","doctor_search"
"I need an oncologist for a second opinion","doctor_search"
"Which surgeon does knee replacements here?","doctor_search"
"Who is the most experienced spine surgeon at this hospital?","doctor_search"
"Can you tell me about Dr. Reddy's experience?","doctor_search"
"Is Dr. Thomas a cardiologist or a cardiac surgeon?","doctor_search"
"I want to know which days Dr. Pillai sees patients","doctor_search"
"Which doctor should I go to for chronic headaches?","doctor_search"
"Who can help me with hair loss?","doctor_search"
"I need a specialist for my stomach issues","doctor_search"
"Find me a gastroenterologist","doctor_search"
"Do you have any lady doctors in gynaecology?","doctor_search"
"I'd prefer a male urologist, do you have one?","doctor_search"
"Which doctor handles pregnancy care?","doctor_search"
"Is there an endocrinologist who sees thyroid patients?","doctor_search"
"Who should my father see for his memory problems?","doctor_search"
"I'm looking for a geriatric specialist for my grandmother","doctor_search"
"Is there a doctor who treats sleep apnea?","doctor_search"
"Which ENT doctor is good for sinus problems?","doctor_search"
"I want an eye specialist for cataract surgery","doctor_search"
"Can you name a good pulmonologist here?","doctor_search"
"Who is the rheumatologist at this hospital?","doctor_search"
"I need a heart doctor","doctor_search"
"Looking for a bone doctor","doctor_search"
"Need a good skin specialist","doctor_search"
"is there a dentist on staff","doctor_search"
"pls suggest a doc for joint pain","doctor_search"
"I need a peadiatrician for my baby","doctor_search"
"Which doctr is best for diabetes?","doctor_search"
"Do you have a hematologist?","doctor_search"
"I want to find a doctor who speaks Hindi","doctor_search"
"Is there a doctor available for consultation right now?","doctor_search"
"Which doctors are on duty today in general medicine?","doctor_search"
"Who is the consultant on call for orthopaedics tonight?","doctor_search"
"Is Dr. Ahmed in the hospital today?","doctor_search"
"When is Dr. Kulkarni available?","doctor_search"
"Does Dr. Singh see children as well?","doctor_search"
"Has Dr. Das moved to another hospital?","doctor_search"
"Which specialist should I see for chest discomfort that comes and goes?","doctor_search"
"What kind of doctor treats vertigo?","doctor_search"
"Who do I consult for allergies?","doctor_search"
"I'd like to know the names of your cardiologists","doctor_search"
"Can I get a list of doctors in the neurology team?","doctor_search"
"I'm looking for a plastic surgeon","doctor_search"
"Who does cosmetic procedures here?","doctor_search"
"Which doctor does laser eye surgery?","doctor_search"
"I want to consult a psychiatrist about anxiety","doctor_search"
"Is there a psychologist or counsellor I can talk to?","doctor_search"
"I need a doctor for my child's speech delay","doctor_search"
"Who is the best obstetrician at this hospital?","doctor_search"
"Is there a fertility specialist I can consult?","doctor_search"
"Which surgeon performs bariatric surgery?","doctor_search"
"Do you have a vascular surgeon?","doctor_search"
"I need a doctor experienced in treating PCOS","doctor_search"
"Recommend a doctor for my father's prostate problem","doctor_search"
"Who treats varicose veins?","doctor_search"
"Is there a doctor for physiotherapy referrals?","doctor_search"
"I need a specialist for my liver condition","doctor_search"
"Do you have a hepatologist?","doctor_search"
"Which oncologist treats breast cancer?","doctor_search"
"Who is the senior neurosurgeon?","doctor_search"
"I need a general physician","doctor_search"
"I'm looking for a family doctor","doctor_search"
"Can I see the profile of Dr. Menon?","doctor_search"
"What languages does Dr. Chen speak?","doctor_search"
"Where did Dr. Joseph train?","doctor_search"
"How many years of experience does the cardiologist have?","doctor_search"
"Do any of your doctors specialize in tropical diseases?","doctor_search"
"Who treats infectious diseases here?","doctor_search"
"I need a doctor who can treat my chronic cough","doctor_search"
"Which doctor should I see about my blood pressure?","doctor_search"
"I'm searching for a pain management specialist","doctor_search"
"Is there an anaesthetist I can speak to before surgery?","doctor_search"
"Do you have a dietitian or nutrition expert?","doctor_search"
"I want a second opinion from another cardiologist","doctor_search"
"Can I see a different doctor from the one I saw last time?","doctor_search"
"Which doctor treats children with asthma?","doctor_search"
"Who looks after newborn babies?","doctor_search"
"I need an ophthalmologist","doctor_search"
"Can you help me find the right specialist for my symptoms?","doctor_search"
"I don't know which doctor to see for my back","doctor_search"
"Which specialist deals with hormone problems?","doctor_search"
"I want to know if there's a heart specialist free this afternoon","doctor_search"
"Who is the doctor in charge of the dialysis patients?","doctor_search"
"Is there a doctor for hearing problems?","doctor_search"
"I'd like to find an audiologist","doctor_search"
"Who should I talk to about my knee pain?","doctor_search"
"I want a doctor who has experience with elderly patients","doctor_search"
"Is there a specialist who treats migraines?","doctor_search"
"Is there any doctor available who works late evenings?","doctor_search"
"Hi, which doctor should I see for knee pain?","doctor_search"
"I don't need the cardiology department info, I need the name of a good cardiologist","doctor_search"
"Not the department, I want to know which specialist to see","doctor_search"
"Which neurologist in the neurology department is available today?","doctor_search"
"Who are the doctors in the oncology department?","doctor_search"
"I'm looking for a cardiologist who can see me soon","doctor_search"
"I need to see an orthopaedic specialist next week","doctor_search"
"Is there an ENT specialist who can see my son?","doctor_search"
"I'm searching for a kidney doctor for my mother","doctor_search"
"Which doctor is best for my child's recurring fever?","doctor_search"
"Can you tell me which gynaecologists are working here?","doctor_search"
"This is an emergency","emergency_assistance"
"I need an ambulance right now","emergency_assistance"
"My father is having chest pain","emergency_assistance"
"Someone has collapsed and is not breathing","emergency_assistance"
"Help, there's been an accident","emergency_assistance"
"Where is the emergency room?","emergency_assistance"
"My child swallowed something and is choking","emergency_assistance"
"I think I'm having a heart attack","emergency_assistance"
"She is bleeding heavily","emergency_assistance"
"Send an ambulance to my house","emergency_assistance"
"My mother fainted and won't wake up","emergency_assistance"
"I need urgent help","emergency_assistance"
"Someone is having a seizure","emergency_assistance"
"He can't breathe properly","emergency_assistance"
"Is the emergency department open now?","emergency_assistance"
"I was bitten by a snake","emergency_assistance"
"My wife is in labour and the pain is severe","emergency_assistance"
"There's a burn injury, what should I do?","emergency_assistance"
"I think someone is having a stroke","emergency_assistance"
"Emergency! Please help","emergency_assistance"
"My father is having severe chest pain right now","emergency_assistance"
"My grandmother suddenly can't speak and her face is drooping","emergency_assistance"
"Someone in my family has fallen down the stairs and is unconscious","emergency_assistance"
"My baby is not breathing properly","emergency_assistance"
"My child has a very high fever and is having a fit","emergency_assistance"
"There's been a car accident and someone is badly hurt","emergency_assistance"
"I need an ambulance urgently at my address","emergency_assistance"
"Please send help, my husband collapsed","emergency_assistance"
"I think my friend has overdosed","emergency_assistance"
"My son drank something poisonous","emergency_assistance"
"He is bleeding a lot from his head","emergency_assistance"
"I cut my hand badly and the bleeding won't stop","emergency_assistance"
"My mother is having trouble breathing and her lips are turning blue","emergency_assistance"
"I'm having severe chest pain and sweating","emergency_assistance"
"I feel like I'm going to pass out and my chest hurts","emergency_assistance"
"My dad is having a heart attack, what do I do?","emergency_assistance"
"Someone is choking and can't breathe","emergency_assistance"
"My wife's water broke and the baby is coming","emergency_assistance"
"She's pregnant and bleeding heavily","emergency_assistance"
"My child fell and hit his head and is vomiting","emergency_assistance"
"I've been stung by a bee and my throat is swelling","emergency_assistance"
"I'm having a severe allergic reaction","emergency_assistance"
"I can't breathe","emergency_assistance"
"Help me please, I'm in a lot of pain","emergency_assistance"
"He's having a seizure and won't stop shaking","emergency_assistance"
"Somebody got electrocuted","emergency_assistance"
"There's a fire and people are injured","emergency_assistance"
"My neighbour is unconscious on the floor","emergency_assistance"
"My father isn't responding to us","emergency_assistance"
"I think my mother is having a stroke","emergency_assistance"
"My friend is talking about ending his life","emergency_assistance"
"I want to hurt myself","emergency_assistance"
"I'm thinking of killing myself","emergency_assistance"
"URGENT need ambulance","emergency_assistance"
"help help my dad cant breathe","emergency_assistance"
"plz send ambulance fast","emergency_assistance"
"emergancy my son is hurt","emergency_assistance"
"My husband is having a severe asthma attack and the inhaler isn't working","emergency_assistance"
"My child swallowed a battery","emergency_assistance"
"My dog bit my daughter and it's bleeding badly","emergency_assistance"
"I've been in an accident and I think my leg is broken","emergency_assistance"
"I fell and can't move my legs","emergency_assistance"
"My elderly father fell and is not getting up","emergency_assistance"
"I'm diabetic and feeling extremely dizzy and confused","emergency_assistance"
"My sugar level dropped and I'm shaking badly","emergency_assistance"
"My kid swallowed my pills","emergency_assistance"
"I was hit by a vehicle","emergency_assistance"
"There's someone lying unconscious on the road outside your hospital","emergency_assistance"
"Is the emergency ward open, I'm bringing a patient now?","emergency_assistance"
"Where should I go for emergency treatment?","emergency_assistance"
"How do I get to the casualty department quickly?","emergency_assistance"
"Where is the ER entrance?","emergency_assistance"
"Does the hospital have a 24-hour emergency department?","emergency_assistance"
"Is there a trauma centre at this hospital?","emergency_assistance"
"I need to bring someone to emergency immediately","emergency_assistance"
"Which gate do I use for the emergency department?","emergency_assistance"
"My baby has stopped crying and is very limp","emergency_assistance"
"My mother's heartbeat is very irregular and she feels faint","emergency_assistance"
"I have sudden severe pain in my stomach and I'm vomiting blood","emergency_assistance"
"I'm coughing up blood","emergency_assistance"
"My vision suddenly went dark and my head is pounding","emergency_assistance"
"There's a gas leak and people are fainting","emergency_assistance"
"Someone drowned and we pulled him out","emergency_assistance"
"My father had a heart attack before and now the pain is back","emergency_assistance"
"My wife is having contractions and we're on the way","emergency_assistance"
"I've burned my arm badly with boiling water","emergency_assistance"
"My son has a deep cut and needs stitches urgently","emergency_assistance"
"My child has a high fever and a rash and is very drowsy","emergency_assistance"
"Someone has been stabbed","emergency_assistance"
"There's an injured person here who needs urgent care","emergency_assistance"
"I need immediate medical attention","emergency_assistance"
"This is life or death please hurry","emergency_assistance"
"I think I'm dying","emergency_assistance"
"My grandfather's breathing is very slow and he won't wake up","emergency_assistance"
"Can you send an ambulance to the market area?","emergency_assistance"
"How fast can an ambulance get here?","emergency_assistance"
"I need an emergency doctor now","emergency_assistance"
"My mother took too many sleeping pills","emergency_assistance"
"My friend is having a panic attack and can't breathe","emergency_assistance"
"My sister fainted and hit her head","emergency_assistance"
"My brother is having chest pain after exercise","emergency_assistance"
"I need help immediately, my baby is turning blue","emergency_assistance"
"I've had a severe head injury","emergency_assistance"
"I'm bleeding and feeling weak","emergency_assistance"
"Severe chest pain, what should I do?","emergency_assistance"
"Someone is unconscious and not breathing, help","emergency_assistance"
"My husband is sweating, has chest pain and his arm hurts","emergency_assistance"
"My child is having difficulty breathing after eating peanuts","emergency_assistance"
"My mom suddenly can't move one side of her body","emergency_assistance"
"There's been a serious accident on the highway","emergency_assistance"
"Urgent help needed for a pregnant woman","emergency_assistance"
"My dad's blood pressure is extremely high and he has a severe headache","emergency_assistance"
"I can't stop vomiting and I'm very weak","emergency_assistance"
"I took the wrong medicine and feel very sick","emergency_assistance"
"Hi, my father has chest pain and is sweating, please help","emergency_assistance"
"Not an appointment, this is an emergency, my mother collapsed","emergency_assistance"
"I don't have time to book, my son can't breathe","emergency_assistance"
"Please help, my husband suddenly fainted and is not responding","emergency_assistance"
"My child is having a severe asthma attack right now","emergency_assistance"
"My grandmother fell and is bleeding from her head","emergency_assistance"
"I have crushing chest pain and my left arm is numb","emergency_assistance"
"Someone here has a very bad injury and needs help now","emergency_assistance"
"My wife is having a seizure, what do we do?","emergency_assistance"
"I need emergency help, my friend is unconscious","emergency_assistance"
"My baby has swallowed a coin and is struggling to breathe","emergency_assistance"
"Is there parking at the hospital?","facility_information"
"Do you have a cafeteria?","facility_information"
"Is there free Wi-Fi?","facility_information"
"Do you have wheelchair access?","facility_information"
"Are there private rooms available?","facility_information"
"Is there an ATM inside the hospital?","facility_information"
"Do you have a prayer room?","facility_information"
"Can attendants stay overnight?","facility_information"
"Is there a waiting area for families?","facility_information"
"Do you provide wheelchairs?","facility_information"
"Are there lockers for visitors?","facility_information"
"Is there a guest house for relatives?","facility_information"
"Do rooms have air conditioning?","facility_information"
"Do you have an elevator?","facility_information"
"Is there a children's play area?","facility_information"
"Are there charging points for phones?","facility_information"
"Is food provided to patients?","facility_information"
"Do you offer interpreter services?","facility_information"
"Is there a baby feeding room?","facility_information"
"What amenities do the deluxe rooms have?","facility_information"
"Is parking available for visitors?","facility_information"
"Is there paid parking or is it free?","facility_information"
"Do you have valet parking?","facility_information"
"Is there parking for two-wheelers?","facility_information"
"Is there disabled parking near the entrance?","facility_information"
"Can I park my car overnight?","facility_information"
"Is there a food court in the hospital?","facility_information"
"Is there a canteen for attendants?","facility_information"
"Do you serve vegetarian food to patients?","facility_information"
"Can patients get special diet meals?","facility_information"
"Can I bring outside food for the patient?","facility_information"
"Is there a coffee shop nearby inside the campus?","facility_information"
"Do you have drinking water facilities?","facility_information"
"Are there clean restrooms for visitors?","facility_information"
"Is there a lift for patients?","facility_information"
"Is the building wheelchair friendly?","facility_information"
"Do you have ramps for wheelchair users?","facility_information"
"Can I borrow a wheelchair at the entrance?","facility_information"
"Are stretchers available at the entrance?","facility_information"
"Do you provide a porter to help patients move around?","facility_information"
"Is there a pick-up and drop facility?","facility_information"
"Do you have a shuttle from the metro station?","facility_information"
"Do you provide transport for patients?","facility_information"
"Is there an ambulance service for non-emergency transfers?","facility_information"
"What types of rooms do you have?","facility_information"
"Do you have single occupancy rooms?","facility_information"
"Are there twin-sharing rooms?","facility_information"
"Do you have suite rooms?","facility_information"
"Does the private room have a TV?","facility_information"
"Does the room have an attached bathroom?","facility_information"
"Is there a sofa bed for the attendant?","facility_information"
"Can more than one attendant stay with the patient?","facility_information"
"Is there an attendant lounge?","facility_information"
"Is there accommodation for families coming from out of town?","facility_information"
"Do you have tie-ups with nearby hotels?","facility_information"
"Is there a dharamshala near the hospital?","facility_information"
"Is Wi-Fi available in the patient rooms?","facility_information"
"What's the Wi-Fi password for visitors?","facility_information"
"Can I charge my phone in the waiting area?","facility_information"
"Is there a laundry service for patients?","facility_information"
"Is there a temple or meditation room?","facility_information"
"Is there a mosque or namaz area?","facility_information"
"Is there a chapel in the hospital?","facility_information"
"Do you have a library or reading area?","facility_information"
"Is there a kids' corner?","facility_information"
"Is there a breastfeeding room?","facility_information"
"Do you have baby changing facilities?","facility_information"
"Is there a gift shop?","facility_information"
"Is there a flower shop?","facility_information"
"Is there a bank branch inside the hospital?","facility_information"
"Is there a currency exchange counter for foreign patients?","facility_information"
"Do you have translators for foreign languages?","facility_information"
"Do you have sign language interpreters?","facility_information"
"Are there facilities for visually impaired patients?","facility_information"
"Is the hospital air-conditioned?","facility_information"
"Is there a smoking area?","facility_information"
"Is smoking allowed anywhere on campus?","facility_information"
"Are pets allowed in the hospital?","facility_information"
"Can I bring a service dog?","facility_information"
"Is there a lost and found?","facility_information"
"Is there CCTV and security in the wards?","facility_information"
"Do you have a cloak room for luggage?","facility_information"
"Can I keep my valuables in a safe?","facility_information"
"Is there a locker in the room?","facility_information"
"Is there a garden or open space for patients?","facility_information"
"Is there a gym for staff and patients?","facility_information"
"Do you have a business centre or printing facility?","facility_information"
"Can I get photocopies done inside the hospital?","facility_information"
"Is there a fuel station nearby?","facility_information"
"Does the hospital have a helipad?","facility_information"
"Do you have an international patient lounge?","facility_information"
"Is there a separate lounge for VIP patients?","facility_information"
"Is there housekeeping in the rooms daily?","facility_information"
"Are linen and towels provided?","facility_information"
"Is the hospital accessible by public transport?","facility_information"
"is there parkng","facility_information"
"any canteen?","facility_information"
"wifi availble?","facility_information"
"do u have lifts","facility_information"
"Are there water coolers on each floor?","facility_information"
"Is there a place for attendants to sleep?","facility_information"
"Can attendants get meals from the hospital kitchen?","facility_information"
"Does the hospital provide newspapers?","facility_information"
"Is there a microwave I can use to heat food?","facility_information"
"Do rooms have a refrigerator?","facility_information"
"Is there hot water in the bathrooms?","facility_information"
"Do you have a visitor waiting lounge near the ICU?","facility_information"
"Is there seating outside the operation theatre for families?","facility_information"
"Is there a facility for bathing bedridden patients?","facility_information"
"Is there an electric vehicle charging point in the parking?","facility_information"
"What facilities are available for elderly visitors?","facility_information"
"Is the hospital child-friendly?","facility_information"
"What facilities does the hospital have?","facility_information"
"Not the timing, I want to know if there is a cafeteria at all","facility_information"
"Do you have a canteen, and what kind of food does it serve?","facility_information"
"Is there a waiting room for family during surgery?","facility_information"
"Is there accommodation for attendants?","facility_information"
"Do the private rooms have Wi-Fi?","facility_information"
"Can a family member stay overnight with the patient?","facility_information"
"Do you have wheelchairs for visitors?","facility_information"
"Is there an ATM on campus?","facility_information"
"What amenities are available in the general ward?","facility_information"
"Goodbye","goodbye"
"Bye","goodbye"
"See you later","goodbye"
"That's all, thanks, bye","goodbye"
"Have a nice day","goodbye"
"Talk to you later","goodbye"
"Bye bye","goodbye"
"I'm done for now","goodbye"
"Good night","goodbye"
"See you","goodbye"
"Take care","goodbye"
"That's everything I needed","goodbye"
"Catch you later","goodbye"
"Goodbye and have a good day","goodbye"
"I'll leave now","goodbye"
"Ok bye","goodbye"
"Signing off","goodbye"
"Farewell","goodbye"
"Nothing else, bye","goodbye"
"Bye for now","goodbye"
"Bye, take care","goodbye"
"Goodbye for now","goodbye"
"Okay, goodbye","goodbye"
"Ok, bye then","goodbye"
"Alright, bye","goodbye"
"Bye bye, thanks","goodbye"
"See you soon","goodbye"
"See you next time","goodbye"
"See you tomorrow","goodbye"
"See ya","goodbye"
"Cya","goodbye"
"bbye","goodbye"
"byee","goodbye"
"gtg bye","goodbye"
"Gotta go","goodbye"
"I have to go now","goodbye"
"I need to go now, bye","goodbye"
"I'll go now","goodbye"
"I'm leaving now","goodbye"
"Talk soon","goodbye"
"Speak to you later","goodbye"
"Until next time","goodbye"
"Have a good day","goodbye"
"Have a great evening","goodbye"
"Good night, take care","goodbye"
"Nighty night","goodbye"
"Have a wonderful day ahead","goodbye"
"Take care of yourself","goodbye"
"Take care, goodbye","goodbye"
"That's all for today","goodbye"
"That's all I wanted to know","goodbye"
"That's it from my side","goodbye"
"That's all, nothing more","goodbye"
"Nothing more for now","goodbye"
"No more questions, bye","goodbye"
"I don't have any other questions, goodbye","goodbye"
"I'm all set, bye","goodbye"
"I'm good now, bye","goodbye"
"All done, thanks, bye","goodbye"
"We're done here","goodbye"
"I think we're done","goodbye"
"End chat","goodbye"
"End the conversation","goodbye"
"Close the chat","goodbye"
"Please end this session","goodbye"
"Exit","goodbye"
"Quit","goodbye"
"Log me out","goodbye"
"I'm finished","goodbye"
"That will be all","goodbye"
"That's everything, goodbye","goodbye"
"Okay then, see you","goodbye"
"Bye, have a nice day","goodbye"
"Bye, see you at my appointment","goodbye"
"See you at the hospital","goodbye"
"I'll see you at the clinic","goodbye"
"Goodbye and thank you for everything","goodbye"
"Thanks and goodbye","goodbye"
"Bye, and thanks again","goodbye"
"Cheerio","goodbye"
"Ta-ta","goodbye"
"Tata bye","goodbye"
"Later","goodbye"
"Laters","goodbye"
"Peace out","goodbye"
"So long","goodbye"
"Adios","goodbye"
"Au revoir","goodbye"
"Alvida","goodbye"
"Phir milenge","goodbye"
"Okay, I'll check back later","goodbye"
"I'll come back if I have more questions","goodbye"
"I'll reach out again later, bye","goodbye"
"I'll message again tomorrow","goodbye"
"Signing out now","goodbye"
"Logging off","goodbye"
"Bye for today","goodbye"
"Good evening and goodbye","goodbye"
"Goodbye, have a pleasant day","goodbye"
"Okay that's fine, bye","goodbye"
"Fine, bye","goodbye"
"I'm off now","goodbye"
"Leaving the chat now","goodbye"
"Take it easy","goodbye"
"Catch you soon","goodbye"
"Okay, thanks, I'm done","goodbye"
"Nothing else needed, goodbye","goodbye"
"I'll be going, bye","goodbye"
"Bye, see you at my appointment tomorrow","goodbye"
"I'll see you at the follow-up, bye","goodbye"
"Goodbye, I'll come to the hospital next week","goodbye"
"Okay bye, I'll call the reception if needed","goodbye"
"That's all regarding my bill, goodbye","goodbye"
"Goodbye, I'll check my reports later","goodbye"
"Bye, I'll book later on my own","goodbye"
"I'm done for today, take care","goodbye"
"Bye, I'll be in touch","goodbye"
"Goodbye, have a nice evening","goodbye"
"See you soon, bye bye","goodbye"
"Alright then, goodbye","goodbye"
"Hello","greeting"
"Hi there","greeting"
"Good morning","greeting"
"Hey","greeting"
"Good evening","greeting"
"Hi, is anyone there?","greeting"
"Hello, I need some help","greeting"
"Good afternoon","greeting"
"Hey there!","greeting"
"Namaste","greeting"
"Hi, how are you?","greeting"
"Hello, good morning","greeting"
"Greetings","greeting"
"Hi assistant","greeting"
"Yo","greeting"
"Hello hospital","greeting"
"Hiya","greeting"
"Hey, can you help?","greeting"
"Hi there, good day","greeting"
"Hello there","greeting"
"Hi!","greeting"
"Hey hi","greeting"
"Good morning, doctor","greeting"
"Good afternoon, is this the hospital assistant?","greeting"
"Good evening, anyone available?","greeting"
"Hello, is this the hospital helpdesk?","greeting"
"Hi, am I chatting with the hospital?","greeting"
"Is this the hospital chatbot?","greeting"
"Hello, can you hear me?","greeting"
"Hi, are you a bot?","greeting"
"Anybody there?","greeting"
"Helo","greeting"
"Hellooo","greeting"
"Heyy","greeting"
"hii","greeting"
"hiii there","greeting"
"hlo","greeting"
"Hai","greeting"
"Hey buddy","greeting"
"Morning!","greeting"
"Evening!","greeting"
"Afternoon!","greeting"
"Hi, hope you're doing well","greeting"
"Hello, how's it going?","greeting"
"How are you doing today?","greeting"
"Hi, how's your day?","greeting"
"Hope you're well","greeting"
"Hi there, I have a few questions","greeting"
"Hello, I have a question","greeting"
"Hey, quick question","greeting"
"Hi, I wanted to ask something","greeting"
"Hello, I need assistance","greeting"
"Hi, can I ask you something?","greeting"
"Hello, I'm new here","greeting"
"Hi, first time using this chat","greeting"
"Hi, I'm a patient here","greeting"
"Hello, I'm calling on behalf of my father","greeting"
"Hi, I'm messaging for my mom","greeting"
"Namaskar","greeting"
"Vanakkam","greeting"
"Hola","greeting"
"Salaam","greeting"
"Assalamu alaikum","greeting"
"Sat Sri Akal","greeting"
"Bonjour","greeting"
"Hello sir","greeting"
"Hello madam","greeting"
"Hi team","greeting"
"Hello everyone","greeting"
"Dear sir, good day","greeting"
"Hi, good to meet you","greeting"
"Nice to meet you","greeting"
"Pleased to meet you","greeting"
"Hey there, good afternoon","greeting"
"Hello, good evening","greeting"
"Hi there, how are you?","greeting"
"Hey, how are things?","greeting"
"Hello again","greeting"
"Hi, it's me again","greeting"
"I'm back","greeting"
"Hello, I'm back with another question","greeting"
"Hey, good day to you","greeting"
"Greetings to the hospital team","greeting"
"Good day","greeting"
"Hi there friend","greeting"
"Hello assistant, are you available?","greeting"
"Hello, is someone available to help?","greeting"
"Hey, I need a little help","greeting"
"Hi, help please","greeting"
"Hello, can you assist me?","greeting"
"Hello, anyone online?","greeting"
"Good morning, hope you're well","greeting"
"Top of the morning","greeting"
"Howdy","greeting"
"What's up","greeting"
"Sup","greeting"
"Hey what's up","greeting"
"Hello, nice to be here","greeting"
"Hi, I'm here","greeting"
"Hello from Mumbai","greeting"
"Hello, good afternoon to you","greeting"
"Hi, are you open for chat?","greeting"
"Hey, can we talk?","greeting"
"Hello, may I ask a few things?","greeting"
"Hi, is this the right place to ask questions?","greeting"
"Ahoy","greeting"
"Hello friend","greeting"
"Hi, I hope I'm not disturbing","greeting"
"Hey, how are you today?","greeting"
"Hello, how may I start?","greeting"
"Hi there, anyone home?","greeting"
"Hey, good evening","greeting"
"Hello, good to be chatting","greeting"
"Hello, nice talking to you","greeting"
"Hi, hello, how are you","greeting"
"Good morning, how are you today?","greeting"
"Hiya, how are you doing?","greeting"
"Hey, is anyone available to chat?","greeting"
"Hi, I'm here to ask a question","greeting"
"Hello, hope your day is going well","greeting"
"What are the hospital timings?","hospital_timings"
"When does the hospital open?","hospital_timings"
"What time does the OPD close?","hospital_timings"
"What are the visiting hours?","hospital_timings"
"Is the hospital open on Sunday?","hospital_timings"
"What are your working hours?","hospital_timings"
"When can I visit a patient in the ward?","hospital_timings"
"Is the hospital open 24 hours?","hospital_timings"
"What time does the lab open?","hospital_timings"
"Are you open on public holidays?","hospital_timings"
"What are the OPD timings on Saturday?","hospital_timings"
"Until what time can visitors stay?","hospital_timings"
"What time does the outpatient department start?","hospital_timings"
"Is the clinic open in the evening?","hospital_timings"
"When does the registration counter open?","hospital_timings"
"What are the ICU visiting hours?","hospital_timings"
"What time does the billing counter close?","hospital_timings"
"Are you open today?","hospital_timings"
"What are the timings for blood sample collection?","hospital_timings"
"When is the pharmacy open?","hospital_timings"
"Is the pharmacy open 24 hours?","hospital_timings"
"What time does the hospital close tonight?","hospital_timings"
"What are the hospital's opening hours on weekdays?","hospital_timings"
"Is the OPD open on Sundays?","hospital_timings"
"What are the timings for the outpatient clinics?","hospital_timings"
"When does the morning OPD start?","hospital_timings"
"What time does the evening OPD finish?","hospital_timings"
"Till what time is the reception open?","hospital_timings"
"Are you open during Diwali?","hospital_timings"
"Is the hospital open on Christmas day?","hospital_timings"
"What are your holiday timings?","hospital_timings"
"When can family members visit patients?","hospital_timings"
"What are the general ward visiting hours?","hospital_timings"
"Can I visit my mother in the ICU at night?","hospital_timings"
"Are visitors allowed in the evening?","hospital_timings"
"What time do visiting hours end?","hospital_timings"
"How long are visiting hours on weekends?","hospital_timings"
"When can I visit someone in the maternity ward?","hospital_timings"
"What are the NICU visiting times for parents?","hospital_timings"
"What time does the blood collection centre open?","hospital_timings"
"When does the lab close for sample collection?","hospital_timings"
"What time does the radiology department open?","hospital_timings"
"Is the X-ray department open at night?","hospital_timings"
"What are the pharmacy hours?","hospital_timings"
"What time does the hospital pharmacy close?","hospital_timings"
"Until when is the pharmacy open on Sundays?","hospital_timings"
"When does the billing counter open in the morning?","hospital_timings"
"What are the insurance desk timings?","hospital_timings"
"What hours does the medical records office work?","hospital_timings"
"When is the medical records counter open?","hospital_timings"
"What are the timings of the cafeteria?","hospital_timings"
"When does the canteen close?","hospital_timings"
"When is the physiotherapy department open?","hospital_timings"
"What time does the dental clinic open?","hospital_timings"
"Is the eye clinic open on Saturday afternoons?","hospital_timings"
"What are the timings for teleconsultations?","hospital_timings"
"What are the doctor's consultation hours?","hospital_timings"
"At what time does Dr. Mehta's OPD start?","hospital_timings"
"What are the working hours on Saturdays?","hospital_timings"
"Are you open late on Fridays?","hospital_timings"
"What time do you open tomorrow?","hospital_timings"
"Is the hospital closed on any day of the week?","hospital_timings"
"Are you open right now?","hospital_timings"
"open hours?","hospital_timings"
"timings pls","hospital_timings"
"wat time does opd open","hospital_timings"
"What are the visting hours","hospital_timings"
"when does the hosptial open on sunday","hospital_timings"
"What's the earliest time I can come in for a blood test?","hospital_timings"
"When is the vaccination clinic open?","hospital_timings"
"What days and times is the diabetes clinic held?","hospital_timings"
"What time does the dialysis unit start?","hospital_timings"
"What are the timings for collecting reports?","hospital_timings"
"When can I collect my reports, what are the counter hours?","hospital_timings"
"What time is the admission desk open till?","hospital_timings"
"When does the discharge counter open?","hospital_timings"
"Is the help desk open 24/7?","hospital_timings"
"What are the hours of the patient relations office?","hospital_timings"
"What time do the outpatient registrations stop?","hospital_timings"
"What time should I arrive if the OPD opens at 9?","hospital_timings"
"What hours are visitors allowed in the private rooms?","hospital_timings"
"How early does the hospital open on weekdays?","hospital_timings"
"Is there a lunch break for the OPD?","hospital_timings"
"Is the OPD closed between 1 and 2 pm?","hospital_timings"
"What are the timings during Ramadan?","hospital_timings"
"Do the timings change on public holidays?","hospital_timings"
"What are the summer timings for the hospital?","hospital_timings"
"Are the evening clinics running this week?","hospital_timings"
"What are the timings of the health check-up centre?","hospital_timings"
"When is the fasting blood test counter open?","hospital_timings"
"What are the visiting hours for the children's ward?","hospital_timings"
"How late is the outpatient pharmacy open?","hospital_timings"
"What time does the hospital open for walk-in patients?","hospital_timings"
"Are the clinics open on second Saturdays?","hospital_timings"
"What are the hours for the ultrasound department?","hospital_timings"
"Until what time can I get an ECG done?","hospital_timings"
"When does the vaccination centre close?","hospital_timings"
"Are the OPD hours different on Sundays?","hospital_timings"
"When can I meet the doctor during rounds?","hospital_timings"
"What time are doctor rounds in the ward?","hospital_timings"
"What's the timing for the morning visiting slot?","hospital_timings"
"How long can one visitor stay during visiting time?","hospital_timings"
"When does the night shift start for attendant passes?","hospital_timings"
"At what hours can I bring food for my relative?","hospital_timings"
"What are your timings for the physiotherapy sessions?","hospital_timings"
"Is the hospital working today, it's a holiday?","hospital_timings"
"What are the weekend hours for the lab?","hospital_timings"
"What time does the CT scan centre open?","hospital_timings"
"What are the operating hours of the blood bank?","hospital_timings"
"Is the blood bank open at night?","hospital_timings"
"What time does the hospital close on Saturdays?","hospital_timings"
"When does the counselling clinic run?","hospital_timings"
"What are the hours for the dental department on weekdays?","hospital_timings"
"When do the specialist clinics run each week?","hospital_timings"
"What are the timings for the antenatal clinic?","hospital_timings"
"What are the ICU visiting slots?","hospital_timings"
"Can visitors come before 10 am?","hospital_timings"
"What time does the main gate close at night?","hospital_timings"
"What are the OPD hours for paediatrics?","hospital_timings"
"Hi, what time does the OPD open?","hospital_timings"
"Not where the cafeteria is, I need to know when it's open","hospital_timings"
"I know there's parking, but what time does the hospital close?","hospital_timings"
"What time does the radiology department close today?","hospital_timings"
"When is the admission desk open?","hospital_timings"
"What are the timings to visit a patient after admission?","hospital_timings"
"When is the medical records office open for collection?","hospital_timings"
"What time is the insurance desk open till?","hospital_timings"
"When are the specialist doctors available in OPD each day?","hospital_timings"
"Until what time can I come for a walk-in consultation?","hospital_timings"
"Do you accept my insurance?","insurance_query"
"Is this treatment covered by insurance?","insurance_query"
"How do I file an insurance claim?","insurance_query"
"Do you offer cashless treatment?","insurance_query"
"Which insurance companies are you tied up with?","insurance_query"
"My insurance claim was rejected","insurance_query"
"What documents are needed for insurance?","insurance_query"
"Is pre-authorization required for surgery?","insurance_query"
"Can I use my health insurance here?","insurance_query"
"What is the status of my insurance claim?","insurance_query"
"Is my policy valid at this hospital?","insurance_query"
"Where is the insurance desk?","insurance_query"
"Do you accept government health schemes?","insurance_query"
"How long does claim approval take?","insurance_query"
"Is my TPA on your panel?","insurance_query"
"Does my insurance cover maternity?","insurance_query"
"I want to know about reimbursement","insurance_query"
"Will insurance pay for my room charges?","insurance_query"
"Do you work with corporate insurance?","insurance_query"
"Can I add my insurance details to my file?","insurance_query"
"Do you accept insurance at the pharmacy?","insurance_query"
"Is my surgery covered under my health insurance policy?","insurance_query"
"Will my insurance cover the cost of an MRI?","insurance_query"
"Does my policy cover outpatient consultations?","insurance_query"
"Is this hospital on the network list of my insurer?","insurance_query"
"Do you have cashless facility for Star Health?","insurance_query"
"Is cashless hospitalization available here?","insurance_query"
"How do I get pre-approval from my insurer for admission?","insurance_query"
"Who handles the pre-authorization request?","insurance_query"
"How long does pre-authorization take?","insurance_query"
"My insurer has asked for more documents, what should I submit?","insurance_query"
"What documents do I need to submit for a reimbursement claim?","insurance_query"
"How do I claim reimbursement after paying myself?","insurance_query"
"My claim is still pending, can you check?","insurance_query"
"The insurance company rejected my claim, what can I do?","insurance_query"
"Why was my claim only partially approved?","insurance_query"
"Can I appeal a denied insurance claim?","insurance_query"
"Do you accept the government health scheme card?","insurance_query"
"Is Ayushman Bharat accepted at this hospital?","insurance_query"
"Can I use my employer's group insurance here?","insurance_query"
"Is my corporate health cover valid for this treatment?","insurance_query"
"Does insurance cover maternity and delivery?","insurance_query"
"Does my policy cover pre-existing conditions?","insurance_query"
"Are dental treatments covered by insurance?","insurance_query"
"Is physiotherapy covered by my insurance?","insurance_query"
"Will insurance pay for the medicines during my stay?","insurance_query"
"Does my insurance cover room rent for a private room?","insurance_query"
"What is not covered by insurance at this hospital?","insurance_query"
"Who is the TPA for my policy?","insurance_query"
"Do you work with Medi Assist TPA?","insurance_query"
"Which TPAs are empanelled with you?","insurance_query"
"Is there an insurance help desk?","insurance_query"
"Where is the TPA desk?","insurance_query"
"Can the insurance desk help me fill the claim form?","insurance_query"
"I need help filling out my insurance claim form","insurance_query"
"Can you send my documents directly to my insurance company?","insurance_query"
"My insurance card expired, can I still get cashless treatment?","insurance_query"
"I have two insurance policies, can I use both?","insurance_query"
"Can I claim the remaining amount from my second insurer?","insurance_query"
"What is the co-payment on my insurance?","insurance_query"
"How much will insurance pay and how much will I pay?","insurance_query"
"Is there a deductible I need to pay before insurance kicks in?","insurance_query"
"My policy is from abroad, do you accept international insurance?","insurance_query"
"Do you accept travel insurance for treatment?","insurance_query"
"I want to add my insurance details before admission","insurance_query"
"How do I update my insurance information?","insurance_query"
"Can I switch from cash payment to insurance after admission?","insurance_query"
"Is the insurance approval done before or after surgery?","insurance_query"
"How long does final insurance settlement take at discharge?","insurance_query"
"My cashless approval came late, will it delay discharge?","insurance_query"
"Is my wife covered under my family floater policy here?","insurance_query"
"Can my newborn be added to my insurance at the hospital?","insurance_query"
"Does insurance cover the ambulance charges?","insurance_query"
"Does my insurance cover diagnostic tests without admission?","insurance_query"
"Are day-care procedures covered under insurance?","insurance_query"
"Will my insurer cover a second opinion?","insurance_query"
"Does health insurance cover mental health treatment here?","insurance_query"
"Do you accept CGHS?","insurance_query"
"Do you accept ECHS for ex-servicemen?","insurance_query"
"Is ESI accepted at this hospital?","insurance_query"
"Can I use state government insurance here?","insurance_query"
"insurence claim status","insurance_query"
"is my insurance accepted","insurance_query"
"cashless avlbl?","insurance_query"
"Does my mediclaim work here?","insurance_query"
"Do you take mediclaim policies?","insurance_query"
"Will my insurance cover cataract surgery?","insurance_query"
"Is robotic surgery covered by insurance?","insurance_query"
"How do I get an insurance query letter resolved?","insurance_query"
"The insurer sent a query, what does the hospital need from me?","insurance_query"
"I need a hospital letter for my insurance claim","insurance_query"
"My insurance company wants the discharge summary, how do I get it to them?","insurance_query"
"Who should I contact about an insurance claim rejection?","insurance_query"
"What is the claim intimation process?","insurance_query"
"Do I need to inform my insurer before a planned admission?","insurance_query"
"How many days before admission should I start the insurance process?","insurance_query"
"Can emergency admissions be done cashless?","insurance_query"
"What happens if my insurance doesn't approve the treatment?","insurance_query"
"Can I get the insurance estimate for my procedure?","insurance_query"
"Is the insurance sum insured enough for this surgery?","insurance_query"
"My insurance limit is exhausted, what now?","insurance_query"
"Are consumables covered under my insurance?","insurance_query"
"Does my policy have a room rent cap?","insurance_query"
"Are vaccinations covered under my health insurance?","insurance_query"
"Does insurance pay for follow-up visits after discharge?","insurance_query"
"Can insurance be used for outpatient lab tests?","insurance_query"
"I want to know if my insurer has a tie-up with your hospital","insurance_query"
"Which insurance providers do you accept?","insurance_query"
"Is LIC health insurance accepted?","insurance_query"
"Is HDFC Ergo cashless available here?","insurance_query"
"Do you accept ICICI Lombard?","insurance_query"
"I'd like to check my insurance eligibility","insurance_query"
"Can someone verify my insurance coverage?","insurance_query"
"How do I check whether my claim has been settled?","insurance_query"
"I have a question about my health policy","insurance_query"
"I want to talk to someone about my insurance","insurance_query"
"Why is my insurer asking for my previous medical records?","insurance_query"
"Hi, do you accept my health insurance?","insurance_query"
"Not the bill amount, I want to know if insurance will cover it","insurance_query"
"Before I pay, can you check if my insurance covers this procedure?","insurance_query"
"Is the consultation fee covered by my insurance?","insurance_query"
"I don't want to pay myself, can I use my policy?","insurance_query"
"Will my insurer reimburse the pharmacy bills?","insurance_query"
"Does my policy cover the room charges?","insurance_query"
"I need help with an insurance claim for my recent admission","insurance_query"
"Is the insurance claim approved for my father's surgery?","insurance_query"
"Can I go cashless for my planned admission?","insurance_query"
"Is my insurance valid for lab tests?","insurance_query"
"Are my lab reports ready?","lab_reports"
"I want my blood test results","lab_reports"
"When will my test report be available?","lab_reports"
"How can I download my lab report?","lab_reports"
"Can you email me my reports?","lab_reports"
"I need my X-ray report","lab_reports"
"Where do I collect my test results?","lab_reports"
"Has my MRI report come out?","lab_reports"
"I haven't received my lab results yet","lab_reports"
"Can I see my urine test report online?","lab_reports"
"How long does a biopsy report take?","lab_reports"
"I lost my lab report, can I get another copy?","lab_reports"
"Send my thyroid test results to my doctor","lab_reports"
"Are the results of my CT scan ready?","lab_reports"
"My report shows an error","lab_reports"
"I want to check my sugar test report","lab_reports"
"Is my COVID test result out?","lab_reports"
"Can someone explain my lab report?","lab_reports"
"Where can I pick up my ECG report?","lab_reports"
"I need my pathology report","lab_reports"
"When will my blood work results be ready?","lab_reports"
"I gave a blood sample yesterday, are the results out?","lab_reports"
"Can I get my test results on WhatsApp?","lab_reports"
"How do I see my lab results on the patient portal?","lab_reports"
"My report is not showing up in the app","lab_reports"
"I can't log in to download my report","lab_reports"
"Can you send my report to my email address?","lab_reports"
"Can my doctor see my test results directly?","lab_reports"
"Please forward my lab results to Dr. Iyer","lab_reports"
"I want the results of my HbA1c test","lab_reports"
"Is my lipid profile report ready?","lab_reports"
"When will my CBC report come?","lab_reports"
"Has my culture report come back?","lab_reports"
"How long does a urine culture take?","lab_reports"
"How many days for the biopsy results?","lab_reports"
"Can I get a printed copy of my blood report?","lab_reports"
"Where is the report collection counter?","lab_reports"
"Can someone else collect my lab report for me?","lab_reports"
"I need a hard copy of my X-ray films","lab_reports"
"Can I get the CT scan images on a CD?","lab_reports"
"I want my MRI films and report","lab_reports"
"My ultrasound report hasn't been uploaded yet","lab_reports"
"I had an ECG done this morning, where can I get the report?","lab_reports"
"I need my echo report","lab_reports"
"Is my stress test report ready?","lab_reports"
"I took a COVID RT-PCR test, when will I get the result?","lab_reports"
"Can I get my test results in a different language?","lab_reports"
"The name on my lab report is spelled wrong","lab_reports"
"My report has the wrong date of birth","lab_reports"
"I think my test results were mixed up with someone else's","lab_reports"
"The values on my report look incorrect, can it be rechecked?","lab_reports"
"Can I get a retest if I think the result is wrong?","lab_reports"
"Can the doctor go over my test results with me?","lab_reports"
"What do the normal ranges on my report mean?","lab_reports"
"I want to discuss my blood test results with a doctor","lab_reports"
"Are the pathology results back from the outside lab?","lab_reports"
"My doctor is waiting for my lab report","lab_reports"
"When is the report delivery time for thyroid tests?","lab_reports"
"I got a message that my report is ready, where can I see it?","lab_reports"
"I received an SMS link for my report but it isn't opening","lab_reports"
"Can I get yesterday's test results today?","lab_reports"
"How will I be notified when my results are ready?","lab_reports"
"lab report status","lab_reports"
"report ready?","lab_reports"
"my blood test reslts","lab_reports"
"when will i get my test reprt","lab_reports"
"Has my vitamin D test report been released?","lab_reports"
"My son's allergy test report, is it ready?","lab_reports"
"Can I get my stool test report?","lab_reports"
"I need my pregnancy test result","lab_reports"
"When will the semen analysis report be ready?","lab_reports"
"Is my PAP smear result available?","lab_reports"
"I want the results of my mammogram","lab_reports"
"Can I get the radiologist's report for my chest X-ray?","lab_reports"
"Has my bone density scan report come?","lab_reports"
"Can my report be couriered to my home?","lab_reports"
"Can I collect reports for my whole family together?","lab_reports"
"Is there a fee for a duplicate lab report?","lab_reports"
"I need a signed copy of my lab report for my visa medical","lab_reports"
"I need the lab report with the doctor's seal for my employer","lab_reports"
"Can the report be issued urgently?","lab_reports"
"I need my test results before my appointment tomorrow","lab_reports"
"Can I get a preliminary report while the final one is pending?","lab_reports"
"Why is my report taking so long?","lab_reports"
"It's been a week and my biopsy report is still not ready","lab_reports"
"The lab said the sample was insufficient, what happens now?","lab_reports"
"Do I need to give another sample?","lab_reports"
"My sample got rejected, do I need to come back?","lab_reports"
"Can I see my previous test results to compare with today's?","lab_reports"
"I want the trend of my sugar reports over the last three tests","lab_reports"
"Do you share reports with insurance companies directly?","lab_reports"
"Can my reports be uploaded to my health locker account?","lab_reports"
"I want my reports in PDF format","lab_reports"
"I need my reports translated for a doctor abroad","lab_reports"
"Where can I get my dental X-ray report?","lab_reports"
"Can I get my eye test results printed?","lab_reports"
"Is my audiometry report ready?","lab_reports"
"I need my sleep study results","lab_reports"
"Has the genetic test result come back?","lab_reports"
"How do I get my histopathology slides and report?","lab_reports"
"I want my report reviewed by another pathologist","lab_reports"
"Are my liver function test results available?","lab_reports"
"Are my kidney function test results out?","lab_reports"
"Is my dengue test result positive or negative, has it come?","lab_reports"
"Please check if my malaria test report is ready","lab_reports"
"I'm waiting for my ECG and blood reports from this morning","lab_reports"
"Can I access my reports without coming to the hospital?","lab_reports"
"My report shows another patient's name","lab_reports"
"I want the soft copy of my scan","lab_reports"
"My doctor asked me to bring my test reports, how do I get them?","lab_reports"
"I need the report of the test done last Monday","lab_reports"
"How can I get my child's blood test report?","lab_reports"
"I haven't got the PET scan report yet","lab_reports"
"Can I get my lab report for my insurance claim?","lab_reports"
"Can I pick up my results after 6 pm?","lab_reports"
"Hi, are my test results ready?","lab_reports"
"Not my whole file, I only need yesterday's blood test report","lab_reports"
"I just need the result of my latest scan","lab_reports"
"Can I get only my thyroid report, not my full records?","lab_reports"
"Is the report for the test I took this morning out?","lab_reports"
"I need the MRI report from last week","lab_reports"
"Can I get the report of my child's blood test today?","lab_reports"
"I'm waiting for my lab test results","lab_reports"
"Has the lab finished my sample analysis?","lab_reports"
"Where can I download today's test report?","lab_reports"
"I need a copy of my medical records","medical_records"
"How do I get my medical history?","medical_records"
"Can I access my health records online?","medical_records"
"I want my old hospital records","medical_records"
"How do I request my patient file?","medical_records"
"Can you transfer my records to another hospital?","medical_records"
"I need my records for an insurance claim","medical_records"
"Who can access my medical records?","medical_records"
"How long do you keep medical records?","medical_records"
"Can I get my records from five years ago?","medical_records"
"I want to update my personal details in my records","medical_records"
"My medical record has incorrect information","medical_records"
"Can my family member get my records?","medical_records"
"Is there a fee for medical records?","medical_records"
"I need a copy of my old discharge summary for my files","medical_records"
"How can I get my child's vaccination records?","medical_records"
"Can I get my records on a CD?","medical_records"
"Where is the medical records department?","medical_records"
"I need my surgery notes","medical_records"
"How do I get my complete medical file?","medical_records"
"How do I request a copy of my complete medical file?","medical_records"
"I need all my treatment records from the last three years","medical_records"
"Can I get my old admission records?","medical_records"
"I was treated here in 2015, can I get those records?","medical_records"
"Please send my medical records to my new doctor","medical_records"
"Can you transfer my case file to another hospital?","medical_records"
"I'm moving abroad and need my full medical history","medical_records"
"Can I get my records in English for a foreign hospital?","medical_records"
"How do I apply for my medical records?","medical_records"
"Is there a form to request medical records?","medical_records"
"How many days does it take to get my records?","medical_records"
"Can I get certified copies of my medical records?","medical_records"
"I need attested medical records for a court case","medical_records"
"I need my records for a legal case","medical_records"
"My lawyer needs my hospital records","medical_records"
"Can my employer get my medical records?","medical_records"
"Who is allowed to see my health file?","medical_records"
"Is my medical information kept confidential?","medical_records"
"Can I stop my family from seeing my records?","medical_records"
"I want to give my son permission to access my records","medical_records"
"Can I get my late father's medical records?","medical_records"
"What documents do I need to collect a deceased relative's records?","medical_records"
"Can I see my medical records on the patient portal?","medical_records"
"How do I link my records to my digital health ID?","medical_records"
"Can I download my health history from the app?","medical_records"
"My patient portal doesn't show my older visits","medical_records"
"I need copies of my old discharge summaries from previous admissions","medical_records"
"I want the operation notes from my surgery last year","medical_records"
"Can I get the anaesthesia records from my operation?","medical_records"
"Can I get my ICU records?","medical_records"
"I need my child's birth records from the hospital","medical_records"
"Can I get my baby's birth notes?","medical_records"
"I need my immunization history","medical_records"
"Can you provide my vaccination certificate from my records?","medical_records"
"I need my MLC records","medical_records"
"How do I get my case sheet?","medical_records"
"Can I get a copy of my in-patient case sheet?","medical_records"
"Can I get the doctor's consultation notes from my visits?","medical_records"
"I want a summary of all my diagnoses on file","medical_records"
"My records have the wrong blood group listed","medical_records"
"My date of birth is wrong in my hospital records","medical_records"
"Please correct my name in my medical file","medical_records"
"I want to update my address in my patient records","medical_records"
"How do I update my phone number in my hospital file?","medical_records"
"I want to add my allergy information to my records","medical_records"
"My records show a medicine I never took","medical_records"
"Can you merge my two patient IDs into one?","medical_records"
"I have two hospital numbers, can they be combined?","medical_records"
"What's my patient ID number?","medical_records"
"I forgot my medical record number","medical_records"
"How long does the hospital keep old records?","medical_records"
"Are records from before 2010 still available?","medical_records"
"Can I get my records digitized?","medical_records"
"Can I get my medical records on a pen drive?","medical_records"
"Can I get all my scans and reports in one file?","medical_records"
"Can I get my medical records sent by courier?","medical_records"
"Is there a fee for photocopying my file?","medical_records"
"Who is in charge of the medical records department?","medical_records"
"Where is the MRD?","medical_records"
"med records copy","medical_records"
"i need my old reocrds","medical_records"
"how to get medical histroy","medical_records"
"need my case file","medical_records"
"Can I access my wife's records with her consent?","medical_records"
"Can my insurance company access my medical records?","medical_records"
"Has anyone accessed my records without permission?","medical_records"
"I want to know who viewed my medical file","medical_records"
"Can my medical records be deleted?","medical_records"
"I want to download my records under data protection law","medical_records"
"Can I get my records for a visa application?","medical_records"
"I need my treatment history for a disability certificate","medical_records"
"I need records of my past surgeries for a new doctor","medical_records"
"Can I share my health records with a doctor in another country?","medical_records"
"Can the hospital share my records with my GP?","medical_records"
"Can you fax my records to another clinic?","medical_records"
"Where can I collect my medical records?","medical_records"
"Can I collect my records on behalf of my mother?","medical_records"
"I need a medical history summary for my school admission","medical_records"
"Can I get a copy of my old prescriptions from my file?","medical_records"
"Can I get a list of all my previous hospital visits?","medical_records"
"What information is included in my medical records?","medical_records"
"Are my mental health records stored separately?","medical_records"
"How do I get my dental records?","medical_records"
"Can I review my file before my next appointment?","medical_records"
"I want to check my records for accuracy","medical_records"
"Can I add notes to my own medical records?","medical_records"
"Who do I talk to about errors in my records?","medical_records"
"Can I get my emergency room visit records?","medical_records"
"I need my maternity records for my second pregnancy","medical_records"
"I want my complete hospitalization history","medical_records"
"Can you provide records of my previous physiotherapy sessions?","medical_records"
"Can I get my health check-up records from previous years?","medical_records"
"Can I get my electronic health record exported?","medical_records"
"Not just one test report, I need my complete medical file","medical_records"
"I need all my reports and treatment notes from my previous stays","medical_records"
"I want my entire treatment history, not just the latest result","medical_records"
"Can I get a copy of the discharge summary from my admission two years ago?","medical_records"
"I need my past records for an insurance claim","medical_records"
"Can I get all my past prescriptions and notes in one file?","medical_records"
"I need my old hospital file for my new doctor","medical_records"
"How do I get my medical history printed?","medical_records"
"Can I get my full records sent to another hospital?","medical_records"
"Where is the pharmacy?","pharmacy_query"
"Is this medicine available at your pharmacy?","pharmacy_query"
"Do you deliver medicines?","pharmacy_query"
"Can I buy medicines without a prescription?","pharmacy_query"
"How much does this medicine cost?","pharmacy_query"
"Do you have insulin in stock?","pharmacy_query"
"Can I order medicines online?","pharmacy_query"
"Is there a discount on medicines?","pharmacy_query"
"Do you sell generic medicines?","pharmacy_query"
"Can I return unused medicines?","pharmacy_query"
"Is there a pharmacy inside the hospital?","pharmacy_query"
"Do you have baby formula at the pharmacy?","pharmacy_query"
"Can I pick up my medicines from the pharmacy?","pharmacy_query"
"Is my medicine ready for pickup?","pharmacy_query"
"I need to buy a blood pressure monitor","pharmacy_query"
"Is there a pharmacy near the emergency ward?","pharmacy_query"
"Can someone else collect my medicines?","pharmacy_query"
"Does the pharmacy stock surgical supplies?","pharmacy_query"
"Do you have paracetamol in stock?","pharmacy_query"
"Is this tablet available in your pharmacy?","pharmacy_query"
"Can I check if a medicine is available before I come?","pharmacy_query"
"Does the hospital pharmacy have this antibiotic?","pharmacy_query"
"Is there a generic version of this medicine available?","pharmacy_query"
"Can I get a cheaper alternative brand at the pharmacy?","pharmacy_query"
"What's the price of this medicine?","pharmacy_query"
"How much does a strip of metformin cost?","pharmacy_query"
"Can I buy medicines for a whole month at once?","pharmacy_query"
"Can my medicines be delivered to my house?","pharmacy_query"
"How long does medicine delivery take?","pharmacy_query"
"Is there a delivery charge for medicines?","pharmacy_query"
"Can I order my medicines on WhatsApp?","pharmacy_query"
"Can I order medicines through the hospital app?","pharmacy_query"
"Where is the pharmacy located in the hospital?","pharmacy_query"
"Which floor is the pharmacy on?","pharmacy_query"
"Is there a pharmacy near the OPD?","pharmacy_query"
"Is there a separate pharmacy for inpatients?","pharmacy_query"
"Can I get my discharge medicines from your pharmacy?","pharmacy_query"
"Can I collect medicines for my admitted relative?","pharmacy_query"
"Can my son pick up my medicines?","pharmacy_query"
"Do I need to show ID to collect medicines?","pharmacy_query"
"Can I return medicines that were not used?","pharmacy_query"
"Will I get a refund for returned medicines?","pharmacy_query"
"Can I exchange a medicine I bought by mistake?","pharmacy_query"
"Do you sell over-the-counter medicines?","pharmacy_query"
"Do you sell vitamins and supplements?","pharmacy_query"
"Do you have diabetic supplies like test strips?","pharmacy_query"
"Do you sell glucometers?","pharmacy_query"
"Do you sell nebulizers?","pharmacy_query"
"Can I buy a wheelchair from the pharmacy?","pharmacy_query"
"Do you sell surgical masks and gloves?","pharmacy_query"
"Do you sell baby diapers at the pharmacy?","pharmacy_query"
"Can I buy adult diapers here?","pharmacy_query"
"Do you stock cancer medicines?","pharmacy_query"
"Do you have the vaccine in stock?","pharmacy_query"
"Can I buy insulin pens here?","pharmacy_query"
"Is there any discount on medicines for senior citizens?","pharmacy_query"
"Do you offer a discount on bulk purchase of medicines?","pharmacy_query"
"Can I pay by card at the pharmacy?","pharmacy_query"
"Does the pharmacy take UPI payments?","pharmacy_query"
"The pharmacy gave me the wrong medicine","pharmacy_query"
"I got fewer tablets than I paid for","pharmacy_query"
"The medicine I received is expired","pharmacy_query"
"The pharmacist gave me a different brand, is that okay?","pharmacy_query"
"Can I talk to the pharmacist?","pharmacy_query"
"Is a pharmacist available to answer questions?","pharmacy_query"
"My medicine is out of stock, when will it be available?","pharmacy_query"
"Can you order a medicine that you don't have?","pharmacy_query"
"Can you reserve a medicine for me?","pharmacy_query"
"Do you keep imported medicines?","pharmacy_query"
"pharmacy near me in hospital?","pharmacy_query"
"is ther a chemist inside","pharmacy_query"
"medicine avlbl?","pharmacy_query"
"do u deliver medicnes","pharmacy_query"
"Where can I buy my medicines after the consultation?","pharmacy_query"
"Is there a medical shop in the hospital?","pharmacy_query"
"Where is the chemist?","pharmacy_query"
"Is there a pharmacy at the emergency side?","pharmacy_query"
"Can I buy medicines without seeing a doctor here?","pharmacy_query"
"Can I buy medicines with a prescription from another hospital?","pharmacy_query"
"Do you accept prescriptions from outside doctors at the pharmacy?","pharmacy_query"
"Can I get my regular medicines refilled at the pharmacy every month?","pharmacy_query"
"Do you have an auto-refill delivery service?","pharmacy_query"
"Do you provide medicine reminders with home delivery?","pharmacy_query"
"How do I store the medicine I bought?","pharmacy_query"
"Does the pharmacy sell ayurvedic products?","pharmacy_query"
"Can I buy a thermometer here?","pharmacy_query"
"Do you sell blood pressure machines?","pharmacy_query"
"Do you have crutches for sale?","pharmacy_query"
"Can I rent medical equipment from the pharmacy?","pharmacy_query"
"Do you have an oxygen cylinder for home use?","pharmacy_query"
"Do you sell compression stockings?","pharmacy_query"
"Can I buy eye drops here?","pharmacy_query"
"Do you sell hearing aid batteries?","pharmacy_query"
"Is the pharmacy bill separate from the hospital bill?","pharmacy_query"
"Can I get a GST bill from the pharmacy?","pharmacy_query"
"I need a bill for the medicines I bought","pharmacy_query"
"Can I get a list of medicine prices?","pharmacy_query"
"How do I know if my medicine is genuine?","pharmacy_query"
"Can I buy medicine for my pet here?","pharmacy_query"
"Can I place a pharmacy order for pickup?","pharmacy_query"
"Is my pharmacy order ready?","pharmacy_query"
"Has my medicine order been dispatched?","pharmacy_query"
"My medicine delivery hasn't arrived","pharmacy_query"
"Can I track my medicine delivery?","pharmacy_query"
"Do you have a cold chain for injections I'm buying?","pharmacy_query"
"Can I buy my chemotherapy drugs at the hospital pharmacy?","pharmacy_query"
"Is the medicine I need a controlled drug that needs special approval?","pharmacy_query"
"Do you stock the syrup for children?","pharmacy_query"
"Can I buy the injection here and get it administered at the clinic?","pharmacy_query"
"Can I get my medicines packed in daily doses?","pharmacy_query"
"Do you sell first aid kits?","pharmacy_query"
"Hi, is this medicine in stock?","pharmacy_query"
"I already have the prescription, I just want to buy the medicines","pharmacy_query"
"I have the doctor's prescription, where can I buy the tablets?","pharmacy_query"
"Not a new prescription, I just need to pick up my medicines","pharmacy_query"
"Can I buy the medicines on my prescription at your pharmacy?","pharmacy_query"
"Does the pharmacy have the medicine my doctor prescribed?","pharmacy_query"
"I need to buy the injection the doctor prescribed","pharmacy_query"
"Can I get these medicines delivered to my home?","pharmacy_query"
"How much will the prescribed medicines cost at the pharmacy?","pharmacy_query"
"Is the pharmacy inside the main building?","pharmacy_query"
"I need a refill of my prescription","prescription_query"
"Can my doctor renew my prescription?","prescription_query"
"I lost my prescription","prescription_query"
"Can you send my prescription to the pharmacy?","prescription_query"
"I can't read my doctor's prescription","prescription_query"
"My prescription has expired","prescription_query"
"Can I get a digital copy of my prescription?","prescription_query"
"I need a new prescription for my blood pressure medicine","prescription_query"
"Is my prescription ready?","prescription_query"
"The prescription has the wrong dosage written","prescription_query"
"Can the doctor change my prescription?","prescription_query"
"How do I get a repeat prescription?","prescription_query"
"My prescription is missing a medicine","prescription_query"
"Can I get my prescription without visiting?","prescription_query"
"Who can I ask about my prescription?","prescription_query"
"I need a prescription for my insulin","prescription_query"
"Can a nurse renew my prescription?","prescription_query"
"How long is a prescription valid?","prescription_query"
"I want to discuss side effects of the medicine I was prescribed","prescription_query"
"Can you email my prescription?","prescription_query"
"Can my doctor send a new prescription for my thyroid tablets?","prescription_query"
"I'm running out of my medicine, how do I get my prescription renewed?","prescription_query"
"My prescription ran out, can it be extended?","prescription_query"
"Can I get a repeat prescription without seeing the doctor again?","prescription_query"
"Do I need an appointment to renew my prescription?","prescription_query"
"Can the doctor renew my prescription over a teleconsultation?","prescription_query"
"I need my prescription updated with the new dose the doctor mentioned","prescription_query"
"The doctor forgot to write one medicine on my prescription","prescription_query"
"My prescription has a spelling mistake in the medicine name","prescription_query"
"The prescription doesn't mention how many days to take the tablets","prescription_query"
"The dosage instructions on my prescription are unclear","prescription_query"
"I can't understand the handwriting on my prescription","prescription_query"
"What does BD mean on my prescription?","prescription_query"
"What does ""1-0-1"" on my prescription mean?","prescription_query"
"Can someone explain the instructions on my prescription?","prescription_query"
"I need a printed copy of my prescription","prescription_query"
"Can I get my prescription on WhatsApp?","prescription_query"
"Can you send my prescription to my email?","prescription_query"
"Where can I see my e-prescription?","prescription_query"
"I didn't receive my e-prescription after the online consultation","prescription_query"
"Can my prescription be sent directly to the pharmacy?","prescription_query"
"Can you send my prescription to an outside pharmacy?","prescription_query"
"I lost the prescription the doctor gave me yesterday","prescription_query"
"Can I get a duplicate prescription?","prescription_query"
"I need a prescription for my travel so customs allows my medicines","prescription_query"
"Can I get a prescription letter for carrying medicines abroad?","prescription_query"
"Can I get a prescription for a longer duration?","prescription_query"
"Can the doctor prescribe three months of medicine at once?","prescription_query"
"Is my old prescription still valid?","prescription_query"
"How long is my prescription good for?","prescription_query"
"Can I use last year's prescription to buy medicines?","prescription_query"
"Can I get my prescription changed to a generic medicine?","prescription_query"
"Can the doctor change my prescription to a cheaper brand?","prescription_query"
"I'm having side effects, can I get my prescription reviewed?","prescription_query"
"The prescribed medicine isn't suiting me, who should I talk to about changing it?","prescription_query"
"I'm allergic to one of the medicines on my prescription","prescription_query"
"Can the doctor check if my prescriptions interact with each other?","prescription_query"
"I'm taking medicines from two doctors, can someone review my prescriptions?","prescription_query"
"Can I get a prescription for my regular BP tablets?","prescription_query"
"I need a prescription for my child's inhaler","prescription_query"
"My son's prescription needs to be renewed","prescription_query"
"I need a new prescription for my insulin pens","prescription_query"
"Can a nurse practitioner write my prescription?","prescription_query"
"Who can authorize a prescription refill?","prescription_query"
"Has my doctor approved my refill request?","prescription_query"
"I requested a refill, what's the status?","prescription_query"
"How long does a prescription refill request take?","prescription_query"
"Can you check if my prescription has been sent?","prescription_query"
"My pharmacy says they never got my prescription","prescription_query"
"The pharmacy says my prescription is incomplete","prescription_query"
"The pharmacist said the prescription needs a doctor's signature","prescription_query"
"My prescription is missing the doctor's stamp","prescription_query"
"My prescription has the wrong patient name","prescription_query"
"The prescription has the wrong date","prescription_query"
"The prescribed strength isn't available, can the doctor change the prescription?","prescription_query"
"Can I get a prescription without a physical visit?","prescription_query"
"Can I get an online prescription?","prescription_query"
"Can you renew the prescription for my mother?","prescription_query"
"presciption refill pls","prescription_query"
"need my prescripton renewed","prescription_query"
"lost my prescrption","prescription_query"
"how to get new prescription","prescription_query"
"Can I get a copy of the prescription from my last visit?","prescription_query"
"Can I get the prescription the doctor gave at discharge again?","prescription_query"
"Can my prescription include refills?","prescription_query"
"Can I get a prescription for physiotherapy?","prescription_query"
"Does a prescription need to be renewed every month?","prescription_query"
"Can my GP's prescription be honoured here?","prescription_query"
"I want my prescription reviewed before my surgery","prescription_query"
"I want to discuss stopping one of my prescribed medicines with the doctor","prescription_query"
"Can the doctor reduce the dose on my prescription?","prescription_query"
"The doctor said to taper my dose, but the prescription doesn't say how","prescription_query"
"I need a prescription for diabetic test strips","prescription_query"
"Can I get a prescription for a nebulizer?","prescription_query"
"Do I need a prescription for antibiotics?","prescription_query"
"I need a written prescription for my eye drops","prescription_query"
"Can I get my glasses prescription?","prescription_query"
"I need my spectacle prescription copy","prescription_query"
"Can I get a prescription in digital format with a QR code?","prescription_query"
"Can the doctor send the prescription to my insurer?","prescription_query"
"Is a prescription required for this injection?","prescription_query"
"Who should I contact about an error in my prescription?","prescription_query"
"Can I get my prescription translated?","prescription_query"
"Can I request a prescription refill through the app?","prescription_query"
"My prescription ran out and the doctor is on leave, what can I do?","prescription_query"
"Can another doctor in the department renew my prescription?","prescription_query"
"The prescription says take after food but the pharmacist said before, which is right?","prescription_query"
"Can the doctor clarify how long I should continue this medicine?","prescription_query"
"I'd like my prescription adjusted, the current dose makes me drowsy","prescription_query"
"Hi, I need my prescription renewed","prescription_query"
"I don't want to buy anything, I need the doctor to write a new prescription","prescription_query"
"Not the pharmacy, I need a copy of the prescription itself","prescription_query"
"The pharmacy needs a valid prescription, can the doctor issue one?","prescription_query"
"Can the doctor write a prescription for my monthly medicines?","prescription_query"
"I need a fresh prescription before I can buy my medicines","prescription_query"
"Can my prescription be renewed for another month?","prescription_query"
"Can I get a refill authorized by my doctor?","prescription_query"
"Is my new prescription ready to collect?","prescription_query"
"Can the doctor review my current prescription?","prescription_query"
"Who can give me a prescription for my regular medicines?","prescription_query"
"Can you resend my prescription?","prescription_query"
"Thank you","thank_you"
"Thanks a lot","thank_you"
"Thank you so much","thank_you"
"Thanks for your help","thank_you"
"I appreciate it","thank_you"
"Many thanks","thank_you"
"Thanks, that was helpful","thank_you"
"Great, thank you","thank_you"
"Thank you for the information","thank_you"
"Thanks!","thank_you"
"Much appreciated","thank_you"
"Thank you very much","thank_you"
"Thanks a ton","thank_you"
"I'm grateful for your help","thank_you"
"Thank you for booking it","thank_you"
"Thx","thank_you"
"Thanks for clearing that up","thank_you"
"You've been very helpful, thanks","thank_you"
"Cheers","thank_you"
"Thanks for your patience","thank_you"
"Thank you, that's very kind","thank_you"
"Thanks so much for the help","thank_you"
"Thanks a million","thank_you"
"Thank you kindly","thank_you"
"Thanks heaps","thank_you"
"Thanks loads","thank_you"
"Thanks, really appreciate it","thank_you"
"Really appreciate your help","thank_you"
"I really appreciate this","thank_you"
"I appreciate the quick response","thank_you"
"Thanks for the quick reply","thank_you"
"Thanks for being so patient with me","thank_you"
"Thank you for your time","thank_you"
"Thanks for your time today","thank_you"
"Thank you for explaining","thank_you"
"Thanks for explaining it so clearly","thank_you"
"Thanks for the details","thank_you"
"Thank you for the update","thank_you"
"Thanks for letting me know","thank_you"
"Thanks for confirming","thank_you"
"Thanks for checking","thank_you"
"Thank you for checking on that","thank_you"
"That helps, thanks","thank_you"
"That's helpful, thank you","thank_you"
"That was really useful, thanks","thank_you"
"Perfect, thanks","thank_you"
"Awesome, thanks!","thank_you"
"Great, thanks a lot","thank_you"
"Wonderful, thank you","thank_you"
"Excellent, thank you so much","thank_you"
"Okay thanks","thank_you"
"Ok thank you","thank_you"
"ok thx","thank_you"
"ty","thank_you"
"tysm","thank_you"
"thnx","thank_you"
"thanx a lot","thank_you"
"thank u","thank_you"
"Tq","thank_you"
"Thank you very much for the information","thank_you"
"Thanks for the info","thank_you"
"Thank you for helping my mother","thank_you"
"Thank you for helping my family","thank_you"
"Thank you for taking care of my father","thank_you"
"Thank you for your kindness","thank_you"
"Thank you, you've been a great help","thank_you"
"You've been a lifesaver, thank you","thank_you"
"You're the best, thanks","thank_you"
"Bless you, thank you","thank_you"
"God bless you for helping","thank_you"
"I'm so grateful, thank you","thank_you"
"A big thank you","thank_you"
"Thank you, everything is clear now","thank_you"
"Thanks, that answers my question","thank_you"
"Thanks, that's exactly what I needed","thank_you"
"Thanks, that solved my problem","thank_you"
"Thanks, I'll do that","thank_you"
"Thanks, I'll follow those steps","thank_you"
"Thank you, I understand now","thank_you"
"Thanks for sorting that out","thank_you"
"Thanks for arranging everything","thank_you"
"Thanks for the support","thank_you"
"Thanks for the assistance","thank_you"
"Thank you for the assistance","thank_you"
"Thank you for your guidance","thank_you"
"Thanks for guiding me","thank_you"
"Thanks for the help with the booking","thank_you"
"Thank you for cancelling it for me","thank_you"
"Thanks for moving my appointment","thank_you"
"Thanks for the reminder","thank_you"
"Thanks, you've been very kind","thank_you"
"Thanks a bunch","thank_you"
"Thank you, I'm relieved","thank_you"
"Thank you so much, that's a relief","thank_you"
"Thank you for being so helpful","thank_you"
"Thanks for responding so fast","thank_you"
"Thank you for answering my questions","thank_you"
"Thank you doctor","thank_you"
"Thank you nurse","thank_you"
"Thanks to the whole team","thank_you"
"Please thank the staff for me","thank_you"
"I want to thank the hospital staff","thank_you"
"My thanks to everyone who helped","thank_you"
"Shukriya","thank_you"
"Dhanyavaad","thank_you"
"Nandri","thank_you"
"Gracias","thank_you"
"Merci","thank_you"
"Thanks for the excellent service","thank_you"
"Much obliged","thank_you"
"I owe you one, thanks","thank_you"
"Cheers mate","thank_you"
"Cheers for that","thank_you"
"Thanks for helping me book the appointment","thank_you"
"Thank you for finding the right doctor for me","thank_you"
"Thanks for the information about the bill","thank_you"
"Thanks for telling me the visiting hours","thank_you"
"Thanks, that's all the help I needed with my reports","thank_you"
"Thank you for explaining the discharge process","thank_you"
"Thanks for the insurance details","thank_you"
"Thank you, the directions were very helpful","thank_you"
"Thanks for your quick help with my prescription","thank_you"
"Thank you for your help today","thank_you"
"Thanks for being so kind to my family","thank_you"
