"text","intent"
"Hi, help please","greeting"
"I'll see you at the clinic","goodbye"
"I need my immunization history","medical_records"
"Can I get my health check-up records from previous years?","medical_records"
"Can you delay my appointment until I get back from my trip?","appointment_rescheduling"
"Exit","goodbye"
"Thanks so much for the help","thank_you"
"I want to defer my appointment by two weeks","appointment_rescheduling"
"I'm waiting for my ECG and blood reports from this morning","lab_reports"
"Please move my orthopaedic appointment to a later time","appointment_rescheduling"
"What details will be asked during admission?","admission_query"
"Please void my appointment for Thursday","appointment_cancellation"
"What does a general check-up cost?","billing_query"
"How do I book an appointment for a CT scan?","appointment_booking"
"Are there water coolers on each floor?","facility_information"
"Do I need insurance clearance before I can be discharged?","discharge_query"
"I need a refund for the unused advance deposit","billing_query"
"Is there a waiting room for family during surgery?","facility_information"
"Are vaccinations covered under my health insurance?","insurance_query"
"Hi, I hope I'm not disturbing","greeting"
"I would like to request an appointment for my elderly father","appointment_booking"
"Where can I leave a review or suggestion?","contact_information"
"Do you sell hearing aid batteries?","pharmacy_query"
"What's the discharge time on the day of leaving?","discharge_query"
"What is the consultation charge for a cardiologist?","billing_query"
"Is there a food court in the hospital?","facility_information"
"Where should I post documents?","contact_information"
"I want to update my personal details in my records","medical_records"
"My wife's water broke and the baby is coming","emergency_assistance"
"I won't be coming, please cancel","appointment_cancellation"
"Can my medical records be deleted?","medical_records"
"I want a second opinion from another cardiologist","doctor_search"
"Gracias","thank_you"
"What are the pharmacy hours?","hospital_timings"
"Is there a heart centre in this hospital?","department_information"
"I have to go now","goodbye"
"Can I fill the admission paperwork before arriving?","admission_query"
"I want to make a booking for a dental cleaning","appointment_booking"
"I can't read my doctor's prescription","prescription_query"
"Please shift my son's appointment to after school hours","appointment_rescheduling"
"What are the timings for collecting reports?","hospital_timings"
"My surgery is scheduled, when do I need to get admitted?","admission_query"
"I'd like to withdraw from tomorrow's appointment","appointment_cancellation"
"Which TPAs are empanelled with you?","insurance_query"
"I'll leave now","goodbye"
"When is the vaccination clinic open?","hospital_timings"
"Can my doctor see my test results directly?","lab_reports"
"Vanakkam","greeting"
"Can I get my test results on WhatsApp?","lab_reports"
"I want to cancle my appointment","appointment_cancellation"
"List the ENT doctors","doctor_search"
"My son's allergy test report, is it ready?","lab_reports"
"Is there a breastfeeding room?","facility_information"
"I want to discuss side effects of the medicine I was prescribed","prescription_query"
"Thanks for helping me book the appointment","thank_you"
"What will I have to pay myself since I don't have insurance?","billing_query"
"Can I get a copy of my old prescriptions from my file?","medical_records"
"How late is the outpatient pharmacy open?","hospital_timings"
"Are the pathology results back from the outside lab?","lab_reports"
"Can I get the extension for the ICU nurses' station?","contact_information"
"What personal items can I bring when I'm admitted?","admission_query"
"Remove the duplicate appointment I made","appointment_cancellation"
"Is there an ophthalmology department?","department_information"
"Which landmark is the hospital near?","contact_information"
"What are the weekend hours for the lab?","hospital_timings"
"I won't be able to make it at all, please cancel","appointment_cancellation"
"There's a fire and people are injured","emergency_assistance"
"Is Ayushman Bharat accepted at this hospital?","insurance_query"
"Thanks a ton","thank_you"
"Can I get a wheelchair to the car at discharge?","discharge_query"
"Which departments are available at the city branch?","department_information"
"Delay my appointment by two days","appointment_rescheduling"
"I want a summary of all my diagnoses on file","medical_records"
"I have a question about my bill","billing_query"
"Give me a list of all departments","department_information"
"What's the earliest available appointment with the skin doctor?","appointment_booking"
"Nothing else needed, goodbye","goodbye"
"Is there a guest house for relatives?","facility_information"
"Excellent, thank you so much","thank_you"
"Looking for a bone doctor","doctor_search"
"Do you have diabetic supplies like test strips?","pharmacy_query"
"Please correct my name in my medical file","medical_records"
"Will the doctor see me before discharge?","discharge_query"
"Can I get the contact for the insurance coordinator?","contact_information"
"Do you sell surgical masks and gloves?","pharmacy_query"
"The pharmacy says my prescription is incomplete","prescription_query"
"Do you have a customer care number?","contact_information"
"Is there disabled parking near the entrance?","facility_information"
"When will the semen analysis report be ready?","lab_reports"
"bbye","goodbye"
"Is robotic surgery covered by insurance?","insurance_query"
"What is the price of an MRI with contrast?","billing_query"
"Merci","thank_you"
"Can the doctor clarify how long I should continue this medicine?","prescription_query"
"Is the insurance claim approved for my father's surgery?","insurance_query"
"Is this hospital on the network list of my insurer?","insurance_query"
"Can more than one attendant stay with the patient?","facility_information"
"Is there a temple or meditation room?","facility_information"
"Do you have a psychiatry ward?","department_information"
"Can I pay by UPI?","billing_query"
"My policy is from abroad, do you accept international insurance?","insurance_query"
"How long does a biopsy report take?","lab_reports"
"Is there a cardiac ICU?","department_information"
"Who do I complain to if I'm unhappy with the treatment?","contact_information"
"Is there a paediatric surgery department?","department_information"
"Thanks for the excellent service","thank_you"
"Hi, how's your day?","greeting"
"Do you have a bariatric surgery unit?","department_information"
"Why is my insurer asking for my previous medical records?","insurance_query"
"Do you have a PET-CT scan facility?","department_information"
"I'm having a severe allergic reaction","emergency_assistance"
"Do I need to call to cancel or can I do it online?","appointment_cancellation"
"What paperwork is needed at discharge?","discharge_query"
"Can I get a bill for my tax filing?","billing_query"
"Is there a hotline for appointment changes?","contact_information"
"I need attested medical records for a court case","medical_records"
"I'd like to cancel the follow-up I had booked for my wife","appointment_cancellation"
"I want to check my sugar test report","lab_reports"
"Cancel my consultation, I'm going to my family doctor instead","appointment_cancellation"
"I'd like to cancel the appointment, I'll book again later if needed","appointment_cancellation"
"Can I stop my family from seeing my records?","medical_records"
"Wat does the ortho dept do","department_information"
"I need to move my appointment because my child is sick","appointment_rescheduling"
"documents for admisson","admission_query"
"Can someone else collect my lab report for me?","lab_reports"
"Thanks for your patience","thank_you"
"The name on my lab report is spelled wrong","lab_reports"
"How can I contact the doctor's secretary?","contact_information"
"Can the doctor change my prescription to a cheaper brand?","prescription_query"
"Hello, I need assistance","greeting"
"Do you provide a porter to help patients move around?","facility_information"
"Before I pay, can you check if my insurance covers this procedure?","insurance_query"
"Is smoking allowed anywhere on campus?","facility_information"
"I want to change the date of my MRI scan","appointment_rescheduling"
"Thanks for arranging everything","thank_you"
"I no longer require the appointment I booked with the cardiologist","appointment_cancellation"
"Can I be admitted under my company's tie-up?","admission_query"
"My existing appointment is too far away, can I get an earlier one?","appointment_rescheduling"
"What time does the dental clinic open?","hospital_timings"
"I'd like to get admitted for a full medical evaluation","admission_query"
"Can I choose the hospital branch for my admission?","admission_query"
"Has the genetic test result come back?","lab_reports"
"How do I get in touch with your team?","contact_information"
"Thanks for your time today","thank_you"
"How much will a knee replacement cost me?","billing_query"
"Why is my bill so high?","billing_query"
"Is there a payment link you can send?","billing_query"
"Do you have crutches for sale?","pharmacy_query"
"Can I cancel my vaccination slot?","appointment_cancellation"
"Is there a dental and maxillofacial department?","department_information"
"Hey, good day to you","greeting"
"How do I confirm my admission date?","admission_query"
"Is there a fee for photocopying my file?","medical_records"
"My insurance limit is exhausted, what now?","insurance_query"
"What time does the hospital open for walk-in patients?","hospital_timings"
"Does the hospital have an oncology wing?","department_information"
"Thanks for letting me know","thank_you"
"Talk to you later","goodbye"
"Will the nurse go over the discharge instructions?","discharge_query"
"Do you need a doctor's admission note?","admission_query"
"Can I see my urine test report online?","lab_reports"
"Is discharge possible on a Sunday?","discharge_query"
"I want to cancel my MRI booking","appointment_cancellation"
"Please send me a copy of my receipt by email","billing_query"
"I had an ECG done this morning, where can I get the report?","lab_reports"
"I don't have an appointment yet. Can I book one?","appointment_booking"
"Where is the cashier?","billing_query"
"Hello, how's it going?","greeting"
"Has anyone accessed my records without permission?","medical_records"
"Is cashless hospitalization available here?","insurance_query"
"I wish to schedule a consultation regarding my sleep problems","appointment_booking"
"Are there charging points for phones?","facility_information"
"My last appointment is over, now I need a fresh one for next month","appointment_booking"
"Is there a lunch break for the OPD?","hospital_timings"
"Do I collect the discharge medicines from the pharmacy myself?","discharge_query"
"Thanks heaps","thank_you"
"Which floor is the orthopedic department on?","department_information"
"Can I get my baby's birth notes?","medical_records"
"What are the NICU visiting times for parents?","hospital_timings"
"I want to know about reimbursement","insurance_query"
"Can a foreigner be admitted here?","admission_query"
"What documents do I need to collect a deceased relative's records?","medical_records"
"I want to adjust the time of my appointment","appointment_rescheduling"
"Can I get the bill amount reduced?","billing_query"
"See you soon","goodbye"
"Is there parking at the hospital?","facility_information"
"Shift my booking to the weekend please","appointment_rescheduling"
"I want to withdraw my appointment request","appointment_cancellation"
"Adios","goodbye"
"Is there a currency exchange counter for foreign patients?","facility_information"
"Thanks for explaining it so clearly","thank_you"
"Do you need a guardian present for admitting an elderly patient?","admission_query"
"I need my X-ray report","lab_reports"
"Is the insurance approval done before or after surgery?","insurance_query"
"Thanks, that's exactly what I needed","thank_you"
"My father had a heart attack before and now the pain is back","emergency_assistance"
"Hello madam","greeting"
"Can I be admitted for physiotherapy rehabilitation?","admission_query"
"I already have the prescription, I just want to buy the medicines","pharmacy_query"
"Can I change my appointment time?","appointment_rescheduling"
"Is the pharmacy open 24 hours?","hospital_timings"
"Do you have a vascular surgeon?","doctor_search"
"I can come in later in the day, can my appointment be adjusted?","appointment_rescheduling"
"Do I need to clear the bill before discharge?","discharge_query"
"Thanks a bunch","thank_you"
"Has the lab finished my sample analysis?","lab_reports"
"I want to schedule a follow up with the doctor who operated on me","appointment_booking"
"Do you have a cosmetic surgery wing?","department_information"
"I'm looking for a plastic surgeon","doctor_search"
"Until what time can I come for a walk-in consultation?","hospital_timings"
"Can I reschedule my appointment through WhatsApp?","appointment_rescheduling"
"What number do I call to check on an admitted patient?","contact_information"
"Yo","greeting"
"Do you have a prayer room?","facility_information"
"Not the bill amount, I want to know if insurance will cover it","insurance_query"
"My claim is still pending, can you check?","insurance_query"
"Do you have a respiratory care unit?","department_information"
"Can I rent medical equipment from the pharmacy?","pharmacy_query"
"I want to know which days Dr. Pillai sees patients","doctor_search"
"I appreciate it","thank_you"
"How long does a prescription refill request take?","prescription_query"
"is there a dentist on staff","doctor_search"
"Talk soon","goodbye"
"Is there an ATM on campus?","facility_information"
"Okay bye, I'll call the reception if needed","goodbye"
"I need an estimate for surgery costs","billing_query"
"Thanks, that's all the help I needed with my reports","thank_you"
"whats the fees for consultation","billing_query"
"When can I visit a patient in the ward?","hospital_timings"
"Can I get admitted in the morning and have surgery in the afternoon?","admission_query"
"Will physiotherapy continue after discharge?","discharge_query"
"I'm stuck at work, can my appointment be postponed to the evening?","appointment_rescheduling"
"Can you get me in to see a pediatrician this week?","appointment_booking"
"Is there a contact for international patients?","contact_information"
"Someone has collapsed and is not breathing","emergency_assistance"
"Can you resend my prescription?","prescription_query"
"Is there an earlier date than the one I have booked?","appointment_rescheduling"
"When is the admission desk open?","hospital_timings"
"Does my policy cover the room charges?","insurance_query"
"My wife is in labour and the pain is severe","emergency_assistance"
"Who arranges equipment for home after discharge?","discharge_query"
"Namaskar","greeting"
"wifi availble?","facility_information"
"Hello hospital","greeting"
"Need to schedule a check-up before I travel abroad","appointment_booking"
"Can someone else cancel my appointment on my behalf?","appointment_cancellation"
"ty","thank_you"
"Emergency! Please help","emergency_assistance"
"The dosage instructions on my prescription are unclear","prescription_query"
"Do you charge extra on weekends?","billing_query"
"Where can I pick up my ECG report?","lab_reports"
"Why is my report taking so long?","lab_reports"
"Is there a lost and found?","facility_information"
"Send an ambulance to my house","emergency_assistance"
"How much do I owe?","billing_query"
"Is there a waiting area for families?","facility_information"
"This is an emergency","emergency_assistance"
"Who should I consult for kidney stones?","doctor_search"
"I'd like to know the names of your cardiologists","doctor_search"
"I'd like to cancel today's OPD token","appointment_cancellation"
"Okay thanks","thank_you"
"What is the claim intimation process?","insurance_query"
"Are day-care procedures covered under insurance?","insurance_query"
"I need an ambulance right now","emergency_assistance"
"Is there an orthopaedics and joint replacement centre?","department_information"
"Is the OPD open on Sundays?","hospital_timings"
"Can I complete admission at the emergency desk?","admission_query"
"The doctor forgot to write one medicine on my prescription","prescription_query"
"Can I cancel just one of my two appointments?","appointment_cancellation"
"Can I be admitted for observation?","admission_query"
"How do I get a repeat prescription?","prescription_query"
"How can I reach the administration office?","contact_information"
"What's the number for the ambulance desk?","contact_information"
"What's the earliest time I can come in for a blood test?","hospital_timings"
"What is the total amount I need to pay before discharge?","billing_query"
"Thanks a million","thank_you"
"I'll see you at the follow-up, bye","goodbye"
"Can I pay online through your website?","billing_query"
"Do you have a hepatologist?","doctor_search"
"Tell me about your ENT services","department_information"
"Can I get an interim bill while still admitted?","billing_query"
"When does the canteen close?","hospital_timings"
"How do I get in touch with the patient relations team?","contact_information"
"When is the medical records office open for collection?","hospital_timings"
"Can you schedule me with the same doctor I saw last year?","appointment_booking"
"I'm bleeding and feeling weak","emergency_assistance"
"Is there a haematology department?","department_information"
"I owe you one, thanks","thank_you"
"Thank you so much, that's a relief","thank_you"
"My refund hasn't been credited yet","billing_query"
"Do you sell generic medicines?","pharmacy_query"
"Cancel the consultation booked for my daughter and don't reschedule","appointment_cancellation"
"Cancel all my upcoming appointments","appointment_cancellation"
"Which doctor should I go to for chronic headaches?","doctor_search"
"I booked a video call with the doctor but want to cancel it","appointment_cancellation"
"how much is the bill","billing_query"
"I need help with an insurance claim for my recent admission","insurance_query"
"Can I see my bill online before paying?","billing_query"
"Can I get all my past prescriptions and notes in one file?","medical_records"
"How fast can an ambulance get here?","emergency_assistance"
"is there parkng","facility_information"
"My report shows another patient's name","lab_reports"
"Where is the TPA desk?","insurance_query"
"Can you take me off the schedule for tomorrow?","appointment_cancellation"
"What procedures does the cardiology unit do?","department_information"
"Can I get my medical records on a pen drive?","medical_records"
"Can you reserve a medicine for me?","pharmacy_query"
"I'm moving abroad and need my full medical history","medical_records"
"My appointment needs to be rescheduled due to bad weather","appointment_rescheduling"
"Help me please, I'm in a lot of pain","emergency_assistance"
"How long can one visitor stay during visiting time?","hospital_timings"
"When will my newborn be discharged from the NICU?","discharge_query"
"Is home care available after discharge?","discharge_query"
"Can I get an online prescription?","prescription_query"
"hiii there","greeting"
"Where can I book a consultation?","appointment_booking"
"Who are the doctors in the oncology department?","doctor_search"
"Is the hospital working today, it's a holiday?","hospital_timings"
"Can someone explain the miscellaneous charges?","billing_query"
"Can I change my teleconsultation to an in-person visit on another day?","appointment_rescheduling"
"Can I get a prescription for physiotherapy?","prescription_query"
"What time are doctor rounds in the ward?","hospital_timings"
"How much do you charge for a home visit?","billing_query"
"Who do I consult for allergies?","doctor_search"
"I'd like to give feedback about my experience","contact_information"
"I'm coughing up blood","emergency_assistance"
"What are the hours of the patient relations office?","hospital_timings"
"Is there an ENT specialist who can see my son?","doctor_search"
"I lost the hospital number, can you give it again?","contact_information"
"I want to know if there's a heart specialist free this afternoon","doctor_search"
"Can I get a preliminary report while the final one is pending?","lab_reports"
"Is there a pediatrics wing?","department_information"
"I want an additional appointment, keep my existing one as it is","appointment_booking"
"pls suggest a doc for joint pain","doctor_search"
"What's the Wi-Fi password for visitors?","facility_information"
"Why does my bill show a charge that insurance didn't cover?","billing_query"
"Ok, bye then","goodbye"
"Not the department, I want to know which specialist to see","doctor_search"
"Where is the neurology OPD?","department_information"
"Can the insurance desk help me fill the claim form?","insurance_query"
"Can you tell me about Dr. Reddy's experience?","doctor_search"
"Can I cancel my appointment without being charged?","appointment_cancellation"
"Do I need my ID card for admission?","admission_query"
"I want to cancel my appointment for personal reasons","appointment_cancellation"
"Does the private room have a TV?","facility_information"
"Can I be transferred to another hospital instead of being discharged home?","discharge_query"
"Do you have a dietitian or nutrition expert?","doctor_search"
"What are your social media pages?","contact_information"
"Take it easy","goodbye"
"Does the pharmacy take UPI payments?","pharmacy_query"
"Can I get a prescription for a nebulizer?","prescription_query"
"Where do I pay the consultation fee?","billing_query"
"What is your cancellation policy?","appointment_cancellation"
"How is discharge handled for insurance patients?","discharge_query"
"I need to reach the social worker","contact_information"
"What are the operating hours of the blood bank?","hospital_timings"
"Can the doctor renew my prescription over a teleconsultation?","prescription_query"
"Can I get the phone number for the lab?","contact_information"
"How do I get my case sheet?","medical_records"
"What should I do if I feel unwell after discharge?","discharge_query"
"Hello everyone","greeting"
"Is there a neonatal intensive care unit?","department_information"
"Thanks for telling me the visiting hours","thank_you"
"What are the timings to visit a patient after admission?","hospital_timings"
"My doctor is on leave on my appointment day, can you move it?","appointment_rescheduling"
"Will I get an attendant pass on admission?","admission_query"
"Can my medicines be delivered to my house?","pharmacy_query"
"That was really useful, thanks","thank_you"
"Is there a children's play area?","facility_information"
"Can a relative sign the consent forms at admission?","admission_query"
"I'd like to schedule a consultation with a cardiologist next week","appointment_booking"
"I need to reschedule my appointment","appointment_rescheduling"
"Can I get a copy of the discharge summary from my admission two years ago?","medical_records"
"I want to move my appointment instead of cancelling it","appointment_rescheduling"
"Could you help me arrange a visit with the gastroenterology team?","appointment_booking"
"Which doctors are on duty today in general medicine?","doctor_search"
"I'd like to set up my first visit with the endocrinology clinic","appointment_booking"
"Can the doctor change my prescription?","prescription_query"
"Thanks to the whole team","thank_you"
"Are there any doctors who speak Tamil?","doctor_search"
"Is there a separate discharge lounge?","discharge_query"
"Is my discharge confirmed for today?","discharge_query"
"I've burned my arm badly with boiling water","emergency_assistance"
"I need a fresh prescription before I can buy my medicines","prescription_query"
"Is there a kids' corner?","facility_information"
"Hello, how may I start?","greeting"
"Could you book a slot with Dr. Fernandes for next Tuesday?","appointment_booking"
"I'll message again tomorrow","goodbye"
"When will my CBC report come?","lab_reports"
"I need an emergency doctor now","emergency_assistance"
"med records copy","medical_records"
"Which gate do I use for the emergency department?","emergency_assistance"
"How do I get directions to the hospital?","contact_information"
"What is not covered by insurance at this hospital?","insurance_query"
"Do you have an elevator?","facility_information"
"Is there a vascular surgery department?","department_information"
"Can I get certified copies of my medical records?","medical_records"
"Is there an occupational therapy unit?","department_information"
"Bye for now","goodbye"
"When will my blood work results be ready?","lab_reports"
"Is there a generic version of this medicine available?","pharmacy_query"
"Can I stay a few extra hours after discharge?","discharge_query"
"Someone is unconscious and not breathing, help","emergency_assistance"
"Do you take mediclaim policies?","insurance_query"
"That's all regarding my bill, goodbye","goodbye"
"Can I get the doctor's consultation notes from my visits?","medical_records"
"help help my dad cant breathe","emergency_assistance"
"Where is the ICU located?","department_information"
"Can I get my records for a visa application?","medical_records"
"What hours does the medical records office work?","hospital_timings"
"Cancel my booking, the issue has resolved on its own","appointment_cancellation"
"What happens if I don't show up instead of cancelling?","appointment_cancellation"
"What documents are needed for insurance?","insurance_query"
"Can I buy insulin pens here?","pharmacy_query"
"Is there a place for attendants to sleep?","facility_information"
"I want to book an appointment, how much notice do you need?","appointment_booking"
"Sat Sri Akal","greeting"
"What facilities does the radiology department have?","department_information"
"Hi, I need to cancel my appointment for tomorrow","appointment_cancellation"
"Can I book a slot without creating an account?","appointment_booking"
"How do I contact the appointment desk?","contact_information"
"Hi, are you a bot?","greeting"
"Please thank the staff for me","thank_you"
"I want my old hospital records","medical_records"
"Can my report be couriered to my home?","lab_reports"
"Change my appointment from Tuesday the 3rd to Thursday the 5th","appointment_rescheduling"
"I won't need the consultation after all, can you cancel?","appointment_cancellation"
"Is a pharmacist available to answer questions?","pharmacy_query"
"Postpone my dental appointment to next month please","appointment_rescheduling"
"Is my dengue test result positive or negative, has it come?","lab_reports"
"Can my grandfather be admitted for palliative care?","admission_query"
"Is the building wheelchair friendly?","facility_information"
"Much obliged","thank_you"
"Hi there friend","greeting"
"Can I get my electronic health record exported?","medical_records"
"What time do the outpatient registrations stop?","hospital_timings"
"You're the best, thanks","thank_you"
"Until when is the pharmacy open on Sundays?","hospital_timings"
"What are the hours for the ultrasound department?","hospital_timings"
"Who do I contact in the billing department?","contact_information"
"Okay then, see you","goodbye"
"URGENT need ambulance","emergency_assistance"
"I need a peadiatrician for my baby","doctor_search"
"Can I get my booking fee back if I cancel?","appointment_cancellation"
"Hi, I'm here","greeting"
"Change my appointment with Dr. Rao to Friday","appointment_rescheduling"
"Is there a lift for patients?","facility_information"
"How do I store the medicine I bought?","pharmacy_query"
"Do you provide radiation therapy?","department_information"
"Can my consultation be pushed to the evening instead of being cancelled?","appointment_rescheduling"
"Where is the cardiology department located?","department_information"
"What services does the cardiology department provide?","department_information"
"lost my prescrption","prescription_query"
"Is there a chapel in the hospital?","facility_information"
"Is this tablet available in your pharmacy?","pharmacy_query"
"Can you recommend a doctor for back pain?","doctor_search"
"I need my reports translated for a doctor abroad","lab_reports"
"I'm thinking of killing myself","emergency_assistance"
"I think we're done","goodbye"
"Hey buddy","greeting"
"Is there a fee for medical records?","medical_records"
"Is Dr. Mehta available today?","doctor_search"
"How do I get pre-approval from my insurer for admission?","insurance_query"
"Does health insurance cover mental health treatment here?","insurance_query"
"My husband is having a severe asthma attack and the inhaler isn't working","emergency_assistance"
"Where did Dr. Joseph train?","doctor_search"
"Where is the ER entrance?","emergency_assistance"
"Is my COVID test result out?","lab_reports"
"Can I get the prescription the doctor gave at discharge again?","prescription_query"
"Speak to you later","goodbye"
"Can I appeal a denied insurance claim?","insurance_query"
"My father is being discharged today, what do we do?","discharge_query"
"Is my policy valid at this hospital?","insurance_query"
"Laters","goodbye"
"Is this medicine available at your pharmacy?","pharmacy_query"
"What time does the billing counter close?","hospital_timings"
"I want to shift my consultation to another day","appointment_rescheduling"
"Can I get a GST bill from the pharmacy?","pharmacy_query"
"Can I get my prescription changed to a generic medicine?","prescription_query"
"Thanks, also could you shift my appointment to Monday?","appointment_rescheduling"
"Is there a smoking area?","facility_information"
"I want to cancel my appointment and get my money back","appointment_cancellation"
"Do you have a visitor waiting lounge near the ICU?","facility_information"
"Do you keep imported medicines?","pharmacy_query"
"Thank you for your help today","thank_you"
"Thank you for the update","thank_you"
"My ultrasound report hasn't been uploaded yet","lab_reports"
"How much will insurance pay and how much will I pay?","insurance_query"
"How do I get an insurance query letter resolved?","insurance_query"
"I booked by mistake, please cancel it","appointment_cancellation"
"Can I get a copy of the prescription from my last visit?","prescription_query"
"When is the report delivery time for thyroid tests?","lab_reports"
"Can I get yesterday's test results today?","lab_reports"
"Do you have a chat support number?","contact_information"
"Can I get admitted first and complete the insurance later?","admission_query"
"Who do I talk to about lost and found items?","contact_information"
"My sample got rejected, do I need to come back?","lab_reports"
"which dept treats skin problems","department_information"
"Hey, I need a little help","greeting"
"I need my test results before my appointment tomorrow","lab_reports"
"I'd like a different day for the appointment I already have","appointment_rescheduling"
"Is there a sports medicine department?","department_information"
"Where do I send my grievance?","contact_information"
"Hi, can I move my appointment to Thursday?","appointment_rescheduling"
"My card was charged twice for the same consultation","billing_query"
"Shukriya","thank_you"
"I want the soft copy of my scan","lab_reports"
"Can I get my prescription without visiting?","prescription_query"
"Salaam","greeting"
"Hi, am I chatting with the hospital?","greeting"
"My mother is going home today, what do we need to do?","discharge_query"
"Can I reschedule instead of cancelling?","appointment_rescheduling"
"Do you have translators for foreign languages?","facility_information"
"Hi, first time using this chat","greeting"
"Can you fit me in with any available doctor today?","appointment_booking"
"Can I collect medicines for my admitted relative?","pharmacy_query"
"Not the pharmacy, I need a copy of the prescription itself","prescription_query"
"Is the helpline available at night?","contact_information"
"Is there a separate admission counter for maternity?","admission_query"
"I'm looking for a family doctor","doctor_search"
"Can I pay through net banking?","billing_query"
"Are my mental health records stored separately?","medical_records"
"Is there a bed available for my father to be admitted today?","admission_query"
"I want to download my records under data protection law","medical_records"
"Can a family member stay overnight with the patient?","facility_information"
"Au revoir","goodbye"
"Does the eye department do LASIK?","department_information"
"Is there a nuclear medicine department?","department_information"
"open hours?","hospital_timings"
"My relative is being discharged and I'm not there, what do I do?","discharge_query"
"How much do I have to pay upfront for the surgery?","billing_query"
"I need to talk to customer support","contact_information"
"Does my mediclaim work here?","insurance_query"
"Is it possible to change my appointment?","appointment_rescheduling"
"Someone here has a very bad injury and needs help now","emergency_assistance"
"Dhanyavaad","thank_you"
"When does the discharge counter open?","hospital_timings"
"Is there a clinical psychology unit?","department_information"
"Is there a dedicated neurosciences department?","department_information"
"Where is the chemist?","pharmacy_query"
"Can I get a cheaper alternative brand at the pharmacy?","pharmacy_query"
"Is the hospital open on Sunday?","hospital_timings"
"Thank you, that's very kind","thank_you"
"Can I change the appointment I booked yesterday to a different date?","appointment_rescheduling"
"Can the doctor go over my test results with me?","lab_reports"
"I need my maternity records for my second pregnancy","medical_records"
"Do you provide wheelchairs?","facility_information"
"Quit","goodbye"
"Hi there, I have a few questions","greeting"
"Could you book me an appointment with the heart specialist on Monday?","appointment_booking"
"Do you have a spine surgery unit?","department_information"
"Can I track my medicine delivery?","pharmacy_query"
"Book me an appointment with the cardiology department","appointment_booking"
"What are the OPD hours for paediatrics?","hospital_timings"
"I don't want to buy anything, I need the doctor to write a new prescription","prescription_query"
"Give me the email address of the hospital","contact_information"
"Can my father be admitted to the ICU directly?","admission_query"
"I'd like to check my insurance eligibility","insurance_query"
"I no longer want the consultation that's scheduled for next week","appointment_cancellation"
"I need a video consultation appointment","appointment_booking"
"My friend is talking about ending his life","emergency_assistance"
"hlo","greeting"
"I need help filling out my insurance claim form","insurance_query"
"I cancelled my earlier appointment, but now I'd like to book a new one","appointment_booking"
"What specialities does your hospital cover?","department_information"
"Can I get a prescription without a physical visit?","prescription_query"
"How do I book a bed in advance?","admission_query"
"I was overcharged","billing_query"
"What time does the hospital pharmacy close?","hospital_timings"
"How do I reschedule a booking?","appointment_rescheduling"
"Thank you kindly","thank_you"
"Can I get the payment receipt for the lab tests?","billing_query"
"Will my insurer reimburse the pharmacy bills?","insurance_query"
"I requested a refill, what's the status?","prescription_query"
"Can I be admitted without a referral letter?","admission_query"
"Find me a gastroenterologist","doctor_search"
"I'm searching for a pain management specialist","doctor_search"
"I want to cancel my surgery consultation","appointment_cancellation"
"I want the results of my mammogram","lab_reports"
"I'd like to reschedule the scan, not cancel it","appointment_rescheduling"
"What kind of cancer treatments does oncology offer?","department_information"
"thnx","thank_you"
"Do you have a dermatology department?","department_information"
"Can I place a pharmacy order for pickup?","pharmacy_query"
"Is there a slot later than my current one?","appointment_rescheduling"
"I want to book an appointment with a urologist","appointment_booking"
"My appointment with the cardiologist needs a new date","appointment_rescheduling"
"The doctor advised surgery and admission, how do I proceed?","admission_query"
"need admission for my dad","admission_query"
"How do I send feedback to the hospital?","contact_information"
"I want to schedule an appointment for a sports injury","appointment_booking"
"See you soon, bye bye","goodbye"
"When does the counselling clinic run?","hospital_timings"
"Hi there","greeting"
"Can I get my records in English for a foreign hospital?","medical_records"
"Is there a number for the medical superintendent's office?","contact_information"
"Please schedule an appointment at the neurology OPD for my father","appointment_booking"
"I don't have any other questions, goodbye","goodbye"
"He can't breathe properly","emergency_assistance"
"Thanks for the info","thank_you"
"How do I message my doctor?","contact_information"
"Can I move my appointment from the main branch timing to an earlier slot?","appointment_rescheduling"
"Are my lab reports ready?","lab_reports"
"Thanks, that solved my problem","thank_you"
"The doctor said I can go home, what's the process now?","discharge_query"
"I can't stop vomiting and I'm very weak","emergency_assistance"
"I'll go now","goodbye"
"Do you have a mental health department?","department_information"
"Thanks, I'll follow those steps","thank_you"
"Cancel my home visit appointment","appointment_cancellation"
"There's a burn injury, what should I do?","emergency_assistance"
"Do you sell over-the-counter medicines?","pharmacy_query"
"Can I reschedule my vaccination slot?","appointment_rescheduling"
"Do you accept international cards?","billing_query"
"I'd like my prescription adjusted, the current dose makes me drowsy","prescription_query"
"Are the clinics open on second Saturdays?","hospital_timings"
"I'll be late, can my appointment be pushed back an hour?","appointment_rescheduling"
"I have a question about package pricing for maternity","billing_query"
"Do you accept credit cards?","billing_query"
"What does the endocrinology department treat?","department_information"
"I need a doctor experienced in treating PCOS","doctor_search"
"Please cancel my booking for tomorrow","appointment_cancellation"
"Thank you for your kindness","thank_you"
"Do you have an allergy clinic?","department_information"
"Who will explain my medicines after discharge?","discharge_query"
"Do you have suite rooms?","facility_information"
"Who is the rheumatologist at this hospital?","doctor_search"
"I need a prescription for my travel so customs allows my medicines","prescription_query"
"I'd like to bring my appointment forward if there's an earlier slot","appointment_rescheduling"
"What are the timings of the cafeteria?","hospital_timings"
"Is there a WhatsApp number?","contact_information"
"Hiya, how are you doing?","greeting"
"Is there a mosque or namaz area?","facility_information"
"How do I pay the outstanding amount on my account?","billing_query"
"My pharmacy says they never got my prescription","prescription_query"
"Signing off","goodbye"
"Plz book a doc appointment for me","appointment_booking"
"That's everything I needed","goodbye"
"Where is the emergency room?","emergency_assistance"
"Don't cancel my appointment, just change the date","appointment_rescheduling"
"Can I get my records from five years ago?","medical_records"
"How many years of experience does the cardiologist have?","doctor_search"
"Tq","thank_you"
"I accidentally booked two slots, cancel one of them","appointment_cancellation"
"Have a wonderful day ahead","goodbye"
"Can I make a reservation for a consultation?","appointment_booking"
"Can you merge my two patient IDs into one?","medical_records"
"What time does the blood collection centre open?","hospital_timings"
"The lab said the sample was insufficient, what happens now?","lab_reports"
"is ther a chemist inside","pharmacy_query"
"Anybody there?","greeting"
"I need my discharge summary for this stay before leaving","discharge_query"
"Hello again","greeting"
"Okay, I'll check back later","goodbye"
"Do I need to vacate the room by a certain time after discharge?","discharge_query"
"Is planned admission possible for surgery next week?","admission_query"
"do u deliver medicnes","pharmacy_query"
"I can't come on Tuesday, can I come Thursday instead?","appointment_rescheduling"
"Please move my consultation from 10 am to 4 pm","appointment_rescheduling"
"Does your orthopaedic department do keyhole surgery?","department_information"
"Is my old prescription still valid?","prescription_query"
"Hi, it's me again","greeting"
"I'd like to book an annual health screening package","appointment_booking"
"Can I reschedule my home visit?","appointment_rescheduling"
"Can I park my car overnight?","facility_information"
"There's a gas leak and people are fainting","emergency_assistance"
"How long does claim approval take?","insurance_query"
"The prescription has the wrong date","prescription_query"
"I need a bill for the medicines I bought","pharmacy_query"
"Can someone else collect the discharge papers for me?","discharge_query"
"I took the wrong medicine and feel very sick","emergency_assistance"
"plz send ambulance fast","emergency_assistance"
"Please book me in for a vaccination","appointment_booking"
"Can I use last year's prescription to buy medicines?","prescription_query"
"Who signs the discharge papers?","discharge_query"
"What is the contact information for your other branches?","contact_information"
"Do you work with corporate insurance?","insurance_query"
"Does the radiology department do interventional procedures?","department_information"
"pls cancel my appointment for tmrw","appointment_cancellation"
"I need copies of my old discharge summaries from previous admissions","medical_records"
"Nighty night","goodbye"
"Who do I talk to about billing problems?","billing_query"
"Schedule an appointment for me please","appointment_booking"
"Do you accept CGHS?","insurance_query"
"Ahoy","greeting"
"I would like to see the doctor about my migraines, can you set up a time?","appointment_booking"
"Is the follow-up consultation free?","billing_query"
"My mother's heartbeat is very irregular and she feels faint","emergency_assistance"
"Can you share the hospital's location pin?","contact_information"
"Can I get a prescription for a longer duration?","prescription_query"
"Can a nurse visit at home after discharge?","discharge_query"
"Great, thanks a lot","thank_you"
"This is life or death please hurry","emergency_assistance"
"Hello, nice talking to you","greeting"
"Hi, I have a doubt about my bill","billing_query"
"Can someone else collect my medicines?","pharmacy_query"
"I know which doctor I want, I just need you to book the slot","appointment_booking"
"I think there's an error in my bill","billing_query"
"Is there a geriatric care unit?","department_information"
"Is my pharmacy order ready?","pharmacy_query"
"Can I buy medicines without a prescription?","pharmacy_query"
"Are there facilities for visually impaired patients?","facility_information"
"Can I get my ICU records?","medical_records"
"I need a cardiologist","doctor_search"
"Is the emergency department open now?","emergency_assistance"
"I need a general physician","doctor_search"
"Is the emergency ward open, I'm bringing a patient now?","emergency_assistance"
"Will I get my X-ray films at discharge?","discharge_query"
"Please secure an appointment for me on Wednesday","appointment_booking"
"I want my blood test results","lab_reports"
"I need my child's birth records from the hospital","medical_records"
"Take care of yourself","goodbye"
"Is the discharge summary ready?","discharge_query"
"Can visitors come before 10 am?","hospital_timings"
"Can I exchange a medicine I bought by mistake?","pharmacy_query"
"do u have a cancer dept","department_information"
"I need to reshedule my appointment","appointment_rescheduling"
"Who treats asthma at your hospital?","doctor_search"
"Can the doctor write a prescription for my monthly medicines?","prescription_query"
"I would like to schedule a check-up","appointment_booking"
"Is admission needed for chemotherapy?","admission_query"
"Thanks for confirming","thank_you"
"I want to fix up a time with the dietitian","appointment_booking"
"Which insurance companies are you tied up with?","insurance_query"
"What languages does Dr. Chen speak?","doctor_search"
"Not an appointment, this is an emergency, my mother collapsed","emergency_assistance"
"I need a prescription for my child's inhaler","prescription_query"
"Is there a dharamshala near the hospital?","facility_information"
"I'd like a slot for a pap smear","appointment_booking"
"I need a specialist for diabetes","doctor_search"
"I have a booking on Monday, can I change it to Wednesday?","appointment_rescheduling"
"The prescription says take after food but the pharmacist said before, which is right?","prescription_query"
"I lost the prescription the doctor gave me yesterday","prescription_query"
"Can my appointment be moved to the same time next week?","appointment_rescheduling"
"What does the urology department offer?","department_information"
"Thank you for being so helpful","thank_you"
"I need my spectacle prescription copy","prescription_query"
"hii","greeting"
"Is there any discount on medicines for senior citizens?","pharmacy_query"
"My records have the wrong blood group listed","medical_records"
"Help, there's been an accident","emergency_assistance"
"How do I reach the reception?","contact_information"
"There is a wrong charge on my bill","billing_query"
"I want to postpone my health check package","appointment_rescheduling"
"That will be all","goodbye"
"Can I talk to the pharmacist?","pharmacy_query"
"Is a prescription required for this injection?","prescription_query"
"What time does the main gate close at night?","hospital_timings"
"Is there a canteen for attendants?","facility_information"
"Who can authorize a prescription refill?","prescription_query"
"Do you stock the syrup for children?","pharmacy_query"
"Is it possible to get my appointment moved up to this week?","appointment_rescheduling"
"Has my MRI report come out?","lab_reports"
"Please reschedule my wife's prenatal visit to Monday","appointment_rescheduling"
"Can someone explain my lab report?","lab_reports"
"when does the hosptial open on sunday","hospital_timings"
"Can I order my medicines on WhatsApp?","pharmacy_query"
"Could you check if Dr. Banerjee has an opening and book it?","appointment_booking"
"What are the admission rules?","admission_query"
"Can you schedule a dental appointment for my son after school?","appointment_booking"
"What instructions will I get when I'm discharged?","discharge_query"
"I'm cancelling my appointment, sorry for the short notice","appointment_cancellation"
"Where can I get my dental X-ray report?","lab_reports"
"Not where the cafeteria is, I need to know when it's open","hospital_timings"
"Will I get a medical certificate for work when I'm discharged?","discharge_query"
"How do I cancel my son's booking?","appointment_cancellation"
"My medical record has incorrect information","medical_records"
"My doctor told me to come back in two weeks, can I book that visit now?","appointment_booking"
"What does the gastroenterology department treat?","department_information"
"I cut my hand badly and the bleeding won't stop","emergency_assistance"
"My report shows an error","lab_reports"
"Is the X-ray department open at night?","hospital_timings"
"Do you sell compression stockings?","pharmacy_query"
"Is there a liver transplant unit?","department_information"
"We would like to book a family consultation","appointment_booking"
"Which floor is the pharmacy on?","pharmacy_query"
"How do I contact the nursing supervisor?","contact_information"
"I tried to cancel online but it didn't work","appointment_cancellation"
"Does Dr. Gupta still work at this hospital?","doctor_search"
"Do you sell first aid kits?","pharmacy_query"
"I want to dispute a charge","billing_query"
"Please change my consultation to a video call at the same time","appointment_rescheduling"
"Can the report be issued urgently?","lab_reports"
"I'd like to swap my appointment with a later one","appointment_rescheduling"
"Hi, good to meet you","greeting"
"Goodbye, have a pleasant day","goodbye"
"Do rooms have air conditioning?","facility_information"
"Has my doctor approved my refill request?","prescription_query"
"When can my baby go home from the hospital?","discharge_query"
"I need to cancel, not reschedule, my appointment","appointment_cancellation"
"Is financial assistance available for poor patients?","billing_query"
"Is there a high-risk pregnancy unit?","department_information"
"how to contact u","contact_information"
"Is there an isolation ward?","department_information"
"See you at the hospital","goodbye"
"Has my medicine order been dispatched?","pharmacy_query"
"What should I bring when I get admitted?","admission_query"
"That's it from my side","goodbye"
"Perfect, thanks","thank_you"
"Can I get the hospital's location on the map?","contact_information"
"Need to change my appt date","appointment_rescheduling"
"Can I choose my room type during admission?","admission_query"
"Please don't keep my appointment, I'm cancelling it","appointment_cancellation"
"Does the hospital have a cancer center?","department_information"
"What's my patient ID number?","medical_records"
"How long does it take to get a bed after admission is advised?","admission_query"
"What departments do you have?","department_information"
"Please cancel my scan, my doctor said it's not required anymore","appointment_cancellation"
"Nothing else, bye","goodbye"
"Are any appointments open for late evening?","appointment_booking"
"Do you offer a discount on bulk purchase of medicines?","pharmacy_query"
"Has my bone density scan report come?","lab_reports"
"Dear sir, good day","greeting"
"I paid the deposit, will it be adjusted in the final bill?","billing_query"
"What amenities do the deluxe rooms have?","facility_information"
"Can I get a repeat prescription without seeing the doctor again?","prescription_query"
"Do you accept prescriptions from outside doctors at the pharmacy?","pharmacy_query"
"My prescription ran out, can it be extended?","prescription_query"
"What does the rheumatology department treat?","department_information"
"pharmacy near me in hospital?","pharmacy_query"
"Thanks for the help with the booking","thank_you"
"Can I be discharged while the insurance approval is pending?","discharge_query"
"Can I pay in dollars?","billing_query"
"Can a nurse practitioner write my prescription?","prescription_query"
"Why was I charged for a room I didn't use?","billing_query"
"Is ESI accepted at this hospital?","insurance_query"
"I have an appointment tomorrow but I'd prefer next week instead","appointment_rescheduling"
"Who approves billing adjustments?","billing_query"
"Have a great evening","goodbye"
"My appointment clashes with an exam, can you move it?","appointment_rescheduling"
"Can I move my visit to the evening?","appointment_rescheduling"
"I appreciate the quick response","thank_you"
"Okay, thanks, I'm done","goodbye"
"I have a question about my health policy","insurance_query"
"Why did my bill increase overnight?","billing_query"
"Do you have a cardiac cath lab?","department_information"
"Is there a blood bank in the hospital?","department_information"
"Thank you, I understand now","thank_you"
"What payment methods do you accept?","billing_query"
"When does the night shift start for attendant passes?","hospital_timings"
"Please check if my malaria test report is ready","lab_reports"
"Hola","greeting"
"Who can access my medical records?","medical_records"
"emergancy my son is hurt","emergency_assistance"
"I'd like to cancel the counselling session I booked","appointment_cancellation"
"I need my echo report","lab_reports"
"What time does the evening OPD finish?","hospital_timings"
"Till what time is the reception open?","hospital_timings"
"Is there a pick-up and drop facility?","facility_information"
"Do I get admitted the day before surgery or the same day?","admission_query"
"I need a duplicate receipt","billing_query"
"Is there a palliative care department?","department_information"
"Can I bring my own medicines when I get admitted?","admission_query"
"I don't want to see the doctor anymore, cancel it","appointment_cancellation"
"My report is not showing up in the app","lab_reports"
"Can I book a home visit by a doctor?","appointment_booking"
"Not the timings, I need the contact number","contact_information"
"I think I'm having a heart attack","emergency_assistance"
"Do rooms have a refrigerator?","facility_information"
"When can family members visit patients?","hospital_timings"
"What happens when a patient is admitted from the emergency room?","admission_query"
"Not a new prescription, I just need to pick up my medicines","pharmacy_query"
"The appointment is not needed anymore, kindly cancel it","appointment_cancellation"
"Hi, are you open for chat?","greeting"
"Can I access my health records online?","medical_records"
"Please help, my husband suddenly fainted and is not responding","emergency_assistance"
"I need to buy the injection the doctor prescribed","pharmacy_query"
"How long does discharge take?","discharge_query"
"How early does the hospital open on weekdays?","hospital_timings"
"presciption refill pls","prescription_query"
"What hours are visitors allowed in the private rooms?","hospital_timings"
"Which insurance providers do you accept?","insurance_query"
"Can you send me the phone number by SMS?","contact_information"
"Please take my name off tomorrow's appointment list","appointment_cancellation"
"Is there accommodation for attendants?","facility_information"
"What time does the outpatient department start?","hospital_timings"
"Can you change my existing booking to next Friday?","appointment_rescheduling"
"I need my surgery notes","medical_records"
"Is there a vaccination department?","department_information"
"Can I get admitted today?","admission_query"
"Do I need a referral to be admitted?","admission_query"
"I got a message that my doctor is unavailable, I need a new time for my appointment","appointment_rescheduling"
"Is the hospital closed on any day of the week?","hospital_timings"
"A big thank you","thank_you"
"Can a patient be discharged on request?","discharge_query"
"Instead of tomorrow, can I come in on Saturday for my appointment?","appointment_rescheduling"
"Thanks for the reminder","thank_you"
"I need to cancel my appointment because I have tested positive for flu","appointment_cancellation"
"Are there clean restrooms for visitors?","facility_information"
"Who do I meet at the admission desk?","admission_query"
"How long does pre-authorization take?","insurance_query"
"How can I contact the hospital chaplain or spiritual care team?","contact_information"
"Can someone explain the instructions on my prescription?","prescription_query"
"How long do you keep medical records?","medical_records"
"When can my mother come home?","discharge_query"
"I'm allergic to one of the medicines on my prescription","prescription_query"
"Who is the best neurologist here?","doctor_search"
"What documents should I keep after discharge?","discharge_query"
"Has my vitamin D test report been released?","lab_reports"
"What are the timings for the antenatal clinic?","hospital_timings"
"Is there a department for organ donation?","department_information"
"How long does the admission process take?","admission_query"
"My insurance didn't approve it, so please cancel the procedure appointment","appointment_cancellation"
"I'm searching for a kidney doctor for my mother","doctor_search"
"Should I come fasting on the day of admission?","admission_query"
"Reschedule my CT scan to Friday","appointment_rescheduling"
"Is there an andrology clinic?","department_information"
"how to admit patient","admission_query"
"Can I request a prescription refill through the app?","prescription_query"
"Do you have any free slots this Saturday morning?","appointment_booking"
"I'd like to change my booked slot to tomorrow","appointment_rescheduling"
"How many attendants are allowed after admitting a patient?","admission_query"
"I want to scrap my visit to the ENT clinic","appointment_cancellation"
"Can you cancel my follow-up? My doctor said it's not needed","appointment_cancellation"
"I'm a new patient and want to schedule my first consultation","appointment_booking"
"Bonjour","greeting"
"Can someone verify my insurance coverage?","insurance_query"
"Who is the doctor in charge of the dialysis patients?","doctor_search"
"I want to know about inpatient admission","admission_query"
"She is bleeding heavily","emergency_assistance"
"Thank you, I'm relieved","thank_you"
"Can I postpone my planned admission?","admission_query"
"The prescribed strength isn't available, can the doctor change the prescription?","prescription_query"
"Can I get admitted on a weekend?","admission_query"
"how to get medical histroy","medical_records"
"What is the PIN code of the hospital?","contact_information"
"Is there a penalty for late cancellation?","appointment_cancellation"
"How long does the discharge process usually take?","discharge_query"
"Can my newborn be added to my insurance at the hospital?","insurance_query"
"I want to know who viewed my medical file","medical_records"
"I'll be going, bye","goodbye"
"I left my bag in the hospital, who do I contact?","contact_information"
"Can I get my test results in a different language?","lab_reports"
"I don't want to pay myself, can I use my policy?","insurance_query"
"Is there a nutrition and dietetics department?","department_information"
"Do you have a toll-free number?","contact_information"
"I want to know if my insurer has a tie-up with your hospital","insurance_query"
"Can I see a different doctor from the one I saw last time?","doctor_search"
"Can I review my file before my next appointment?","medical_records"
"I'll come back if I have more questions","goodbye"
"Hey, is anyone available to chat?","greeting"
"Do you admit psychiatric patients?","admission_query"
"Nice to meet you","greeting"
"I need an appointment for my child","appointment_booking"
"Can my mother be discharged to a rehab centre?","discharge_query"
"What are the general ward visiting hours?","hospital_timings"
"I need a new prescription for my blood pressure medicine","prescription_query"
"I'd like to cancel my upcoming consultation","appointment_cancellation"
"I need a different time slot for my appointment","appointment_rescheduling"
"I need to know the discharge diet instructions","discharge_query"
"Is there a locker in the room?","facility_information"
"I need to change my appointment, not book a new one","appointment_rescheduling"
"my blood test reslts","lab_reports"
"How do I reach the billing team by email?","contact_information"
"I got fewer tablets than I paid for","pharmacy_query"
"How do I claim reimbursement after paying myself?","insurance_query"
"Peace out","goodbye"
"My child swallowed a battery","emergency_assistance"
"I can't make it to my appointment, cancel it","appointment_cancellation"
"I want my reports in PDF format","lab_reports"
"What are the timings of the health check-up centre?","hospital_timings"
"Can I schedule a pre-surgery consultation?","appointment_booking"
"Is HDFC Ergo cashless available here?","insurance_query"
"Helo","greeting"
"Do I need to be admitted for an endoscopy?","admission_query"
"Which doctor handles pregnancy care?","doctor_search"
"Need an appt with ENT asap","appointment_booking"
"Please cancel my dental appointment and don't rebook it","appointment_cancellation"
"Good evening, anyone available?","greeting"
"How do I transfer a patient from another hospital and admit them here?","admission_query"
"Does my policy have a room rent cap?","insurance_query"
"Is there a maternity ward?","department_information"
"What is the admission policy for children?","admission_query"
"I know there's parking, but what time does the hospital close?","hospital_timings"
"Is there a separate number for the emergency department?","contact_information"
"Can I get the CT scan images on a CD?","lab_reports"
"Can I keep the same doctor but change the time?","appointment_rescheduling"
"When is the fasting blood test counter open?","hospital_timings"
"Please drop my appointment","appointment_cancellation"
"I'd like to book the first available slot with any cardiologist","appointment_booking"
"Can attendants stay overnight?","facility_information"
"I want a doctor who has experience with elderly patients","doctor_search"
"I'd like to schedule an appointment with the psychologist","appointment_booking"
"Can I bring my laptop when I get admitted?","admission_query"
"Many thanks","thank_you"
"I want to book a new appointment, not change an old one","appointment_booking"
"Has my culture report come back?","lab_reports"
"Tell me about the cardiology department","department_information"
"I need to go now, bye","goodbye"
"Catch you later","goodbye"
"How do I reach the hospital by metro?","contact_information"
"Can you make an appointment for my mother with the rheumatologist?","appointment_booking"
"Delete my upcoming appointment from the system","appointment_cancellation"
"Can I move my physiotherapy session to Saturday?","appointment_rescheduling"
"Cya","goodbye"
"Can I settle my bill at the billing counter during discharge?","billing_query"
"That's all I wanted to know","goodbye"
"I need to bring someone to emergency immediately","emergency_assistance"
"My appointment was missed, can I reschedule it?","appointment_rescheduling"
"I lost my prescription","prescription_query"
"I've been in an accident and I think my leg is broken","emergency_assistance"
"Can I book online?","appointment_booking"
"Can my blood test appointment be moved to an earlier time?","appointment_rescheduling"
"Thanks, you've been very kind","thank_you"
"Do you have a nephrologist?","doctor_search"
"Hello sir","greeting"
"What is the co-payment on my insurance?","insurance_query"
"bill amount pls","billing_query"
"Is there a slot available with a cardiologist on Thursday?","appointment_booking"
"Can I pay with a cheque?","billing_query"
"Can a patient be admitted without an attendant?","admission_query"
"Can I buy my chemotherapy drugs at the hospital pharmacy?","pharmacy_query"
"Do you offer interpreter services?","facility_information"
"Are you open during Diwali?","hospital_timings"
"Please cancel my ultrasound","appointment_cancellation"
"My prescription is missing a medicine","prescription_query"
"Do you serve vegetarian food to patients?","facility_information"
"Can you reschedule my mother's appointment to the morning?","appointment_rescheduling"
"Can I return unused medicines?","pharmacy_query"
"i need my old reocrds","medical_records"
"I need a copy of my old discharge summary for my files","medical_records"
"There's been a car accident and someone is badly hurt","emergency_assistance"
"When is Dr. Kulkarni available?","doctor_search"
"I need to see a neurologist soon","doctor_search"
"Alright, bye","goodbye"
"I paid but the bill still shows pending","billing_query"
"Kindly cancel the slot booked for my grandmother","appointment_cancellation"
"I don't want to reschedule, just cancel it please","appointment_cancellation"
"Fine, bye","goodbye"
"I'd like an appointment for a second opinion","appointment_booking"
"Can I return medicines that were not used?","pharmacy_query"
"Can my baby be discharged with me after delivery?","discharge_query"
"Cancel the prenatal visit scheduled for Monday","appointment_cancellation"
"Do you work with Medi Assist TPA?","insurance_query"
"I'd like to arrange a hospital visit","appointment_booking"
"What do international patients need for admission?","admission_query"
"Can I switch from cash payment to insurance after admission?","insurance_query"
"Where is the MRD?","medical_records"
"Not insurance, I'm paying myself, what's the total?","billing_query"
"Which doctor should I see for a heart problem?","doctor_search"
"Pleased to meet you","greeting"
"Can you email me my reports?","lab_reports"
"What documents do I need for admission?","admission_query"
"Is my TPA on your panel?","insurance_query"
"What is required to admit an unconscious patient?","admission_query"
"Hey, can we talk?","greeting"
"Has the doctor cleared my son for discharge?","discharge_query"
"Who is the TPA for my policy?","insurance_query"
"Bye for today","goodbye"
"I need a doctor for my child's speech delay","doctor_search"
"Hello, is this the hospital helpdesk?","greeting"
"Howdy","greeting"
"Can I get only my thyroid report, not my full records?","lab_reports"
"Do I need to inform my insurer before a planned admission?","insurance_query"
"What are the charges for an ambulance?","billing_query"
"What's the price of this medicine?","pharmacy_query"
"medicine avlbl?","pharmacy_query"
"I need to see a GP, can you book that for me?","appointment_booking"
"Can I go home after the surgery today?","discharge_query"
"Hello, hope your day is going well","greeting"
"I think my friend has overdosed","emergency_assistance"
"Is there an admission process for the de-addiction centre?","admission_query"
"My sugar level dropped and I'm shaking badly","emergency_assistance"
"I forgot my medical record number","medical_records"
"Can you confirm my appointment has been cancelled?","appointment_cancellation"
"I need to book a slot for my child's growth check-up","appointment_booking"
"What is the cost of an MRI scan?","billing_query"
"Can I use my health insurance here?","insurance_query"
"Do I need an appointment to renew my prescription?","prescription_query"
"Are consumables covered under my insurance?","insurance_query"
"Can I access my reports without coming to the hospital?","lab_reports"
"My cashless approval came late, will it delay discharge?","insurance_query"
"What time should I arrive for admission?","admission_query"
"I need a receipt for the amount I paid, not an insurance claim","billing_query"
"How do I get a referral letter at discharge?","discharge_query"
"Cancel my 10 am appointment","appointment_cancellation"
"My husband is sweating, has chest pain and his arm hurts","emergency_assistance"
"I was billed for a test I never had","billing_query"
"Is food provided to patients?","facility_information"
"Do you have ramps for wheelchair users?","facility_information"
"Can my prescription be renewed for another month?","prescription_query"
"How are you doing today?","greeting"
"How do I contact the cardiology department?","contact_information"
"I'm back","greeting"
"Is there a separate lounge for VIP patients?","facility_information"
"hospital phone no","contact_information"
"Which surgeon does knee replacements here?","doctor_search"
"The prescribed medicine isn't suiting me, who should I talk to about changing it?","prescription_query"
"I need immediate medical attention","emergency_assistance"
"Can I speak to someone about my heart?","doctor_search"
"Who can I call about my admitted father?","contact_information"
"Can I get the discharge summary emailed to me?","discharge_query"
"How can I get my child's vaccination records?","medical_records"
"Do the timings change on public holidays?","hospital_timings"
"Bye, and thanks again","goodbye"
"My receipt is missing","billing_query"
"Do you help with transport after discharge?","discharge_query"
"Thanks for the support","thank_you"
"I have an appointment already, can you change it to the afternoon?","appointment_rescheduling"
"Is there hot water in the bathrooms?","facility_information"
"Who treats infectious diseases here?","doctor_search"
"Can you suggest a doctor for my skin rash?","doctor_search"
"So long","goodbye"
"Is the hospital child-friendly?","facility_information"
"I lost my lab report, can I get another copy?","lab_reports"
"My insurance company wants the discharge summary, how do I get it to them?","insurance_query"
"Can emergency admissions be done cashless?","insurance_query"
"Can I get my emergency room visit records?","medical_records"
"I need to buy a blood pressure monitor","pharmacy_query"
"My dad's blood pressure is extremely high and he has a severe headache","emergency_assistance"
"How long will I likely stay once admitted?","admission_query"
"My mother fainted and won't wake up","emergency_assistance"
"Hello from Mumbai","greeting"
"Can I get a fitness certificate at discharge?","discharge_query"
"I need my pathology report","lab_reports"
"Will the admission be delayed if insurance approval is pending?","admission_query"
"Book a counselling session for me please","appointment_booking"
"Is there an attendant lounge?","facility_information"
"Nandri","thank_you"
"My baby is not breathing properly","emergency_assistance"
"Can you text me the hospital address?","contact_information"
"Can I buy a thermometer here?","pharmacy_query"
"I need to reschedule because my test results are not ready yet","appointment_rescheduling"
"What is the cost of a blood test?","billing_query"
"Log me out","goodbye"
"Do you have a cafeteria?","facility_information"
"He is bleeding a lot from his head","emergency_assistance"
"Can I get my prescription translated?","prescription_query"
"Where exactly is the hospital located?","contact_information"
"Does my insurance cover diagnostic tests without admission?","insurance_query"
"What time does the CT scan centre open?","hospital_timings"
"Do I need a follow-up appointment after discharge?","discharge_query"
"Hi, I'd like to book an appointment with a cardiologist","appointment_booking"
"Do I need tests done before admission?","admission_query"
"How long until the discharge is complete?","discharge_query"
"Can you set up an appointment for next week?","appointment_booking"
"Awesome, thanks!","thank_you"
"My mother took too many sleeping pills","emergency_assistance"
"What are the timings for teleconsultations?","hospital_timings"
"Hey, quick question","greeting"
"What time does the dialysis unit start?","hospital_timings"
"Thank you, everything is clear now","thank_you"
"What's the contact for medical tourism?","contact_information"
"Can I reschedule if I'm running late due to traffic?","appointment_rescheduling"
"Can I complete the admission forms online?","admission_query"
"What are the hospital's opening hours on weekdays?","hospital_timings"
"How long is a prescription valid?","prescription_query"
"Do you have sign language interpreters?","facility_information"
"I'd like to book a new patient visit with the lung specialist","appointment_booking"
"Do you have valet parking?","facility_information"
"Can somebody call me back?","contact_information"
"Is there a garden or open space for patients?","facility_information"
"Hi, I'm a patient here","greeting"
"Cheerio","goodbye"
"Does the ENT department do cochlear implants?","department_information"
"Is there a doctor who treats sleep apnea?","doctor_search"
"Who needs to approve the discharge?","discharge_query"
"I need to drop my appointment with orthopaedics","appointment_cancellation"
"I need to see a dermatologist next week","doctor_search"
"When does the registration counter open?","hospital_timings"
"Does insurance cover the ambulance charges?","insurance_query"
"Does the pharmacy have the medicine my doctor prescribed?","pharmacy_query"
"Is there accommodation for families coming from out of town?","facility_information"
"Namaste","greeting"
"How soon can I get an appointment with a neurologist?","appointment_booking"
"How long does a urine culture take?","lab_reports"
"Do you have a robotic surgery department?","department_information"
"My child is having a severe asthma attack right now","emergency_assistance"
"Is the hospital air-conditioned?","facility_information"
"Okay that's fine, bye","goodbye"
"At what time does Dr. Mehta's OPD start?","hospital_timings"
"Can I get a printed copy of my blood report?","lab_reports"
"Does my policy cover pre-existing conditions?","insurance_query"
"Urgent help needed for a pregnant woman","emergency_assistance"
"Can my insurance company access my medical records?","medical_records"
"I fell and can't move my legs","emergency_assistance"
"Who is the head of cardiology?","doctor_search"
"Find me a good dermatologist","doctor_search"
"Can I get a final invoice before discharge?","billing_query"
"I want to cancel my upcoming visit and I will not reschedule","appointment_cancellation"
"Is it possible to be admitted for elective surgery next Monday?","admission_query"
"The bill shows medicines I never received","billing_query"
"I need the final bill for my records","billing_query"
"Thanks for the info, now can you book me a slot for tomorrow?","appointment_booking"
"I'll reach out again later, bye","goodbye"
"Can I get my discharge medicines from your pharmacy?","pharmacy_query"
"What time does the hospital close on Saturdays?","hospital_timings"
"Can I pick up my medicines from the pharmacy?","pharmacy_query"
"Do you have a pathology lab on site?","department_information"
"Can patients with infections be admitted?","admission_query"
"Can you send an ambulance to the market area?","emergency_assistance"
"How many days before admission should I start the insurance process?","insurance_query"
"Can my GP's prescription be honoured here?","prescription_query"
"Can we postpone my appointment?","appointment_rescheduling"
"When should a pregnant woman come for admission?","admission_query"
"Can I leave the hospital before the bill is finalized?","discharge_query"
"Can I get these medicines delivered to my home?","pharmacy_query"
"Can I use my employer's group insurance here?","insurance_query"
"Do you have wheelchairs for visitors?","facility_information"
"Can I get the radiologist's report for my chest X-ray?","lab_reports"
"I need an oncologist for a second opinion","doctor_search"
"I booked an appointment but I don't need it anymore","appointment_cancellation"
"Can patients get special diet meals?","facility_information"
"How can I contact the hospital?","contact_information"
"When can my father leave the ICU and go home?","discharge_query"
"Who is the consultant on call for orthopaedics tonight?","doctor_search"
"Thanks, I'll do that","thank_you"
"Find a psychiatrist for me","doctor_search"
"Is the billing counter on the ground floor?","billing_query"
"Hello, I'm calling on behalf of my father","greeting"
"Please send help, my husband collapsed","emergency_assistance"
"is there a heart dept","department_information"
"Is it possible to book an appointment for next month already?","appointment_booking"
"How much will I be charged if I stay one more day?","billing_query"
"Thanks for your help","thank_you"
"Is there seating outside the operation theatre for families?","facility_information"
"Do you have an infectious diseases department?","department_information"
"You've been very helpful, thanks","thank_you"
"Is there a slot available on Monday?","appointment_booking"
"My dog bit my daughter and it's bleeding badly","emergency_assistance"
"Thank you for answering my questions","thank_you"
"Thanks for clearing that up","thank_you"
"I need a heart doctor","doctor_search"
"Can I get the contact number of the cardiology OPD?","contact_information"
"Can a relative complete the admission formalities?","admission_query"
"When will I get my refund?","billing_query"
"Can I bring my appointment forward?","appointment_rescheduling"
"Hi assistant","greeting"
"What days and times is the diabetes clinic held?","hospital_timings"
"How many days after surgery is discharge usually?","discharge_query"
"Is there a form to request medical records?","medical_records"
"Can my prescription include refills?","prescription_query"
"Is same-day discharge possible after a day-care procedure?","discharge_query"
"I'm diabetic and feeling extremely dizzy and confused","emergency_assistance"
"My GP referred me, I need to book an appointment with oncology","appointment_booking"
"Do you have wheelchair access?","facility_information"
"I need the lab report with the doctor's seal for my employer","lab_reports"
"Unbook my appointment please","appointment_cancellation"
"I missed my appointment yesterday, can I get a new time?","appointment_rescheduling"
"I want my prescription reviewed before my surgery","prescription_query"
"Phir milenge","goodbye"
"How do I contact the branch in the north of the city?","contact_information"
"I'm good now, bye","goodbye"
"Which doctor does laser eye surgery?","doctor_search"
"Can I buy a wheelchair from the pharmacy?","pharmacy_query"
"Is Dr. Ahmed in the hospital today?","doctor_search"
"What are the timings during Ramadan?","hospital_timings"
"Is my wife covered under my family floater policy here?","insurance_query"
"My thanks to everyone who helped","thank_you"
"Can I fax documents to the hospital?","contact_information"
"What should I pack for my hospital stay?","admission_query"
"I want to keep the booking but at a later time","appointment_rescheduling"
"Can I collect my records on behalf of my mother?","medical_records"
"I booked for Thursday but I'm free on Tuesday, can you change it?","appointment_rescheduling"
"Are taxes included in the quoted price?","billing_query"
"Can I email my questions to someone?","contact_information"
"Please cancel my appointment with Dr. Sharma on the 12th","appointment_cancellation"
"Is there paid parking or is it free?","facility_information"
"What are the hours for the dental department on weekdays?","hospital_timings"
"Are my kidney function test results out?","lab_reports"
"Nothing more for now","goodbye"
"Thank you for taking care of my father","thank_you"
"Book a slot with the orthopedic doctor","appointment_booking"
"That's all for today","goodbye"
"Hey, can you help?","greeting"
"Hello, I have a question","greeting"
"I want the trend of my sugar reports over the last three tests","lab_reports"
"Who explains wound care before I leave?","discharge_query"
"Is the medicine I need a controlled drug that needs special approval?","pharmacy_query"
"Gotta go","goodbye"
"Can I get a consultation slot during my lunch break?","appointment_booking"
"Hi, I'm messaging for my mom","greeting"
"Can I get a prescription for my regular BP tablets?","prescription_query"
"Thanks for your quick help with my prescription","thank_you"
"Which doctor treats children with asthma?","doctor_search"
"Do you offer hospice services?","department_information"
"Can we arrange home oxygen before discharge?","discharge_query"
"When does the vaccination centre close?","hospital_timings"
"Can I get my medical records sent by courier?","medical_records"
"Why was my claim only partially approved?","insurance_query"
"Can I speak to a manager?","contact_information"
"Do you have a bone marrow transplant centre?","department_information"
"Hello, good to be chatting","greeting"
"Hello, I'm back with another question","greeting"
"I need to see an orthopaedic specialist next week","doctor_search"
"Can I reach someone after office hours?","contact_information"
"What documents will I get at discharge?","discharge_query"
"Can I use state government insurance here?","insurance_query"
"My medicine delivery hasn't arrived","pharmacy_query"
"What are your working hours?","hospital_timings"
"I don't know which doctor to see for my back","doctor_search"
"Please register me for a consultation with the orthopaedic surgeon","appointment_booking"
"Who is the most experienced spine surgeon at this hospital?","doctor_search"
"Hellooo","greeting"
"My dad is having a heart attack, what do I do?","emergency_assistance"
"I want to book a slot for a blood test","appointment_booking"
"The doctor hasn't signed my discharge yet","discharge_query"
"Is my new prescription ready to collect?","prescription_query"
"Can I go home today?","discharge_query"
"Where is the billing counter?","billing_query"
"No new date needed, please cancel the booking","appointment_cancellation"
"Can I go home a day early?","discharge_query"
"Do you have tie-ups with nearby hotels?","facility_information"
"Someone in my family has fallen down the stairs and is unconscious","emergency_assistance"
"My wife is having contractions and we're on the way","emergency_assistance"
"admision process?","admission_query"
"How much does this medicine cost?","pharmacy_query"
"See you next time","goodbye"
"My sister fainted and hit her head","emergency_assistance"
"Is there a doctor for physiotherapy referrals?","doctor_search"
"What are your timings for the physiotherapy sessions?","hospital_timings"
"Thanks for being so kind to my family","thank_you"
"How do I admit my father?","admission_query"
"Have a good day","goodbye"
"Does the hospital pharmacy have this antibiotic?","pharmacy_query"
"Please cancel the reservation for my consultation","appointment_cancellation"
"Is my PAP smear result available?","lab_reports"
"My prescription has a spelling mistake in the medicine name","prescription_query"
"I need clarification on the doctor fees in my bill","billing_query"
"Until next time","goodbye"
"Hello, can you hear me?","greeting"
"He's having a seizure and won't stop shaking","emergency_assistance"
"I can't understand the handwriting on my prescription","prescription_query"
"I need to change my appointment time because of work","appointment_rescheduling"
"What do the normal ranges on my report mean?","lab_reports"
"Please move my booking to the next available slot","appointment_rescheduling"
"I don't have any booking yet, I just want to see a doctor","appointment_booking"
"What time does the OPD close?","hospital_timings"
"When can I meet the doctor during rounds?","hospital_timings"
"Do you have a labour room?","department_information"
"What forms are needed at the time of admission?","admission_query"
"I took a COVID RT-PCR test, when will I get the result?","lab_reports"
"Is there an eye doctor available?","doctor_search"
"My child fell and hit his head and is vomiting","emergency_assistance"
"Hey, how are things?","greeting"
"What are your holiday timings?","hospital_timings"
"Is there a number for appointment enquiries?","contact_information"
"What facilities does the hospital have?","facility_information"
"Can I be discharged in the morning?","discharge_query"
"Can I pay my father's bill on his behalf?","billing_query"
"Who do I contact for a hospital tour?","contact_information"
"Can I postpone the procedure appointment until after the holidays?","appointment_rescheduling"
"Can I get admitted directly without going through emergency?","admission_query"
"I'm not ready to go home yet, can discharge wait?","discharge_query"
"How do I admit my wife for delivery?","admission_query"
"Are there lockers for visitors?","facility_information"
"My son drank something poisonous","emergency_assistance"
"Can I get my medicines packed in daily doses?","pharmacy_query"
"Is there a separate fee for the doctor's visit during admission?","billing_query"
"Do you have drinking water facilities?","facility_information"
"I need the email of the billing department","contact_information"
"Do you have a hematologist?","doctor_search"
"Alright then, goodbye","goodbye"
"What time should I arrive if the OPD opens at 9?","hospital_timings"
"I need to cancel my appointment due to transport problems","appointment_cancellation"
"Hello, anyone online?","greeting"
"I need a doctor who can treat my chronic cough","doctor_search"
"Is there a live agent I can chat with?","contact_information"
"Could you put me on the schedule for a hernia consultation?","appointment_booking"
"Is the hospital accessible by public transport?","facility_information"
"My kid swallowed my pills","emergency_assistance"
"Does insurance pay for follow-up visits after discharge?","insurance_query"
"Not a specific doctor, I just want to know what the cardiology department does","department_information"
"Can I be discharged even though I'm still in pain?","discharge_query"
"How do I get my dental records?","medical_records"
"Is there a plastic surgery department?","department_information"
"Can the doctor review my current prescription?","prescription_query"
"Are any private rooms available for admission today?","admission_query"
"can i get an apointment with a cardiologist","appointment_booking"
"How do I see my lab results on the patient portal?","lab_reports"
"Do you accept travel insurance for treatment?","insurance_query"
"Thanks for guiding me","thank_you"
"Do you provide transport for patients?","facility_information"
"I'm done for now","goodbye"
"Thanks for sorting that out","thank_you"
"I already have an appointment and want to cancel it","appointment_cancellation"
"Hey, how are you today?","greeting"
"See ya","goodbye"
"Bless you, thank you","thank_you"
"How do I update my phone number in my hospital file?","medical_records"
"Is there a trauma care department?","department_information"
"Can I book an appointment for tomorrow morning?","appointment_booking"
"My flight got delayed, so I need to move my appointment","appointment_rescheduling"
"Who should international patients email?","contact_information"
"I want my complete hospitalization history","medical_records"
"Do you have insulin in stock?","pharmacy_query"
"Is there a pharmacy near the emergency ward?","pharmacy_query"
"Who is allowed to see my health file?","medical_records"
"Can I get the address of your nearest clinic?","contact_information"
"Hiya","greeting"
"What is your full postal address?","contact_information"
"Can I book an appointment over the phone?","appointment_booking"
"What is the status of my insurance claim?","insurance_query"
"What time is the admission desk open till?","hospital_timings"
"Is there a bed available in the general ward?","admission_query"
"Good afternoon, is this the hospital assistant?","greeting"
"Thanks for moving my appointment","thank_you"
"What treatments are available in dermatology?","department_information"
"Is the final bill required before discharge?","discharge_query"
"I need all my treatment records from the last three years","medical_records"
"End chat","goodbye"
"Are records from before 2010 still available?","medical_records"
"Is there housekeeping in the rooms daily?","facility_information"
"The doctor said to taper my dose, but the prescription doesn't say how","prescription_query"
"Push my appointment back by a week","appointment_rescheduling"
"I don't need the cardiology department info, I need the name of a good cardiologist","doctor_search"
"Can I get my old admission records?","medical_records"
"I want to cancel my telemedicine appointment","appointment_cancellation"
"What time is check-in for a planned admission?","admission_query"
"Can I buy medicines without seeing a doctor here?","pharmacy_query"
"I'm paying out of pocket, what's the self-pay rate?","billing_query"
"Thank you for helping my family","thank_you"
"It's been a week and my biopsy report is still not ready","lab_reports"
"I have to cancel because of a work emergency","appointment_cancellation"
"Is pre-admission testing required?","admission_query"
"I'm looking for a geriatric specialist for my grandmother","doctor_search"
"Logging off","goodbye"
"I need my sleep study results","lab_reports"
"What's the reception phone number?","contact_information"
"Who do I talk to about errors in my records?","medical_records"
"Thanks for the information about the bill","thank_you"
"I want to take my mother home today","discharge_query"
"Can the doctor prescribe three months of medicine at once?","prescription_query"
"Who will explain the discharge instructions?","discharge_query"
"Is there a pharmacy inside the hospital?","pharmacy_query"
"At what hours can I bring food for my relative?","hospital_timings"
"Are you open today?","hospital_timings"
"I need a copy of my medical records","medical_records"
"I want to update my address in my patient records","medical_records"
"I need a hospital letter for my insurance claim","insurance_query"
"Can I get a duplicate prescription?","prescription_query"
"I'm looking for a cardiologist who can see me soon","doctor_search"
"Book me with a female doctor if possible","appointment_booking"
"Can I get photocopies done inside the hospital?","facility_information"
"Are you open right now?","hospital_timings"
"My grandmother suddenly can't speak and her face is drooping","emergency_assistance"
"Can you fax my records to another clinic?","medical_records"
"My brother is having chest pain after exercise","emergency_assistance"
"Is there parking for two-wheelers?","facility_information"
"I'd like to book a pre-employment medical check","appointment_booking"
"I didn't receive my e-prescription after the online consultation","prescription_query"
"How do I contact the nurse on duty?","contact_information"
"Hello, may I ask a few things?","greeting"
"Can I add my insurance details to my file?","insurance_query"
"Can I get my records digitized?","medical_records"
"Can I book a same-day appointment?","appointment_booking"
"I want the operation notes from my surgery last year","medical_records"
"How do I link my records to my digital health ID?","medical_records"
"Do you have speech therapy services?","department_information"
"Where can I buy my medicines after the consultation?","pharmacy_query"
"Hi, hello, how are you","greeting"
"Can you arrange admission for a patient coming from another city?","admission_query"
"I need an appointment for a medical fitness certificate","appointment_booking"
"Why are the pharmacy charges so high on my bill?","billing_query"
"tysm","thank_you"
"Kindly cancel the appointment booked under my husband's name","appointment_cancellation"
"My prescription ran out and the doctor is on leave, what can I do?","prescription_query"
"Hello assistant, are you available?","greeting"
"Do you stock cancer medicines?","pharmacy_query"
"Can I pre-register for admission?","admission_query"
"I'm all set, bye","goodbye"
"Can I buy the injection here and get it administered at the clinic?","pharmacy_query"
"I'm done for today, take care","goodbye"
"I need a refund of the extra amount I paid","billing_query"
"Please cancel my booking, I don't need any other date","appointment_cancellation"
"Is my insurance valid for lab tests?","insurance_query"
"Are there private rooms available?","facility_information"
"Can I order medicines through the hospital app?","pharmacy_query"
"Severe chest pain, what should I do?","emergency_assistance"
"Can the doctor send the prescription to my insurer?","prescription_query"
"Is there a preventive health check-up department?","department_information"
"Can I change the doctor and time of my current appointment?","appointment_rescheduling"
"God bless you for helping","thank_you"
"I need a cancellation for my lab appointment","appointment_cancellation"
"Is the consultation fee covered by my insurance?","insurance_query"
"My lawyer needs my hospital records","medical_records"
"Is there a waitlist I can join for an appointment with Dr. Nair?","appointment_booking"
"What is the email for general enquiries?","contact_information"
"Will a nurse help with discharge?","discharge_query"
"I want to thank the hospital staff","thank_you"
"I need a prescription for diabetic test strips","prescription_query"
"Is there a dental department?","department_information"
"What types of rooms do you have?","facility_information"
"Can you connect me to a real person?","contact_information"
"My prescription has expired","prescription_query"
"When does the lab close for sample collection?","hospital_timings"
"I want to register a new appointment for my husband","appointment_booking"
"Thank you for your time","thank_you"
"Can I pay the balance after discharge?","billing_query"
"Is there a gym for staff and patients?","facility_information"
"Does a prescription need to be renewed every month?","prescription_query"
"What clearances are needed before discharge?","discharge_query"
"report ready?","lab_reports"
"I want to speak to a human","contact_information"
"Is my lipid profile report ready?","lab_reports"
"My son is better now so please cancel his appointment","appointment_cancellation"
"When does the hospital open?","hospital_timings"
"Is the blood bank open at night?","hospital_timings"
"Do you have a dialysis centre and how many machines?","department_information"
"Is there availability for a consultation tomorrow morning?","appointment_booking"
"Which ENT doctor is good for sinus problems?","doctor_search"
"See you","goodbye"
"Could you cancel my son's vaccination appointment?","appointment_cancellation"
"My child is having difficulty breathing after eating peanuts","emergency_assistance"
"Please change the date of my booking","appointment_rescheduling"
"I want to keep my appointment but at a different time","appointment_rescheduling"
"I'm running out of my medicine, how do I get my prescription renewed?","prescription_query"
"Do you offer any discounts for senior citizens?","billing_query"
"Please put me down for an appointment on the 15th","appointment_booking"
"What are the visiting hours for the children's ward?","hospital_timings"
"I'm going out of town and won't be able to come, so cancel the visit entirely","appointment_cancellation"
"How long does the hospital keep old records?","medical_records"
"I can't breathe","emergency_assistance"
"Please cancel my CT scan appointment, I had it done at another centre","appointment_cancellation"
"Can my employer get my medical records?","medical_records"
"The pharmacy needs a valid prescription, can the doctor issue one?","prescription_query"
"I want to discuss stopping one of my prescribed medicines with the doctor","prescription_query"
"What are the OPD timings on Saturday?","hospital_timings"
"Can I get my records on a CD?","medical_records"
"What's the price of the full body check-up package?","billing_query"
"The pharmacist gave me a different brand, is that okay?","pharmacy_query"
"There's someone lying unconscious on the road outside your hospital","emergency_assistance"
"I paid for the appointment in advance, how do I cancel and get a refund?","appointment_cancellation"
"Can we arrange transport at discharge?","discharge_query"
"Is a bed available for admission?","admission_query"
"Could I get a teleconsultation booked for this evening?","appointment_booking"
"Do we need to return anything before discharge?","discharge_query"
"Much appreciated","thank_you"
"Is there CCTV and security in the wards?","facility_information"
"Do you sell baby diapers at the pharmacy?","pharmacy_query"
"Not my whole file, I only need yesterday's blood test report","lab_reports"
"Hi, are my test results ready?","lab_reports"
"Do you accept ECHS for ex-servicemen?","insurance_query"
"Great, thank you","thank_you"
"Can I get an estimate before I agree to the procedure?","billing_query"
"Can I buy medicines for a whole month at once?","pharmacy_query"
"Hi, is this the right place to ask questions?","greeting"
"My insurer has asked for more documents, what should I submit?","insurance_query"
"My prescription is missing the doctor's stamp","prescription_query"
"Is my audiometry report ready?","lab_reports"
"Can I take my reports with me at discharge?","discharge_query"
"Where can I see my e-prescription?","prescription_query"
"What documents do I need to submit for a reimbursement claim?","insurance_query"
"Does the pharmacy sell ayurvedic products?","pharmacy_query"
"Can I change my appointment day without losing my booking fee?","appointment_rescheduling"
"Who prepares the discharge summary?","discharge_query"
"How many days does it take to get my records?","medical_records"
"I need records of my past surgeries for a new doctor","medical_records"
"When will my grandmother be released from the hospital?","discharge_query"
"Is there a fee for a duplicate lab report?","lab_reports"
"How long does final insurance settlement take at discharge?","insurance_query"
"Do you have a canteen, and what kind of food does it serve?","facility_information"
"Which department should I go to for skin problems?","department_information"
"Can I get discharged early?","discharge_query"
"Can I get the insurance estimate for my procedure?","insurance_query"
"Are my liver function test results available?","lab_reports"
"Can I pick up my results after 6 pm?","lab_reports"
"Will insurance pay for my room charges?","insurance_query"
"You've been a lifesaver, thank you","thank_you"
"Who handles the pre-authorization request?","insurance_query"
"I want my entire treatment history, not just the latest result","medical_records"
"How will I be notified when my results are ready?","lab_reports"
"Do I need to show ID to collect medicines?","pharmacy_query"
"Where is the report collection counter?","lab_reports"
"Thank you doctor","thank_you"
"I'm having side effects, can I get my prescription reviewed?","prescription_query"
"Who should I talk to about my knee pain?","doctor_search"
"Why is my discharge taking so long?","discharge_query"
"No more questions, bye","goodbye"
"Does your hospital have a stroke unit?","department_information"
"Will I get my discharge medicines before I leave?","discharge_query"
"Do you have a child development centre?","department_information"
"Hi team","greeting"
"Is physiotherapy covered by my insurance?","insurance_query"
"What are the working hours on Saturdays?","hospital_timings"
"How do I contact the volunteer services team?","contact_information"
"Bye, I'll book later on my own","goodbye"
"I'd like to speak with someone from customer service","contact_information"
"When can I collect my reports, what are the counter hours?","hospital_timings"
"Who should my father see for his memory problems?","doctor_search"
"I'm taking medicines from two doctors, can someone review my prescriptions?","prescription_query"
"Please send my medical records to my new doctor","medical_records"
"Can I get the contact for the patient relations officer?","contact_information"
"Are there any openings for a new patient?","appointment_booking"
"End the conversation","goodbye"
"Is there a pain clinic?","department_information"
"Is my corporate health cover valid for this treatment?","insurance_query"
"Is Dr. Thomas a cardiologist or a cardiac surgeon?","doctor_search"
"My vision suddenly went dark and my head is pounding","emergency_assistance"
"Can I get a list of all my previous hospital visits?","medical_records"
"My grandmother fell and is bleeding from her head","emergency_assistance"
"Hi, is this medicine in stock?","pharmacy_query"
"Alvida","goodbye"
"I need to cancel all appointments under my name","appointment_cancellation"
"Can I get a GST invoice?","billing_query"
"Is there a doctor for hearing problems?","doctor_search"
"I think I'm dying","emergency_assistance"
"I cancelled my appointment, where is my refund?","billing_query"
"Can I get a list of doctors in the neurology team?","doctor_search"
"Can I get a prescription letter for carrying medicines abroad?","prescription_query"
"Is pre-authorization required for surgery?","insurance_query"
"Bye, see you at my appointment","goodbye"
"When will my father be sent home?","discharge_query"
"Who should I contact about an error in my prescription?","prescription_query"
"How do I get to the radiology department from the main entrance?","department_information"
"Are linen and towels provided?","facility_information"
"Do you have a cold chain for injections I'm buying?","pharmacy_query"
"What are the qualifications of Dr. Iyer?","doctor_search"
"Can the discharge be postponed till tomorrow?","discharge_query"
"Reserve a time with the ENT specialist","appointment_booking"
"Which doctor is best for my child's recurring fever?","doctor_search"
"Can my doctor send a new prescription for my thyroid tablets?","prescription_query"
"How much is the registration fee?","billing_query"
"whats ur email","contact_information"
"Hi!","greeting"
"Goodbye, I'll come to the hospital next week","goodbye"
"Do you have single occupancy rooms?","facility_information"
"Can I see the profile of Dr. Menon?","doctor_search"
"Will I get a refund if I cancel my appointment?","appointment_cancellation"
"Can I book a hearing test?","appointment_booking"
"Catch you soon","goodbye"
"Is day-care admission available for minor procedures?","admission_query"
"We're done here","goodbye"
"I'm unable to attend so I'm cancelling my appointment","appointment_cancellation"
"Do you have paracetamol in stock?","pharmacy_query"
"Do you accept debit cards?","billing_query"
"I need to move my follow-up visit","appointment_rescheduling"
"What's the fee for a follow-up visit?","billing_query"
"There's a mistake in the bill amount","billing_query"
"Is there a hepatology department?","department_information"
"Is there a delivery charge for medicines?","pharmacy_query"
"When does the morning OPD start?","hospital_timings"
"Hai","greeting"
"Not just one test report, I need my complete medical file","medical_records"
"Can you speed up my discharge?","discharge_query"
"Are you open on public holidays?","hospital_timings"
"My doctor is waiting for my lab report","lab_reports"
"Who can I write to about a privacy concern?","contact_information"
"I was told to get admitted for IV antibiotics, how do I proceed?","admission_query"
"What documents should we carry for hospital admission?","admission_query"
"Is the eye clinic open on Saturday afternoons?","hospital_timings"
"Hello, I need some help","greeting"
"Can I request a callback from the hospital?","contact_information"
"Can I pay in cash?","billing_query"
"Delete my booking","appointment_cancellation"
"Does Dr. Singh see children as well?","doctor_search"
"My father passed away, please cancel his appointments","appointment_cancellation"
"Which specialist deals with hormone problems?","doctor_search"
"Is this the hospital chatbot?","greeting"
"I need help immediately, my baby is turning blue","emergency_assistance"
"I want to move my appointment closer to my surgery date","appointment_rescheduling"
"I'm looking for a female gynecologist","doctor_search"
"Something came up, can we push my appointment to the afternoon?","appointment_rescheduling"
"All done, thanks, bye","goodbye"
"I have two insurance policies, can I use both?","insurance_query"
"What information is included in my medical records?","medical_records"
"What is the hospital's phone number?","contact_information"
"Thank you, the directions were very helpful","thank_you"
"I need urgent help","emergency_assistance"
"I have a booking next week which I want cancelled","appointment_cancellation"
"byee","goodbye"
"I found another hospital, so please cancel my appointment here","appointment_cancellation"
"Can I get a token number for today's OPD?","appointment_booking"
"I have the doctor's prescription, where can I buy the tablets?","pharmacy_query"
"Which doctor treats thyroid issues?","doctor_search"
"Is there a payment plan for expensive surgery?","billing_query"
"My father is ready to go home but the paperwork isn't done","discharge_query"
"Can I get my full records sent to another hospital?","medical_records"
"Sup","greeting"
"Do you have a dedicated diabetes centre?","department_information"
"I need the MRI report from last week","lab_reports"
"Close the chat","goodbye"
"I'm finished","goodbye"
"I just need the result of my latest scan","lab_reports"
"Is the pharmacy inside the main building?","pharmacy_query"
"Assalamu alaikum","greeting"
"Cancel the teleconsultation I booked for tonight","appointment_cancellation"
"Can I get admitted under a specific doctor?","admission_query"
"Which oncologist treats breast cancer?","doctor_search"
"Who do I call if I have questions after discharge?","contact_information"
"Can I get a copy of my in-patient case sheet?","medical_records"
"I need my treatment history for a disability certificate","medical_records"
"Thank you for cancelling it for me","thank_you"
"Do I need to give another sample?","lab_reports"
"Can I get an appointment this afternoon?","appointment_booking"
"I think my test results were mixed up with someone else's","lab_reports"
"Is there an ATM inside the hospital?","facility_information"
"Is there a sleep lab?","department_information"
"I received an SMS link for my report but it isn't opening","lab_reports"
"Who is the senior neurosurgeon?","doctor_search"
"Can I cancel an appointment less than 24 hours before?","appointment_cancellation"
"Is insurance verification done at admission?","admission_query"
"Could you shift my check-up to an evening slot?","appointment_rescheduling"
"Is there a de-addiction centre?","department_information"
"How much does a private room cost per night?","billing_query"
"Will my insurance cover cataract surgery?","insurance_query"
"I'm hoping to get an appointment this weekend","appointment_booking"
"I want to hurt myself","emergency_assistance"
"How do I admit someone from the emergency department to a ward?","admission_query"
"We've been waiting since morning for discharge","discharge_query"
"Do you have baby formula at the pharmacy?","pharmacy_query"
"Until what time can visitors stay?","hospital_timings"
"Can my son pick up my medicines?","pharmacy_query"
"Someone is choking and can't breathe","emergency_assistance"
"Does my insurance cover room rent for a private room?","insurance_query"
"Is my prescription ready?","prescription_query"
"Is chemotherapy given at this hospital?","department_information"
"Thank you, you've been a great help","thank_you"
"when is my discharg","discharge_query"
"Is there a fuel station nearby?","facility_information"
"Cancel the scan I scheduled for next week","appointment_cancellation"
"Do the private rooms have Wi-Fi?","facility_information"
"Can I keep the hospital wristband after discharge?","discharge_query"
"I need my old hospital file for my new doctor","medical_records"
"Thank you for helping my mother","thank_you"
"Is there a contact person for corporate tie-ups?","contact_information"
"Heyy","greeting"
"What's the official website of the hospital?","contact_information"
"How much will the prescribed medicines cost at the pharmacy?","pharmacy_query"
"How do I get to the casualty department quickly?","emergency_assistance"
"Is there an endocrinologist who sees thyroid patients?","doctor_search"
"I want to cancel the allergy test booking","appointment_cancellation"
"Who decides which ward I'll be admitted to?","admission_query"
"Are the results of my CT scan ready?","lab_reports"
"What is the helpline number?","contact_information"
"What time do you open tomorrow?","hospital_timings"
"Move my appointment to next Monday","appointment_rescheduling"
"Do you have a business centre or printing facility?","facility_information"
"What's the timing for the morning visiting slot?","hospital_timings"
"How much does a CT scan cost?","billing_query"
"Can you tell me which gynaecologists are working here?","doctor_search"
"I need my records for a legal case","medical_records"
"Can I check if a medicine is available before I come?","pharmacy_query"
"Kindly reschedule my consultation, I'm unwell and can't travel this week","appointment_rescheduling"
"Is there a psychologist or counsellor I can talk to?","doctor_search"
"Where do I collect my test results?","lab_reports"
"Thanks loads","thank_you"
"Can I book appointments for both my kids at the same time?","appointment_booking"
"Thanks for the quick reply","thank_you"
"My grandfather's breathing is very slow and he won't wake up","emergency_assistance"
"Hello, is someone available to help?","greeting"
"Can I get my eye test results printed?","lab_reports"
"How do I make an appointment?","appointment_booking"
"I need a medical history summary for my school admission","medical_records"
"My appointment is on a holiday, can it be rescheduled?","appointment_rescheduling"
"How do I file an insurance claim?","insurance_query"
"What's the best way to contact you?","contact_information"
"I need an appointment, my old one already happened last month","appointment_booking"
"Can you renew the prescription for my mother?","prescription_query"
"Signing out now","goodbye"
"Thank you for your guidance","thank_you"
"Hello, I'm new here","greeting"
"Hello, nice to be here","greeting"
"insurence claim status","insurance_query"
"My baby has stopped crying and is very limp","emergency_assistance"
"I have two hospital numbers, can they be combined?","medical_records"
"Hello, can you assist me?","greeting"
